id,date,ev_exercise_any,ev_exercise_vigorous,ev_walk,ev_mindfulness
621e2e8e67b776a24055b564,2021-05-24,2,0,2,0
621e2e8e67b776a24055b564,2021-05-25,2,0,2,0
621e2e8e67b776a24055b564,2021-05-26,2,0,2,0
621e2e8e67b776a24055b564,2021-05-27,2,0,2,0
621e2e8e67b776a24055b564,2021-05-28,3,0,3,0
621e2e8e67b776a24055b564,2021-05-29,3,0,3,0
621e2e8e67b776a24055b564,2021-05-31,2,0,2,0
621e2e8e67b776a24055b564,2021-06-01,2,0,2,0
621e2e8e67b776a24055b564,2021-06-02,2,0,2,0
621e2e8e67b776a24055b564,2021-06-03,2,0,2,0
621e2e8e67b776a24055b564,2021-06-04,2,0,2,0
621e2e8e67b776a24055b564,2021-06-06,2,0,2,0
621e2e8e67b776a24055b564,2021-06-07,2,0,2,0
621e2e8e67b776a24055b564,2021-06-08,2,0,2,0
621e2e8e67b776a24055b564,2021-06-09,2,0,2,0
621e2e8e67b776a24055b564,2021-06-10,2,0,2,0
621e2e8e67b776a24055b564,2021-06-11,2,0,2,0
621e2e8e67b776a24055b564,2021-06-12,3,0,3,0
621e2e8e67b776a24055b564,2021-06-13,1,0,1,0
621e2e8e67b776a24055b564,2021-06-14,2,0,2,0
621e2e8e67b776a24055b564,2021-06-15,2,0,2,0
621e2e8e67b776a24055b564,2021-06-16,2,0,2,0
621e2e8e67b776a24055b564,2021-06-17,2,0,2,0
621e2e8e67b776a24055b564,2021-06-18,2,0,2,0
621e2e8e67b776a24055b564,2021-06-19,3,0,3,0
621e2e8e67b776a24055b564,2021-06-21,2,0,2,0
621e2e8e67b776a24055b564,2021-06-22,2,0,2,0
621e2e8e67b776a24055b564,2021-06-23,2,0,2,0
621e2e8e67b776a24055b564,2021-06-24,2,0,2,0
621e2e8e67b776a24055b564,2021-06-25,2,0,2,0
621e2e8e67b776a24055b564,2021-06-26,2,0,2,0
621e2e8e67b776a24055b564,2021-06-27,1,0,1,0
621e2e8e67b776a24055b564,2021-06-28,3,0,3,0
621e2e8e67b776a24055b564,2021-06-29,2,0,2,0
621e2e8e67b776a24055b564,2021-06-30,2,0,2,0
621e2e8e67b776a24055b564,2021-07-01,2,0,2,0
621e2e8e67b776a24055b564,2021-07-02,2,0,2,0
621e2e8e67b776a24055b564,2021-07-03,2,0,2,0
621e2e8e67b776a24055b564,2021-07-05,2,0,2,0
621e2e8e67b776a24055b564,2021-07-06,2,0,2,0
621e2e8e67b776a24055b564,2021-07-07,1,0,1,0
621e2e8e67b776a24055b564,2021-07-08,2,0,2,0
621e2e8e67b776a24055b564,2021-07-09,2,0,2,0
621e2e8e67b776a24055b564,2021-07-10,2,0,2,0
621e2e8e67b776a24055b564,2021-07-11,3,0,3,0
621e2e8e67b776a24055b564,2021-07-12,2,0,2,0
621e2e8e67b776a24055b564,2021-07-13,2,0,2,0
621e2e8e67b776a24055b564,2021-07-14,2,0,2,0
621e2e8e67b776a24055b564,2021-07-15,2,0,2,0
621e2e8e67b776a24055b564,2021-07-16,2,0,2,0
621e2e8e67b776a24055b564,2021-07-17,2,0,2,0
621e2e8e67b776a24055b564,2021-07-18,1,0,1,0
621e2e8e67b776a24055b564,2021-07-19,2,0,2,0
621e2e8e67b776a24055b564,2021-07-20,2,0,2,0
621e2e8e67b776a24055b564,2021-07-21,2,0,2,0
621e2e8e67b776a24055b564,2021-07-22,2,0,2,0
621e2e8e67b776a24055b564,2021-07-23,2,0,2,0
621e2e8e67b776a24055b564,2021-07-24,2,0,2,0
621e2e8e67b776a24055b564,2021-07-26,2,0,2,0
621e2e8e67b776a24055b564,2021-07-28,2,0,2,0
621e2e8e67b776a24055b564,2021-07-29,3,0,3,0
621e2e8e67b776a24055b564,2021-07-30,2,0,2,0
621e2e8e67b776a24055b564,2021-07-31,2,0,2,0
621e2e8e67b776a24055b564,2021-08-01,1,0,1,0
621e2eaf67b776a2406b14ac,2021-10-28,1,0,1,0
621e2eaf67b776a2406b14ac,2021-10-29,3,0,3,0
621e2eaf67b776a2406b14ac,2021-10-30,2,0,2,0
621e2eaf67b776a2406b14ac,2021-11-01,2,0,2,0
621e2eaf67b776a2406b14ac,2021-11-02,3,0,3,0
621e2eaf67b776a2406b14ac,2021-11-03,2,2,0,0
621e2eaf67b776a2406b14ac,2021-11-04,2,1,1,0
621e2eaf67b776a2406b14ac,2021-11-05,2,0,2,0
621e2eaf67b776a2406b14ac,2021-11-06,3,0,2,0
621e2eaf67b776a2406b14ac,2021-11-07,2,0,2,0
621e2eaf67b776a2406b14ac,2021-11-08,2,1,1,0
621e2eaf67b776a2406b14ac,2021-11-09,2,0,2,0
621e2eaf67b776a2406b14ac,2021-11-10,2,0,2,0
621e2eaf67b776a2406b14ac,2021-11-11,2,0,2,0
621e2eaf67b776a2406b14ac,2021-11-12,3,0,3,0
621e2eaf67b776a2406b14ac,2021-11-13,3,1,2,0
621e2eaf67b776a2406b14ac,2021-11-14,3,0,3,0
621e2eaf67b776a2406b14ac,2021-11-15,4,0,4,0
621e2eaf67b776a2406b14ac,2021-11-16,2,2,1,0
621e2eaf67b776a2406b14ac,2021-11-17,2,0,2,0
621e2eaf67b776a2406b14ac,2021-11-18,4,1,3,0
621e2eaf67b776a2406b14ac,2021-11-19,3,3,0,0
621e2eaf67b776a2406b14ac,2021-11-20,6,1,5,0
621e2eaf67b776a2406b14ac,2021-11-21,3,0,3,0
621e2eaf67b776a2406b14ac,2021-11-22,2,1,1,0
621e2eaf67b776a2406b14ac,2021-11-23,1,0,1,0
621e2eaf67b776a2406b14ac,2021-11-24,1,1,0,0
621e2eaf67b776a2406b14ac,2021-11-25,2,2,1,0
621e2eaf67b776a2406b14ac,2021-11-26,3,0,3,0
621e2eaf67b776a2406b14ac,2021-11-27,4,3,1,0
621e2eaf67b776a2406b14ac,2021-11-28,2,0,2,0
621e2eaf67b776a2406b14ac,2021-11-29,1,0,1,0
621e2eaf67b776a2406b14ac,2021-12-04,3,1,2,0
621e2eaf67b776a2406b14ac,2021-12-05,2,0,2,0
621e2eaf67b776a2406b14ac,2021-12-06,1,0,1,0
621e2eaf67b776a2406b14ac,2021-12-07,1,0,1,0
621e2eaf67b776a2406b14ac,2021-12-08,1,0,1,0
621e2eaf67b776a2406b14ac,2021-12-09,1,0,1,0
621e2eaf67b776a2406b14ac,2021-12-10,2,1,1,0
621e2eaf67b776a2406b14ac,2021-12-11,1,1,0,0
621e2eaf67b776a2406b14ac,2021-12-12,1,0,1,0
621e2eaf67b776a2406b14ac,2021-12-13,1,0,1,0
621e2eaf67b776a2406b14ac,2021-12-14,2,0,2,0
621e2eaf67b776a2406b14ac,2021-12-15,1,0,1,0
621e2eaf67b776a2406b14ac,2021-12-16,1,1,0,0
621e2eaf67b776a2406b14ac,2021-12-17,2,0,2,0
621e2eaf67b776a2406b14ac,2021-12-18,2,0,2,0
621e2eaf67b776a2406b14ac,2021-12-19,1,0,1,0
621e2eaf67b776a2406b14ac,2021-12-20,1,0,1,0
621e2eaf67b776a2406b14ac,2021-12-21,1,0,1,0
621e2eaf67b776a2406b14ac,2021-12-22,1,0,1,0
621e2eaf67b776a2406b14ac,2021-12-23,1,0,1,0
621e2eaf67b776a2406b14ac,2021-12-25,3,3,0,0
621e2eaf67b776a2406b14ac,2021-12-26,3,0,3,0
621e2eaf67b776a2406b14ac,2021-12-27,5,3,2,0
621e2eaf67b776a2406b14ac,2021-12-28,2,0,2,0
621e2eaf67b776a2406b14ac,2021-12-29,2,0,2,0
621e2eaf67b776a2406b14ac,2021-12-30,4,2,3,0
621e2eaf67b776a2406b14ac,2022-01-01,4,3,1,0
621e2eaf67b776a2406b14ac,2022-01-02,2,2,1,0
621e2eaf67b776a2406b14ac,2022-01-03,1,0,1,0
621e2eaf67b776a2406b14ac,2022-01-04,3,1,2,0
621e2eaf67b776a2406b14ac,2022-01-05,2,1,1,0
621e2eaf67b776a2406b14ac,2022-01-06,4,0,4,0
621e2eaf67b776a2406b14ac,2022-01-07,1,0,1,0
621e2eaf67b776a2406b14ac,2022-01-08,4,2,2,0
621e2eaf67b776a2406b14ac,2022-01-09,2,0,2,0
621e2eaf67b776a2406b14ac,2022-01-10,1,0,1,0
621e2eaf67b776a2406b14ac,2022-01-11,3,1,2,0
621e2eaf67b776a2406b14ac,2022-01-12,2,1,2,0
621e2eaf67b776a2406b14ac,2022-01-13,3,1,2,0
621e2eaf67b776a2406b14ac,2022-01-14,2,1,1,0
621e2eaf67b776a2406b14ac,2022-01-15,1,0,1,0
621e2eaf67b776a2406b14ac,2022-01-16,3,0,3,0
621e2eaf67b776a2406b14ac,2022-01-17,1,1,0,0
621e2eaf67b776a2406b14ac,2022-01-18,2,1,2,0
621e2eaf67b776a2406b14ac,2022-01-19,1,0,1,0
621e2eaf67b776a2406b14ac,2022-01-20,6,4,3,0
621e2eaf67b776a2406b14ac,2022-01-21,2,0,2,0
621e2ed667b776a24085d8d1,2021-05-28,2,0,2,0
621e2ed667b776a24085d8d1,2021-06-04,2,0,2,0
621e2ed667b776a24085d8d1,2021-06-05,1,0,1,0
621e2ed667b776a24085d8d1,2021-06-13,2,0,2,0
621e2ed667b776a24085d8d1,2021-06-16,1,0,1,0
621e2ed667b776a24085d8d1,2021-06-19,1,0,1,0
621e2ed667b776a24085d8d1,2021-06-20,1,0,1,0
621e2ed667b776a24085d8d1,2021-06-21,2,0,2,0
621e2ed667b776a24085d8d1,2021-06-25,1,0,1,0
621e2ed667b776a24085d8d1,2021-06-26,2,0,2,0
621e2ed667b776a24085d8d1,2021-06-27,2,0,2,0
621e2ed667b776a24085d8d1,2021-07-03,1,0,1,0
621e2ed667b776a24085d8d1,2021-07-07,1,1,0,0
621e2ed667b776a24085d8d1,2021-07-16,2,0,2,0
621e2ed667b776a24085d8d1,2021-07-21,1,0,1,0
621e2ed667b776a24085d8d1,2021-07-23,2,0,2,0
621e2ed667b776a24085d8d1,2021-07-31,2,0,2,0
621e2ed667b776a24085d8d1,2021-08-08,1,0,1,0
621e2ed667b776a24085d8d1,2021-08-11,1,0,1,0
621e2ef567b776a24099f889,2021-10-19,2,1,1,0
621e2ef567b776a24099f889,2021-10-22,2,1,1,0
621e2ef567b776a24099f889,2021-10-24,1,1,0,0
621e2ef567b776a24099f889,2021-12-11,1,1,0,0
621e2efa67b776a2409dd1c3,2021-05-24,2,2,0,0
621e2efa67b776a2409dd1c3,2021-05-25,1,1,0,0
621e2efa67b776a2409dd1c3,2021-05-29,3,0,3,0
621e2efa67b776a2409dd1c3,2021-06-01,1,0,1,0
621e2efa67b776a2409dd1c3,2021-06-03,1,0,1,0
621e2efa67b776a2409dd1c3,2021-06-11,1,1,0,0
621e2efa67b776a2409dd1c3,2021-06-12,2,0,2,0
621e2efa67b776a2409dd1c3,2021-06-15,3,0,3,0
621e2efa67b776a2409dd1c3,2021-06-18,1,1,0,0
621e2efa67b776a2409dd1c3,2021-06-20,2,0,2,0
621e2efa67b776a2409dd1c3,2021-06-26,1,1,0,0
621e2efa67b776a2409dd1c3,2021-08-20,1,1,0,0
621e2efa67b776a2409dd1c3,2021-08-21,2,1,1,0
621e2efa67b776a2409dd1c3,2021-08-23,1,1,0,0
621e2efa67b776a2409dd1c3,2021-08-24,1,1,0,0
621e2efa67b776a2409dd1c3,2021-08-25,1,1,0,0
621e2efa67b776a2409dd1c3,2021-08-27,1,0,1,0
621e2efa67b776a2409dd1c3,2021-08-29,1,1,0,0
621e2efa67b776a2409dd1c3,2021-08-30,1,1,0,0
621e2efa67b776a2409dd1c3,2021-09-01,2,2,0,0
621e2efa67b776a2409dd1c3,2021-09-03,1,1,0,0
621e2efa67b776a2409dd1c3,2021-09-05,1,0,1,0
621e2efa67b776a2409dd1c3,2021-09-06,1,1,0,0
621e2efa67b776a2409dd1c3,2021-09-08,1,1,0,0
621e2efa67b776a2409dd1c3,2021-09-10,1,1,0,0
621e2efa67b776a2409dd1c3,2021-09-11,2,0,2,0
621e2efa67b776a2409dd1c3,2021-09-13,1,1,0,0
621e2efa67b776a2409dd1c3,2021-09-15,1,1,0,0
621e2efa67b776a2409dd1c3,2021-09-17,2,1,1,0
621e2efa67b776a2409dd1c3,2021-09-18,1,0,1,0
621e2efa67b776a2409dd1c3,2021-09-20,1,1,0,0
621e2efa67b776a2409dd1c3,2021-09-22,2,1,1,0
621e2efa67b776a2409dd1c3,2021-09-23,1,1,0,0
621e2efa67b776a2409dd1c3,2021-09-24,1,1,0,0
621e2efa67b776a2409dd1c3,2021-09-27,1,1,0,0
621e2efa67b776a2409dd1c3,2021-09-29,2,1,1,0
621e2f1b67b776a240b3d87c,2021-06-04,2,2,0,0
621e2f1b67b776a240b3d87c,2021-06-07,2,1,1,0
621e2f1b67b776a240b3d87c,2021-06-09,1,1,0,0
621e2f1b67b776a240b3d87c,2021-06-14,1,1,0,0
621e2f1b67b776a240b3d87c,2021-06-16,1,1,0,0
621e2f1b67b776a240b3d87c,2021-06-25,1,1,0,0
621e2f1b67b776a240b3d87c,2021-06-28,2,2,0,0
621e2f1b67b776a240b3d87c,2021-06-29,2,2,0,0
621e2f1b67b776a240b3d87c,2021-06-30,1,1,0,0
621e2f1b67b776a240b3d87c,2021-07-01,2,2,0,0
621e2f1b67b776a240b3d87c,2021-07-05,2,2,0,0
621e2f1b67b776a240b3d87c,2021-11-06,0,0,0,1
621e2f1b67b776a240b3d87c,2021-11-07,0,0,0,1
621e2f1b67b776a240b3d87c,2021-11-08,1,1,0,0
621e2f1b67b776a240b3d87c,2021-11-14,2,0,2,0
621e2f1b67b776a240b3d87c,2021-11-20,1,0,1,0
621e2f1b67b776a240b3d87c,2021-11-22,1,1,0,0
621e2f1b67b776a240b3d87c,2021-11-24,1,0,0,0
621e2f1b67b776a240b3d87c,2021-12-01,1,0,0,0
621e2f1b67b776a240b3d87c,2021-12-02,0,0,0,1
621e2f1b67b776a240b3d87c,2021-12-11,0,0,0,1
621e2f1b67b776a240b3d87c,2021-12-15,0,0,0,1
621e2f1b67b776a240b3d87c,2021-12-16,0,0,0,2
621e2f1b67b776a240b3d87c,2022-01-01,0,0,0,1
621e2f1b67b776a240b3d87c,2022-01-05,0,0,0,1
621e2f3967b776a240c654db,2021-05-24,1,1,0,0
621e2f3967b776a240c654db,2021-05-25,1,0,1,0
621e2f3967b776a240c654db,2021-05-27,1,0,1,0
621e2f3967b776a240c654db,2021-05-28,1,0,1,0
621e2f3967b776a240c654db,2021-05-29,5,1,4,0
621e2f3967b776a240c654db,2021-06-05,3,1,2,0
621e2f3967b776a240c654db,2021-06-10,1,1,0,0
621e2f3967b776a240c654db,2021-06-11,2,0,2,0
621e2f3967b776a240c654db,2021-06-12,1,0,1,0
621e2f3967b776a240c654db,2021-06-14,2,1,2,0
621e2f3967b776a240c654db,2021-06-15,1,0,1,0
621e2f3967b776a240c654db,2021-06-19,3,1,2,0
621e2f3967b776a240c654db,2021-06-21,1,0,1,0
621e2f3967b776a240c654db,2021-06-24,1,0,1,0
621e2f3967b776a240c654db,2021-06-26,2,0,2,0
621e2f3967b776a240c654db,2021-07-05,2,0,2,0
621e2f3967b776a240c654db,2021-07-10,1,0,1,0
621e2f3967b776a240c654db,2021-07-12,3,0,3,0
621e2f3967b776a240c654db,2021-07-13,2,0,2,0
621e2f3967b776a240c654db,2021-07-16,2,0,2,0
621e2f3967b776a240c654db,2021-07-24,2,0,2,0
621e2f3967b776a240c654db,2021-07-26,1,0,1,0
621e2f3967b776a240c654db,2021-07-29,1,0,1,0
621e2f3967b776a240c654db,2021-07-31,2,0,2,0
621e2f5767b776a240d8f9d6,2021-11-14,2,0,2,0
621e2f5767b776a240d8f9d6,2021-11-15,3,1,2,0
621e2f5767b776a240d8f9d6,2021-11-16,2,0,2,0
621e2f5767b776a240d8f9d6,2021-11-17,5,0,5,0
621e2f5767b776a240d8f9d6,2021-11-18,1,1,0,0
621e2f5767b776a240d8f9d6,2021-11-19,1,0,1,0
621e2f5767b776a240d8f9d6,2021-11-21,3,0,3,0
621e2f5767b776a240d8f9d6,2021-11-23,1,0,1,0
621e2f5767b776a240d8f9d6,2021-11-24,1,0,1,0
621e2f5767b776a240d8f9d6,2021-11-25,2,0,2,0
621e2f5767b776a240d8f9d6,2021-11-26,2,0,2,0
621e2f5767b776a240d8f9d6,2021-11-27,3,0,3,0
621e2f5767b776a240d8f9d6,2021-11-28,3,0,3,0
621e2f5767b776a240d8f9d6,2021-11-29,2,0,2,0
621e2f5767b776a240d8f9d6,2021-11-30,3,0,3,0
621e2f5767b776a240d8f9d6,2021-12-02,2,0,2,0
621e2f5767b776a240d8f9d6,2021-12-03,2,0,2,0
621e2f5767b776a240d8f9d6,2021-12-05,1,0,1,0
621e2f5767b776a240d8f9d6,2021-12-06,1,0,1,0
621e2f5767b776a240d8f9d6,2021-12-07,2,0,2,0
621e2f6167b776a240e082a9,2021-05-24,1,1,0,0
621e2f6167b776a240e082a9,2021-05-26,3,1,2,0
621e2f6167b776a240e082a9,2021-05-27,2,0,2,0
621e2f6167b776a240e082a9,2021-05-28,1,1,0,0
621e2f6167b776a240e082a9,2021-05-29,4,1,3,0
621e2f6167b776a240e082a9,2021-05-30,1,0,1,0
621e2f6167b776a240e082a9,2021-05-31,4,0,4,0
621e2f6167b776a240e082a9,2021-06-01,2,0,2,0
621e2f6167b776a240e082a9,2021-06-02,3,1,2,0
621e2f6167b776a240e082a9,2021-06-05,1,0,1,0
621e2f6167b776a240e082a9,2021-06-07,2,1,1,0
621e2f6167b776a240e082a9,2021-06-09,1,1,0,0
621e2f6167b776a240e082a9,2021-06-10,1,0,1,0
621e2f6167b776a240e082a9,2021-06-11,1,1,0,0
621e2f6167b776a240e082a9,2021-06-12,1,1,0,0
621e2f6167b776a240e082a9,2021-06-14,1,1,0,0
621e2f6167b776a240e082a9,2021-06-16,2,1,1,0
621e2f6167b776a240e082a9,2021-06-18,1,1,0,0
621e2f6167b776a240e082a9,2021-06-23,2,0,1,0
621e2f6167b776a240e082a9,2021-06-25,1,1,0,0
621e2f6167b776a240e082a9,2021-06-30,2,1,1,0
621e2f6167b776a240e082a9,2021-07-02,1,1,0,0
621e2f6167b776a240e082a9,2021-07-09,1,0,0,0
621e2f6167b776a240e082a9,2021-07-12,2,0,2,0
621e2f6167b776a240e082a9,2021-07-14,1,0,1,0
621e2f6167b776a240e082a9,2021-07-16,1,0,1,0
621e2f6167b776a240e082a9,2021-07-20,1,0,1,0
621e2f6167b776a240e082a9,2021-07-21,1,1,0,0
621e2f6167b776a240e082a9,2021-07-27,1,0,1,0
621e2f7a67b776a240f14425,2021-05-24,2,1,0,0
621e2f7a67b776a240f14425,2021-05-25,1,0,1,0
621e2f7a67b776a240f14425,2021-05-26,1,1,0,0
621e2f7a67b776a240f14425,2021-05-27,1,1,0,0
621e2f7a67b776a240f14425,2021-05-29,1,1,0,0
621e2f7a67b776a240f14425,2021-05-30,5,3,2,0
621e2f7a67b776a240f14425,2021-05-31,2,2,0,0
621e2f7a67b776a240f14425,2021-06-01,1,1,0,0
621e2f7a67b776a240f14425,2021-06-02,3,2,1,0
621e2f7a67b776a240f14425,2021-06-03,1,1,0,0
621e2f7a67b776a240f14425,2021-06-04,3,1,2,0
621e2f7a67b776a240f14425,2021-06-05,3,2,1,0
621e2f7a67b776a240f14425,2021-06-06,3,3,0,0
621e2f7a67b776a240f14425,2021-06-08,1,1,0,0
621e2f7a67b776a240f14425,2021-06-09,1,1,0,0
621e2f7a67b776a240f14425,2021-06-12,2,2,0,0
621e2f7a67b776a240f14425,2021-06-13,2,2,0,0
621e2f7a67b776a240f14425,2021-06-15,3,2,1,0
621e2f7a67b776a240f14425,2021-06-16,1,1,0,0
621e2f7a67b776a240f14425,2021-06-17,1,1,0,0
621e2f7a67b776a240f14425,2021-06-18,3,3,0,0
621e2f7a67b776a240f14425,2021-06-19,2,2,0,0
621e2f7a67b776a240f14425,2021-06-20,3,3,0,0
621e2f7a67b776a240f14425,2021-06-21,2,2,0,0
621e2f7a67b776a240f14425,2021-06-23,1,1,0,0
621e2f7a67b776a240f14425,2021-06-26,2,2,0,0
621e2f7a67b776a240f14425,2021-06-27,2,2,1,0
621e2f7a67b776a240f14425,2021-06-28,2,2,0,0
621e2f7a67b776a240f14425,2021-06-29,1,0,1,0
621e2f7a67b776a240f14425,2021-07-01,2,0,2,0
621e2f7a67b776a240f14425,2021-07-02,2,0,2,0
621e2f7a67b776a240f14425,2021-07-03,4,0,4,0
621e2f7a67b776a240f14425,2021-07-04,4,2,2,0
621e2f7a67b776a240f14425,2021-07-06,1,1,0,0
621e2f7a67b776a240f14425,2021-07-08,2,0,2,0
621e2f7a67b776a240f14425,2021-07-09,2,2,0,0
621e2f7a67b776a240f14425,2021-07-11,1,1,0,0
621e2f7a67b776a240f14425,2021-07-12,2,2,0,0
621e2f7a67b776a240f14425,2021-07-13,2,2,0,0
621e2f7a67b776a240f14425,2021-07-17,3,3,0,0
621e2f7a67b776a240f14425,2021-07-18,2,2,0,0
621e2f7a67b776a240f14425,2021-07-19,1,1,0,0
621e2f7a67b776a240f14425,2021-07-21,1,0,1,0
621e2f7a67b776a240f14425,2021-07-24,1,0,1,0
621e2f7a67b776a240f14425,2021-07-25,4,4,0,0
621e2f7a67b776a240f14425,2021-07-26,3,3,0,0
621e2f7a67b776a240f14425,2021-07-27,1,1,0,0
621e2f9167b776a240011ccb,2021-10-23,0,0,0,1
621e2f9167b776a240011ccb,2021-10-25,0,0,0,3
621e2f9167b776a240011ccb,2021-10-26,0,0,0,1
621e2f9167b776a240011ccb,2021-10-27,0,0,0,1
621e2f9167b776a240011ccb,2021-10-28,0,0,0,2
621e2f9167b776a240011ccb,2021-10-29,0,0,0,5
621e2f9167b776a240011ccb,2021-10-30,0,0,0,1
621e2f9167b776a240011ccb,2021-10-31,2,0,2,1
621e2f9167b776a240011ccb,2021-11-02,0,0,0,1
621e2f9167b776a240011ccb,2021-11-04,0,0,0,1
621e2f9167b776a240011ccb,2021-11-05,1,0,1,0
621e2f9167b776a240011ccb,2021-11-07,2,0,2,1
621e2f9167b776a240011ccb,2021-11-12,2,0,2,0
621e2f9167b776a240011ccb,2021-11-13,1,0,1,0
621e2f9167b776a240011ccb,2021-11-21,1,1,0,1
621e2f9167b776a240011ccb,2021-11-22,0,0,0,1
621e2f9167b776a240011ccb,2021-11-23,0,0,0,2
621e2f9167b776a240011ccb,2021-11-25,0,0,0,1
621e2f9167b776a240011ccb,2021-11-27,0,0,0,1
621e2f9167b776a240011ccb,2021-12-04,0,0,0,1
621e2f9167b776a240011ccb,2021-12-17,0,0,0,1
621e2f9167b776a240011ccb,2021-12-19,0,0,0,1
621e2f9167b776a240011ccb,2021-12-22,0,0,0,1
621e2f9167b776a240011ccb,2021-12-23,0,0,0,1
621e2f9167b776a240011ccb,2021-12-24,0,0,0,1
621e2f9167b776a240011ccb,2021-12-28,1,0,1,0
621e2f9167b776a240011ccb,2021-12-31,2,0,2,0
621e2f9167b776a240011ccb,2022-01-03,1,0,1,0
621e2f9167b776a240011ccb,2022-01-04,1,0,1,1
621e2f9167b776a240011ccb,2022-01-06,1,0,1,0
621e2f9167b776a240011ccb,2022-01-08,0,0,0,1
621e2f9167b776a240011ccb,2022-01-09,0,0,0,1
621e2f9167b776a240011ccb,2022-01-10,0,0,0,1
621e2f9167b776a240011ccb,2022-01-11,0,0,0,1
621e2f9167b776a240011ccb,2022-01-13,0,0,0,1
621e2f9167b776a240011ccb,2022-01-14,0,0,0,1
621e2f9167b776a240011ccb,2022-01-15,1,0,1,1
621e2f9167b776a240011ccb,2022-01-18,0,0,0,1
621e2fb367b776a24015accd,2021-05-25,1,0,1,0
621e2fb367b776a24015accd,2021-05-28,2,2,0,0
621e2fb367b776a24015accd,2021-05-29,2,2,0,0
621e2fb367b776a24015accd,2021-05-30,1,0,1,1
621e2fb367b776a24015accd,2021-05-31,2,1,1,0
621e2fb367b776a24015accd,2021-06-01,1,1,0,0
621e2fb367b776a24015accd,2021-06-02,2,0,2,0
621e2fb367b776a24015accd,2021-06-03,1,1,0,0
621e2fb367b776a24015accd,2021-06-04,2,1,1,0
621e2fb367b776a24015accd,2021-06-05,2,0,2,0
621e2fb367b776a24015accd,2021-06-06,2,2,0,0
621e2fb367b776a24015accd,2021-06-07,3,1,2,0
621e2fb367b776a24015accd,2021-06-08,1,1,0,0
621e2fb367b776a24015accd,2021-06-10,1,1,0,0
621e2fb367b776a24015accd,2021-06-12,1,0,1,0
621e2fb367b776a24015accd,2021-06-13,2,0,2,0
621e2fb367b776a24015accd,2021-06-14,4,4,1,0
621e2fb367b776a24015accd,2021-06-15,1,1,0,0
621e2fb367b776a24015accd,2021-06-16,1,1,0,0
621e2fb367b776a24015accd,2021-06-17,2,1,1,0
621e2fb367b776a24015accd,2021-06-18,4,4,0,0
621e2fb367b776a24015accd,2021-06-19,1,1,0,0
621e2fb367b776a24015accd,2021-06-22,4,3,1,0
621e2fb367b776a24015accd,2021-06-25,1,0,1,0
621e2fb367b776a24015accd,2021-06-26,1,0,1,0
621e2fb367b776a24015accd,2021-06-29,2,0,2,0
621e2fb367b776a24015accd,2021-06-30,1,1,0,0
621e2fb367b776a24015accd,2021-07-01,1,1,0,0
621e2fb367b776a24015accd,2021-07-02,1,1,0,0
621e2fb367b776a24015accd,2021-07-04,1,0,1,0
621e2fb367b776a24015accd,2021-07-05,2,1,1,0
621e2fb367b776a24015accd,2021-07-06,2,2,0,0
621e2fb367b776a24015accd,2021-07-07,2,1,1,0
621e2fb367b776a24015accd,2021-07-10,1,0,1,0
621e2fb367b776a24015accd,2021-07-12,1,1,0,0
621e2fb367b776a24015accd,2021-07-14,2,2,0,0
621e2fb367b776a24015accd,2021-07-15,1,1,0,0
621e2fb367b776a24015accd,2021-07-18,2,0,2,0
621e2fb367b776a24015accd,2021-07-21,2,2,0,0
621e2fb367b776a24015accd,2021-07-22,3,2,1,0
621e2fb367b776a24015accd,2021-07-25,1,0,1,0
621e2fce67b776a240279baa,2021-05-25,1,0,1,0
621e2fce67b776a240279baa,2021-05-28,2,0,2,0
621e2fce67b776a240279baa,2021-05-29,3,0,3,0
621e2fce67b776a240279baa,2021-05-31,2,1,1,0
621e2fce67b776a240279baa,2021-06-01,2,1,1,0
621e2fce67b776a240279baa,2021-06-02,1,1,0,0
621e2fce67b776a240279baa,2021-06-03,2,0,2,0
621e2fce67b776a240279baa,2021-06-05,2,0,2,0
621e2fce67b776a240279baa,2021-06-06,2,2,0,0
621e2fce67b776a240279baa,2021-06-08,2,0,2,0
621e2fce67b776a240279baa,2021-06-10,1,0,1,0
621e2fce67b776a240279baa,2021-06-11,2,0,2,0
621e2fce67b776a240279baa,2021-06-16,3,0,3,0
621e2fce67b776a240279baa,2021-06-17,2,1,1,0
621e2fce67b776a240279baa,2021-06-18,1,0,1,0
621e2fce67b776a240279baa,2021-06-19,3,0,3,0
621e2fce67b776a240279baa,2021-06-22,2,0,2,0
621e2fce67b776a240279baa,2021-06-23,1,0,1,0
621e2fce67b776a240279baa,2021-06-26,2,0,2,0
621e2fce67b776a240279baa,2021-06-27,2,0,2,0
621e2fce67b776a240279baa,2021-06-28,1,0,1,0
621e2fce67b776a240279baa,2021-07-02,1,0,1,0
621e2fce67b776a240279baa,2021-07-03,3,0,3,0
621e2fce67b776a240279baa,2021-07-04,1,0,1,0
621e2fce67b776a240279baa,2021-07-10,2,0,2,0
621e2fce67b776a240279baa,2021-07-11,1,0,1,0
621e2fce67b776a240279baa,2021-07-13,2,0,2,0
621e2fce67b776a240279baa,2021-07-17,2,0,2,0
621e2fce67b776a240279baa,2021-07-20,1,0,1,0
621e2fce67b776a240279baa,2021-07-22,3,0,3,0
621e2ff067b776a2403eb737,2021-11-18,1,0,1,0
621e2ff067b776a2403eb737,2021-11-26,1,1,1,0
621e2ff067b776a2403eb737,2021-11-28,1,0,1,0
621e2ff067b776a2403eb737,2021-12-06,1,0,1,0
621e2ff067b776a2403eb737,2021-12-11,1,0,1,0
621e2ff067b776a2403eb737,2021-12-16,1,0,1,0
621e2ff067b776a2403eb737,2021-12-23,1,0,1,0
621e300767b776a2404dc717,2021-11-12,2,2,0,0
621e300767b776a2404dc717,2021-11-15,1,1,0,0
621e300767b776a2404dc717,2021-11-21,2,0,2,0
621e300767b776a2404dc717,2021-11-22,2,0,2,0
621e300767b776a2404dc717,2021-11-23,3,0,3,0
621e300767b776a2404dc717,2021-11-25,1,1,0,0
621e300767b776a2404dc717,2021-11-26,1,1,0,0
621e300767b776a2404dc717,2022-01-15,1,0,1,0
621e300767b776a2404dc717,2022-01-18,1,0,1,0
621e301367b776a24057738e,2021-05-24,1,1,0,0
621e301367b776a24057738e,2021-05-25,1,0,1,0
621e301367b776a24057738e,2021-05-26,1,0,1,0
621e301367b776a24057738e,2021-05-27,1,1,0,0
621e301367b776a24057738e,2021-05-28,1,0,1,0
621e301367b776a24057738e,2021-05-29,2,0,2,0
621e301367b776a24057738e,2021-05-30,1,0,1,0
621e301367b776a24057738e,2021-05-31,1,1,0,0
621e301367b776a24057738e,2021-06-02,1,0,1,0
621e301367b776a24057738e,2021-06-03,1,1,0,0
621e301367b776a24057738e,2021-06-04,1,1,0,0
621e301367b776a24057738e,2021-06-05,1,0,1,0
621e301367b776a24057738e,2021-06-08,1,0,1,0
621e301367b776a24057738e,2021-06-09,1,1,0,0
621e301367b776a24057738e,2021-06-10,1,1,0,1
621e301367b776a24057738e,2021-06-11,1,0,1,0
621e301367b776a24057738e,2021-06-14,1,1,0,0
621e301367b776a24057738e,2021-06-17,1,1,0,0
621e301367b776a24057738e,2021-06-24,1,1,0,0
621e301367b776a24057738e,2021-06-27,1,1,0,0
621e301367b776a24057738e,2021-06-28,1,1,0,0
621e301367b776a24057738e,2021-07-12,1,1,0,0
621e301367b776a24057738e,2021-07-15,1,1,0,0
621e301367b776a24057738e,2021-07-16,1,1,0,0
621e301367b776a24057738e,2021-07-17,1,1,0,0
621e301367b776a24057738e,2021-07-25,1,1,0,0
621e301e67b776a240608a72,2021-05-26,4,4,0,0
621e301e67b776a240608a72,2021-05-27,3,2,2,0
621e301e67b776a240608a72,2021-05-31,3,3,0,0
621e301e67b776a240608a72,2021-06-01,2,2,0,0
621e301e67b776a240608a72,2021-06-02,4,2,2,0
621e301e67b776a240608a72,2021-06-04,2,2,0,0
621e301e67b776a240608a72,2021-06-09,3,0,3,0
621e301e67b776a240608a72,2021-06-10,1,0,1,0
621e301e67b776a240608a72,2021-06-13,2,2,0,0
621e301e67b776a240608a72,2021-06-14,2,2,0,0
621e301e67b776a240608a72,2021-06-16,3,2,2,0
621e301e67b776a240608a72,2021-06-22,2,2,0,0
621e301e67b776a240608a72,2021-06-23,2,2,0,0
621e301e67b776a240608a72,2021-06-25,2,2,0,0
621e301e67b776a240608a72,2021-06-26,2,2,0,0
621e301e67b776a240608a72,2021-06-28,2,2,0,0
621e301e67b776a240608a72,2021-06-30,2,2,0,0
621e301e67b776a240608a72,2021-07-03,3,0,3,0
621e301e67b776a240608a72,2021-07-04,1,0,1,0
621e301e67b776a240608a72,2021-07-07,2,0,2,0
621e301e67b776a240608a72,2021-07-12,3,2,0,0
621e301e67b776a240608a72,2021-07-16,2,0,0,0
621e301e67b776a240608a72,2021-07-19,2,0,0,0
621e301e67b776a240608a72,2021-07-20,2,0,2,0
621e301e67b776a240608a72,2021-07-21,2,0,2,0
621e301e67b776a240608a72,2021-07-22,2,0,0,0
621e301e67b776a240608a72,2021-07-27,5,2,3,0
621e301e67b776a240608a72,2021-07-28,2,0,0,0
621e301e67b776a240608a72,2021-08-27,2,0,0,0
621e301e67b776a240608a72,2021-08-30,1,0,0,0
621e301e67b776a240608a72,2021-11-16,1,0,1,0
621e301e67b776a240608a72,2021-11-17,1,0,1,0
621e301e67b776a240608a72,2021-11-18,1,1,0,0
621e301e67b776a240608a72,2021-11-21,2,0,2,0
621e301e67b776a240608a72,2021-11-23,1,1,0,0
621e301e67b776a240608a72,2021-11-27,1,0,1,0
621e301e67b776a240608a72,2021-11-30,1,0,1,0
621e301e67b776a240608a72,2021-12-03,2,0,2,0
621e301e67b776a240608a72,2021-12-04,4,0,4,0
621e301e67b776a240608a72,2021-12-05,2,0,2,0
621e301e67b776a240608a72,2021-12-06,1,0,1,0
621e301e67b776a240608a72,2021-12-08,1,0,1,0
621e301e67b776a240608a72,2021-12-22,1,0,1,0
621e301e67b776a240608a72,2021-12-23,6,0,6,0
621e301e67b776a240608a72,2021-12-24,4,0,4,0
621e301e67b776a240608a72,2021-12-26,3,0,3,0
621e309267b776a240ae1cdb,2021-11-09,1,1,0,1
621e309267b776a240ae1cdb,2021-11-10,1,1,0,0
621e309267b776a240ae1cdb,2021-11-12,1,1,0,0
621e309267b776a240ae1cdb,2021-11-13,4,4,0,0
621e309267b776a240ae1cdb,2021-11-14,2,2,0,0
621e309267b776a240ae1cdb,2021-11-15,1,1,0,0
621e309267b776a240ae1cdb,2021-11-17,1,1,0,0
621e309267b776a240ae1cdb,2021-11-18,2,2,0,0
621e309267b776a240ae1cdb,2021-11-19,2,2,0,0
621e309267b776a240ae1cdb,2021-11-20,2,2,0,0
621e309267b776a240ae1cdb,2021-11-22,2,2,0,0
621e309267b776a240ae1cdb,2021-11-23,1,1,0,0
621e309267b776a240ae1cdb,2021-11-24,2,2,0,0
621e309267b776a240ae1cdb,2021-11-26,2,2,0,0
621e309267b776a240ae1cdb,2021-11-27,2,2,0,0
621e309267b776a240ae1cdb,2022-01-06,6,6,0,0
621e309267b776a240ae1cdb,2022-01-08,6,6,0,0
621e309267b776a240ae1cdb,2022-01-10,2,2,0,1
621e309b67b776a240b532b0,2021-10-11,2,1,1,0
621e309b67b776a240b532b0,2021-10-12,2,2,0,0
621e309b67b776a240b532b0,2021-10-19,1,0,1,0
621e309b67b776a240b532b0,2021-10-20,4,1,3,0
621e309b67b776a240b532b0,2021-10-21,1,1,0,0
621e309b67b776a240b532b0,2021-10-22,8,4,4,0
621e309b67b776a240b532b0,2021-10-23,5,0,5,0
621e309b67b776a240b532b0,2021-10-24,6,5,1,0
621e309b67b776a240b532b0,2021-10-26,2,1,1,0
621e309b67b776a240b532b0,2021-10-27,1,0,1,0
621e309b67b776a240b532b0,2021-10-28,3,0,3,0
621e309b67b776a240b532b0,2021-10-29,6,4,2,0
621e309b67b776a240b532b0,2021-10-30,2,1,1,0
621e309b67b776a240b532b0,2021-10-31,3,1,2,0
621e309b67b776a240b532b0,2021-11-01,4,3,1,0
621e309b67b776a240b532b0,2021-11-02,2,0,2,0
621e309b67b776a240b532b0,2021-11-03,1,1,0,0
621e309b67b776a240b532b0,2021-11-04,3,1,2,0
621e309b67b776a240b532b0,2021-11-05,1,1,0,0
621e309b67b776a240b532b0,2021-11-06,2,0,2,0
621e309b67b776a240b532b0,2021-11-07,2,1,1,0
621e309b67b776a240b532b0,2021-11-10,8,5,3,0
621e309b67b776a240b532b0,2021-11-11,1,0,1,0
621e309b67b776a240b532b0,2021-11-13,3,1,2,0
621e309b67b776a240b532b0,2021-11-14,2,1,2,0
621e309b67b776a240b532b0,2021-11-15,3,1,2,0
621e309b67b776a240b532b0,2021-11-16,1,1,0,0
621e309b67b776a240b532b0,2021-11-17,4,1,3,0
621e309b67b776a240b532b0,2021-11-18,1,1,0,0
621e309b67b776a240b532b0,2021-11-19,3,1,2,0
621e309b67b776a240b532b0,2021-11-20,3,0,3,0
621e309b67b776a240b532b0,2021-12-03,1,1,0,0
621e309b67b776a240b532b0,2021-12-05,2,1,1,0
621e309b67b776a240b532b0,2021-12-06,3,1,2,0
621e309b67b776a240b532b0,2021-12-08,1,1,0,0
621e309b67b776a240b532b0,2021-12-09,1,1,0,0
621e309b67b776a240b532b0,2021-12-21,2,0,2,0
621e309b67b776a240b532b0,2021-12-22,3,3,1,0
621e309b67b776a240b532b0,2021-12-24,1,0,1,0
621e309b67b776a240b532b0,2021-12-26,4,0,4,0
621e309b67b776a240b532b0,2021-12-27,4,3,1,0
621e309b67b776a240b532b0,2021-12-28,3,0,3,0
621e309b67b776a240b532b0,2021-12-30,5,4,1,0
621e309b67b776a240b532b0,2021-12-31,4,3,1,0
621e309b67b776a240b532b0,2022-01-01,1,1,0,0
621e309b67b776a240b532b0,2022-01-02,2,0,2,0
621e309b67b776a240b532b0,2022-01-03,1,0,1,0
621e309b67b776a240b532b0,2022-01-04,3,1,2,0
621e309b67b776a240b532b0,2022-01-05,3,1,2,0
621e309b67b776a240b532b0,2022-01-06,4,1,3,0
621e309b67b776a240b532b0,2022-01-07,2,0,2,0
621e309b67b776a240b532b0,2022-01-08,1,0,1,0
621e309b67b776a240b532b0,2022-01-09,1,0,1,0
621e309b67b776a240b532b0,2022-01-10,4,2,2,0
621e309b67b776a240b532b0,2022-01-11,4,1,3,0
621e309b67b776a240b532b0,2022-01-12,3,1,2,0
621e309b67b776a240b532b0,2022-01-13,1,1,0,0
621e309b67b776a240b532b0,2022-01-14,1,0,1,0
621e309b67b776a240b532b0,2022-01-15,3,1,2,0
621e309b67b776a240b532b0,2022-01-16,2,0,2,0
621e309b67b776a240b532b0,2022-01-17,3,1,2,0
621e309b67b776a240b532b0,2022-01-18,1,1,0,0
621e30b267b776a240c5e13f,2021-11-17,0,0,0,1
621e30b267b776a240c5e13f,2021-11-19,1,0,1,0
621e30b267b776a240c5e13f,2021-11-21,2,0,2,0
621e30b267b776a240c5e13f,2021-11-27,1,0,1,0
621e30b267b776a240c5e13f,2021-11-30,2,0,2,0
621e30b267b776a240c5e13f,2021-12-01,1,0,1,0
621e30b267b776a240c5e13f,2021-12-03,1,0,1,0
621e30b267b776a240c5e13f,2021-12-05,3,0,3,0
621e30b267b776a240c5e13f,2021-12-09,1,0,1,0
621e30b267b776a240c5e13f,2021-12-12,1,0,1,0
621e30b267b776a240c5e13f,2021-12-14,1,0,1,0
621e30b267b776a240c5e13f,2021-12-17,1,0,1,0
621e30b267b776a240c5e13f,2021-12-18,1,0,1,0
621e30b267b776a240c5e13f,2021-12-22,1,0,1,0
621e30b267b776a240c5e13f,2021-12-24,1,0,1,0
621e30b267b776a240c5e13f,2021-12-27,4,0,4,0
621e30b267b776a240c5e13f,2021-12-28,2,0,2,0
621e30b267b776a240c5e13f,2021-12-29,1,0,1,0
621e30b267b776a240c5e13f,2021-12-30,2,0,2,0
621e30b267b776a240c5e13f,2022-01-03,2,0,2,0
621e30b267b776a240c5e13f,2022-01-04,1,0,1,0
621e30b267b776a240c5e13f,2022-01-05,1,0,1,0
621e30b267b776a240c5e13f,2022-01-11,1,0,1,0
621e30b267b776a240c5e13f,2022-01-12,2,0,2,0
621e30b267b776a240c5e13f,2022-01-15,1,0,1,0
621e30b267b776a240c5e13f,2022-01-16,1,0,1,0
621e30c867b776a240d4aa6c,2021-05-24,2,2,0,0
621e30c867b776a240d4aa6c,2021-05-25,2,0,2,0
621e30c867b776a240d4aa6c,2021-05-27,2,1,1,0
621e30c867b776a240d4aa6c,2021-05-28,1,0,1,0
621e30c867b776a240d4aa6c,2021-05-29,3,0,3,0
621e30c867b776a240d4aa6c,2021-05-30,1,1,0,0
621e30c867b776a240d4aa6c,2021-05-31,1,0,1,0
621e30c867b776a240d4aa6c,2021-06-01,1,0,0,0
621e30c867b776a240d4aa6c,2021-06-02,1,0,0,0
621e30c867b776a240d4aa6c,2021-06-04,2,2,0,0
621e30c867b776a240d4aa6c,2021-06-06,1,1,0,0
621e30c867b776a240d4aa6c,2021-06-07,1,0,0,0
621e30c867b776a240d4aa6c,2021-06-08,1,1,0,0
621e30c867b776a240d4aa6c,2021-06-11,1,0,0,0
621e30c867b776a240d4aa6c,2021-06-12,1,0,1,0
621e30c867b776a240d4aa6c,2021-06-13,2,0,2,0
621e30c867b776a240d4aa6c,2021-06-14,1,0,0,0
621e30c867b776a240d4aa6c,2021-06-16,1,0,1,0
621e30c867b776a240d4aa6c,2021-06-17,1,1,0,0
621e30c867b776a240d4aa6c,2021-06-18,2,2,0,0
621e30c867b776a240d4aa6c,2021-06-20,1,0,1,0
621e30c867b776a240d4aa6c,2021-06-22,1,1,0,0
621e30c867b776a240d4aa6c,2021-06-23,2,1,0,0
621e30c867b776a240d4aa6c,2021-06-24,1,1,0,0
621e30c867b776a240d4aa6c,2021-06-28,1,0,0,0
621e30c867b776a240d4aa6c,2021-06-29,2,0,2,0
621e30c867b776a240d4aa6c,2021-06-30,1,0,0,0
621e30c867b776a240d4aa6c,2021-07-01,2,1,1,0
621e30c867b776a240d4aa6c,2021-07-02,2,2,0,0
621e30c867b776a240d4aa6c,2021-07-03,1,0,1,0
621e30c867b776a240d4aa6c,2021-07-04,1,0,1,0
621e30c867b776a240d4aa6c,2021-07-05,2,1,2,0
621e30c867b776a240d4aa6c,2021-07-06,2,2,1,0
621e30c867b776a240d4aa6c,2021-07-13,1,1,0,0
621e30c867b776a240d4aa6c,2021-07-14,1,0,1,0
621e30c867b776a240d4aa6c,2021-07-16,1,1,0,0
621e30c867b776a240d4aa6c,2021-07-17,1,0,1,0
621e30c867b776a240d4aa6c,2021-07-19,1,0,1,0
621e30c867b776a240d4aa6c,2021-07-20,2,1,1,0
621e30c867b776a240d4aa6c,2021-07-21,2,1,2,0
621e30c867b776a240d4aa6c,2021-07-22,2,2,0,0
621e30c867b776a240d4aa6c,2021-07-23,1,1,0,0
621e30c867b776a240d4aa6c,2021-07-24,4,0,4,0
621e30c867b776a240d4aa6c,2021-07-26,2,2,0,0
621e30c867b776a240d4aa6c,2021-07-27,1,0,1,0
621e30c867b776a240d4aa6c,2021-07-28,2,2,0,0
621e30e467b776a240e817c7,2021-05-25,1,1,0,0
621e30e467b776a240e817c7,2021-05-26,0,0,0,1
621e30e467b776a240e817c7,2021-05-29,1,1,0,0
621e30e467b776a240e817c7,2021-05-30,1,0,1,0
621e30e467b776a240e817c7,2021-05-31,1,1,0,0
621e30e467b776a240e817c7,2021-06-03,1,1,0,0
621e30e467b776a240e817c7,2021-06-04,1,0,1,0
621e30e467b776a240e817c7,2021-06-06,1,1,0,0
621e30e467b776a240e817c7,2021-06-09,1,1,0,0
621e30e467b776a240e817c7,2021-06-11,1,0,1,0
621e30e467b776a240e817c7,2021-06-12,1,1,0,0
621e30e467b776a240e817c7,2021-06-13,2,1,1,0
621e30e467b776a240e817c7,2021-06-18,2,1,1,0
621e30e467b776a240e817c7,2021-06-19,4,1,3,0
621e30e467b776a240e817c7,2021-06-27,1,1,0,0
621e30e467b776a240e817c7,2021-07-01,1,0,1,0
621e30e467b776a240e817c7,2021-07-02,1,0,1,0
621e30e467b776a240e817c7,2021-07-03,1,0,1,0
621e30e467b776a240e817c7,2021-07-16,1,1,0,0
621e30e467b776a240e817c7,2021-07-17,3,1,2,0
621e30e467b776a240e817c7,2021-07-25,1,0,1,0
621e30f467b776a240f22944,2021-11-06,1,0,1,0
621e30f467b776a240f22944,2021-11-07,1,0,1,0
621e30f467b776a240f22944,2021-11-20,4,0,4,0
621e30f467b776a240f22944,2021-11-21,4,0,4,0
621e30f467b776a240f22944,2021-11-27,2,1,1,0
621e30f467b776a240f22944,2021-11-28,1,0,1,0
621e30f467b776a240f22944,2021-12-02,1,1,0,0
621e30f467b776a240f22944,2021-12-09,1,1,0,0
621e30f467b776a240f22944,2021-12-12,5,0,5,0
621e30f467b776a240f22944,2021-12-13,4,0,4,0
621e30f467b776a240f22944,2021-12-14,6,0,6,0
621e30f467b776a240f22944,2021-12-15,4,0,4,0
621e30f467b776a240f22944,2021-12-16,1,1,0,0
621e30f467b776a240f22944,2021-12-18,1,1,0,0
621e30f467b776a240f22944,2021-12-19,1,0,1,0
621e30f467b776a240f22944,2021-12-23,1,0,1,0
621e30f467b776a240f22944,2021-12-24,1,0,1,0
621e30f467b776a240f22944,2021-12-26,1,0,1,0
621e30f467b776a240f22944,2021-12-31,1,0,1,0
621e30f467b776a240f22944,2022-01-02,2,0,2,0
621e30f467b776a240f22944,2022-01-04,1,1,0,0
621e30f467b776a240f22944,2022-01-05,1,0,1,0
621e30f467b776a240f22944,2022-01-06,1,0,1,0
621e30f467b776a240f22944,2022-01-08,2,1,1,0
621e30f467b776a240f22944,2022-01-09,2,1,1,0
621e30f467b776a240f22944,2022-01-12,1,1,0,0
621e30f467b776a240f22944,2022-01-15,3,1,2,0
621e30f467b776a240f22944,2022-01-16,1,1,1,0
621e310d67b776a24003096d,2021-10-07,1,0,1,0
621e310d67b776a24003096d,2021-10-08,1,0,0,1
621e310d67b776a24003096d,2021-10-09,1,0,1,1
621e310d67b776a24003096d,2021-10-13,1,0,0,0
621e310d67b776a24003096d,2021-10-14,1,0,0,0
621e310d67b776a24003096d,2021-10-15,1,0,0,0
621e310d67b776a24003096d,2021-10-17,1,0,1,0
621e310d67b776a24003096d,2021-10-19,1,0,0,0
621e310d67b776a24003096d,2021-10-20,1,0,0,0
621e310d67b776a24003096d,2021-10-22,1,0,1,0
621e310d67b776a24003096d,2021-10-23,1,0,1,0
621e310d67b776a24003096d,2021-10-26,2,0,2,0
621e310d67b776a24003096d,2021-10-30,2,0,2,0
621e310d67b776a24003096d,2021-11-02,1,0,0,0
621e310d67b776a24003096d,2021-11-05,1,0,0,0
621e310d67b776a24003096d,2021-11-06,1,0,1,0
621e310d67b776a24003096d,2021-11-08,1,0,1,0
621e310d67b776a24003096d,2021-11-09,2,0,1,0
621e310d67b776a24003096d,2021-11-10,1,0,0,0
621e310d67b776a24003096d,2021-11-11,1,0,1,0
621e310d67b776a24003096d,2021-11-12,1,0,0,0
621e310d67b776a24003096d,2021-11-16,2,0,1,0
621e310d67b776a24003096d,2021-11-17,1,0,0,0
621e310d67b776a24003096d,2021-11-19,1,0,0,0
621e310d67b776a24003096d,2021-11-24,1,0,0,0
621e310d67b776a24003096d,2021-11-26,1,0,0,0
621e310d67b776a24003096d,2021-11-27,2,0,2,0
621e310d67b776a24003096d,2021-11-29,4,0,4,0
621e310d67b776a24003096d,2021-11-30,1,0,1,0
621e310d67b776a24003096d,2021-12-03,2,0,2,0
621e310d67b776a24003096d,2021-12-07,1,0,0,0
621e310d67b776a24003096d,2021-12-10,1,0,0,0
621e310d67b776a24003096d,2021-12-11,1,0,1,0
621e310d67b776a24003096d,2021-12-14,1,0,0,0
621e310d67b776a24003096d,2021-12-17,2,0,1,0
621e310d67b776a24003096d,2021-12-22,1,0,0,0
621e310d67b776a24003096d,2021-12-24,1,0,1,0
621e310d67b776a24003096d,2021-12-31,2,0,2,0
621e310d67b776a24003096d,2022-01-04,1,0,1,0
621e310d67b776a24003096d,2022-01-06,1,0,0,0
621e310d67b776a24003096d,2022-01-12,1,0,0,0
621e310d67b776a24003096d,2022-01-13,2,0,2,0
621e312a67b776a240164d59,2021-10-07,0,0,0,1
621e312a67b776a240164d59,2021-10-08,1,0,1,0
621e312a67b776a240164d59,2021-10-10,2,0,2,0
621e312a67b776a240164d59,2021-10-11,1,0,1,0
621e312a67b776a240164d59,2021-10-16,1,0,1,0
621e312a67b776a240164d59,2021-10-17,2,1,1,0
621e312a67b776a240164d59,2021-10-22,1,0,1,0
621e312a67b776a240164d59,2021-10-23,1,0,1,0
621e312a67b776a240164d59,2021-10-24,2,0,2,0
621e312a67b776a240164d59,2021-10-29,1,0,1,0
621e312a67b776a240164d59,2021-10-30,4,0,4,0
621e312a67b776a240164d59,2021-11-01,2,0,2,0
621e312a67b776a240164d59,2021-11-02,2,0,2,0
621e312a67b776a240164d59,2021-11-06,2,0,2,0
621e312a67b776a240164d59,2021-11-07,2,0,2,0
621e312a67b776a240164d59,2021-11-11,1,0,1,0
621e312a67b776a240164d59,2021-11-12,3,0,3,0
621e312a67b776a240164d59,2021-11-13,2,0,2,0
621e312a67b776a240164d59,2021-11-14,1,0,1,0
621e312a67b776a240164d59,2021-11-16,1,0,1,0
621e312a67b776a240164d59,2021-11-17,0,0,0,1
621e312a67b776a240164d59,2021-11-18,1,0,1,0
621e312a67b776a240164d59,2021-11-19,1,0,1,0
621e312a67b776a240164d59,2021-11-20,2,0,2,0
621e312a67b776a240164d59,2021-11-21,2,1,1,0
621e312a67b776a240164d59,2021-11-22,1,0,1,0
621e312a67b776a240164d59,2021-11-26,2,0,2,0
621e312a67b776a240164d59,2021-11-27,2,0,2,0
621e312a67b776a240164d59,2021-11-28,4,0,4,0
621e312a67b776a240164d59,2021-11-29,1,0,1,0
621e312a67b776a240164d59,2021-12-01,2,0,2,0
621e312a67b776a240164d59,2021-12-02,2,0,2,0
621e312a67b776a240164d59,2021-12-03,3,0,3,0
621e312a67b776a240164d59,2022-01-07,1,0,1,0
621e312a67b776a240164d59,2022-01-09,1,0,1,0
621e312a67b776a240164d59,2022-01-12,1,0,1,0
621e312a67b776a240164d59,2022-01-14,1,0,1,0
621e312a67b776a240164d59,2022-01-15,1,0,1,0
621e312a67b776a240164d59,2022-01-16,2,0,2,0
621e314867b776a24029ebf9,2021-07-11,1,1,0,0
621e314867b776a24029ebf9,2021-07-12,1,1,0,0
621e314867b776a24029ebf9,2021-07-14,1,1,0,0
621e314867b776a24029ebf9,2021-07-16,1,1,0,0
621e314867b776a24029ebf9,2021-07-31,1,1,0,0
621e314867b776a24029ebf9,2021-08-01,0,0,0,1
621e314867b776a24029ebf9,2021-08-02,1,1,0,0
621e314867b776a24029ebf9,2021-08-03,1,1,0,0
621e314867b776a24029ebf9,2021-08-04,1,1,0,0
621e314867b776a24029ebf9,2021-08-16,1,1,0,0
621e314867b776a24029ebf9,2021-08-17,1,1,0,0
621e320b67b776a240d36a07,2021-10-30,1,0,1,0
621e320b67b776a240d36a07,2021-10-31,3,1,3,0
621e320b67b776a240d36a07,2021-11-01,1,1,0,0
621e320b67b776a240d36a07,2021-11-02,1,0,1,0
621e320b67b776a240d36a07,2021-11-03,1,1,0,0
621e320b67b776a240d36a07,2021-11-04,1,0,1,0
621e320b67b776a240d36a07,2021-11-06,1,1,0,0
621e320b67b776a240d36a07,2021-11-07,2,1,1,0
621e320b67b776a240d36a07,2021-11-08,3,1,2,0
621e320b67b776a240d36a07,2021-11-10,1,0,1,0
621e320b67b776a240d36a07,2021-11-12,2,0,2,0
621e320b67b776a240d36a07,2021-11-13,4,0,4,0
621e320b67b776a240d36a07,2021-11-14,3,0,3,0
621e320b67b776a240d36a07,2021-11-15,1,0,1,0
621e320b67b776a240d36a07,2021-11-16,1,0,1,0
621e320b67b776a240d36a07,2021-11-17,1,0,1,0
621e320b67b776a240d36a07,2021-11-27,1,0,1,0
621e320b67b776a240d36a07,2021-11-29,2,0,2,0
621e320b67b776a240d36a07,2021-12-06,1,0,1,0
621e320b67b776a240d36a07,2021-12-07,4,1,3,0
621e320b67b776a240d36a07,2021-12-09,1,0,1,0
621e320b67b776a240d36a07,2021-12-11,3,1,3,0
621e320b67b776a240d36a07,2021-12-12,1,0,1,0
621e320b67b776a240d36a07,2021-12-13,1,0,1,0
621e320b67b776a240d36a07,2021-12-14,1,0,1,0
621e320b67b776a240d36a07,2021-12-15,1,0,1,0
621e320b67b776a240d36a07,2021-12-16,1,0,1,0
621e320b67b776a240d36a07,2021-12-17,3,1,2,0
621e320b67b776a240d36a07,2021-12-18,2,1,2,0
621e320b67b776a240d36a07,2021-12-19,1,0,1,0
621e320b67b776a240d36a07,2021-12-22,2,0,2,0
621e320b67b776a240d36a07,2021-12-24,2,0,2,0
621e320b67b776a240d36a07,2021-12-25,1,0,1,0
621e320b67b776a240d36a07,2021-12-27,3,0,3,0
621e320b67b776a240d36a07,2021-12-28,1,0,1,0
621e320b67b776a240d36a07,2021-12-29,2,0,2,0
621e320b67b776a240d36a07,2021-12-30,1,0,1,0
621e320b67b776a240d36a07,2021-12-31,1,0,1,0
621e320b67b776a240d36a07,2022-01-01,1,0,1,0
621e320b67b776a240d36a07,2022-01-03,1,0,1,0
621e320b67b776a240d36a07,2022-01-04,2,0,2,0
621e320b67b776a240d36a07,2022-01-05,2,0,2,0
621e320b67b776a240d36a07,2022-01-06,1,0,1,0
621e320b67b776a240d36a07,2022-01-07,1,0,1,0
621e320b67b776a240d36a07,2022-01-08,2,0,2,0
621e320b67b776a240d36a07,2022-01-10,4,0,4,0
621e320b67b776a240d36a07,2022-01-11,1,0,1,0
621e320b67b776a240d36a07,2022-01-12,1,0,1,0
621e320b67b776a240d36a07,2022-01-13,1,0,1,0
621e320b67b776a240d36a07,2022-01-14,2,0,2,0
621e320b67b776a240d36a07,2022-01-15,3,0,3,0
621e320b67b776a240d36a07,2022-01-16,1,0,1,0
621e320b67b776a240d36a07,2022-01-18,1,0,1,0
621e320b67b776a240d36a07,2022-01-19,1,0,1,0
621e320b67b776a240d36a07,2022-01-20,3,0,3,0
621e320b67b776a240d36a07,2022-01-21,4,0,4,0
621e322367b776a240e44e9b,2021-10-28,2,1,1,0
621e322367b776a240e44e9b,2021-11-04,2,0,2,0
621e322367b776a240e44e9b,2021-11-05,4,2,2,0
621e322367b776a240e44e9b,2021-11-06,1,0,1,0
621e322367b776a240e44e9b,2021-11-09,1,0,1,0
621e322367b776a240e44e9b,2021-11-10,1,1,0,0
621e322367b776a240e44e9b,2021-11-11,1,1,0,0
621e322367b776a240e44e9b,2021-11-12,2,1,1,0
621e322367b776a240e44e9b,2021-11-13,1,0,1,0
621e322367b776a240e44e9b,2021-11-14,1,0,1,0
621e322367b776a240e44e9b,2021-11-15,2,1,1,0
621e322367b776a240e44e9b,2021-11-16,1,1,1,0
621e322367b776a240e44e9b,2021-11-17,2,1,1,0
621e322367b776a240e44e9b,2021-11-18,1,0,1,0
621e322367b776a240e44e9b,2021-11-22,3,1,2,0
621e322367b776a240e44e9b,2021-11-23,2,1,1,0
621e322367b776a240e44e9b,2021-11-24,2,1,1,0
621e322367b776a240e44e9b,2021-11-25,1,0,1,0
621e322367b776a240e44e9b,2021-11-26,2,1,1,0
621e322367b776a240e44e9b,2021-11-27,2,0,2,0
621e322367b776a240e44e9b,2021-11-29,2,1,1,0
621e322367b776a240e44e9b,2021-11-30,2,1,1,0
621e322367b776a240e44e9b,2021-12-01,3,1,2,0
621e322367b776a240e44e9b,2021-12-03,2,1,1,0
621e322367b776a240e44e9b,2021-12-04,2,0,2,0
621e322367b776a240e44e9b,2021-12-05,1,0,1,0
621e322367b776a240e44e9b,2021-12-06,4,1,3,0
621e322367b776a240e44e9b,2021-12-08,1,1,0,0
621e322367b776a240e44e9b,2021-12-09,2,0,2,0
621e322367b776a240e44e9b,2021-12-10,4,2,2,0
621e322367b776a240e44e9b,2021-12-11,1,0,1,0
621e322367b776a240e44e9b,2021-12-13,1,1,0,0
621e322367b776a240e44e9b,2021-12-14,4,1,3,0
621e322367b776a240e44e9b,2021-12-15,4,1,3,0
621e322367b776a240e44e9b,2021-12-16,1,0,1,0
621e322367b776a240e44e9b,2021-12-20,2,0,2,0
621e322367b776a240e44e9b,2021-12-21,1,1,0,0
621e322367b776a240e44e9b,2021-12-22,1,1,0,0
621e323667b776a240f19134,2021-06-05,1,0,1,0
621e323667b776a240f19134,2021-06-07,1,0,1,0
621e323667b776a240f19134,2021-06-09,1,0,1,0
621e323667b776a240f19134,2021-06-13,1,0,1,0
621e323667b776a240f19134,2021-06-28,1,0,1,0
621e323667b776a240f19134,2021-11-06,1,0,1,0
621e323667b776a240f19134,2021-11-11,1,1,0,0
621e323667b776a240f19134,2021-11-14,1,1,0,0
621e323667b776a240f19134,2021-11-15,1,1,0,0
621e323667b776a240f19134,2021-11-18,1,1,0,0
621e323667b776a240f19134,2021-11-20,2,1,1,0
621e323667b776a240f19134,2021-11-21,1,0,1,0
621e323667b776a240f19134,2021-11-23,2,2,0,0
621e323667b776a240f19134,2021-11-26,1,1,0,0
621e323667b776a240f19134,2021-11-29,1,1,0,0
621e323667b776a240f19134,2021-12-02,1,1,0,0
621e323667b776a240f19134,2021-12-03,2,0,2,0
621e323667b776a240f19134,2021-12-06,1,1,0,0
621e323667b776a240f19134,2021-12-07,1,1,0,0
621e323667b776a240f19134,2021-12-11,1,0,1,0
621e323667b776a240f19134,2021-12-12,2,1,1,0
621e323667b776a240f19134,2021-12-13,1,1,0,0
621e323667b776a240f19134,2021-12-16,0,0,0,1
621e323667b776a240f19134,2021-12-17,2,0,2,0
621e323667b776a240f19134,2021-12-18,1,0,1,0
621e323667b776a240f19134,2021-12-23,1,0,1,0
621e323667b776a240f19134,2022-01-05,1,1,0,0
621e324e67b776a2400191cb,2021-11-12,2,0,2,0
621e324e67b776a2400191cb,2021-11-13,1,0,1,0
621e324e67b776a2400191cb,2021-11-19,2,0,2,0
621e324e67b776a2400191cb,2021-11-20,2,0,2,0
621e324e67b776a2400191cb,2021-11-25,2,0,2,0
621e324e67b776a2400191cb,2021-11-26,2,0,2,0
621e324e67b776a2400191cb,2021-11-27,1,0,1,0
621e324e67b776a2400191cb,2021-12-10,1,0,1,0
621e324e67b776a2400191cb,2021-12-11,1,0,1,0
621e324e67b776a2400191cb,2021-12-14,1,0,1,0
621e324e67b776a2400191cb,2021-12-15,2,0,2,0
621e324e67b776a2400191cb,2021-12-16,1,0,1,0
621e324e67b776a2400191cb,2021-12-17,2,0,2,0
621e324e67b776a2400191cb,2021-12-24,1,0,1,0
621e324e67b776a2400191cb,2021-12-27,1,0,1,0
621e324e67b776a2400191cb,2021-12-30,1,0,1,0
621e324e67b776a2400191cb,2021-12-31,1,0,1,0
621e324e67b776a2400191cb,2022-01-04,1,0,1,0
621e324e67b776a2400191cb,2022-01-07,1,0,1,0
621e324e67b776a2400191cb,2022-01-08,1,0,1,0
621e324e67b776a2400191cb,2022-01-14,2,0,2,0
621e326767b776a24012e179,2021-05-24,2,0,2,0
621e326767b776a24012e179,2021-05-25,3,0,3,0
621e326767b776a24012e179,2021-05-26,2,0,2,0
621e326767b776a24012e179,2021-05-27,2,0,2,0
621e326767b776a24012e179,2021-05-28,2,0,2,0
621e326767b776a24012e179,2021-05-29,3,0,3,0
621e326767b776a24012e179,2021-05-30,1,0,1,0
621e326767b776a24012e179,2021-06-01,2,0,2,0
621e326767b776a24012e179,2021-06-02,3,1,2,0
621e326767b776a24012e179,2021-06-03,3,1,2,0
621e326767b776a24012e179,2021-06-04,5,0,5,0
621e326767b776a24012e179,2021-06-05,2,0,2,0
621e326767b776a24012e179,2021-06-06,3,1,2,0
621e326767b776a24012e179,2021-06-07,3,0,3,0
621e326767b776a24012e179,2021-06-08,3,0,3,0
621e326767b776a24012e179,2021-06-09,3,1,2,0
621e326767b776a24012e179,2021-06-10,3,0,3,0
621e326767b776a24012e179,2021-06-11,3,1,2,0
621e326767b776a24012e179,2021-06-12,3,0,3,0
621e326767b776a24012e179,2021-06-13,2,0,2,0
621e326767b776a24012e179,2021-06-14,3,1,2,0
621e326767b776a24012e179,2021-06-15,3,0,3,0
621e326767b776a24012e179,2021-06-16,3,0,3,0
621e326767b776a24012e179,2021-06-17,3,1,2,0
621e326767b776a24012e179,2021-06-18,3,0,3,0
621e326767b776a24012e179,2021-06-19,5,0,5,0
621e326767b776a24012e179,2021-06-20,1,0,1,0
621e326767b776a24012e179,2021-06-21,3,0,3,0
621e326767b776a24012e179,2021-06-22,4,0,4,0
621e326767b776a24012e179,2021-06-23,5,1,4,0
621e326767b776a24012e179,2021-06-24,3,1,2,0
621e326767b776a24012e179,2021-06-25,3,0,3,0
621e326767b776a24012e179,2021-06-26,4,1,3,0
621e326767b776a24012e179,2021-06-27,3,1,2,0
621e326767b776a24012e179,2021-06-28,3,1,2,0
621e326767b776a24012e179,2021-06-29,3,0,3,0
621e326767b776a24012e179,2021-06-30,3,0,3,0
621e326767b776a24012e179,2021-07-01,6,2,4,0
621e326767b776a24012e179,2021-07-02,2,0,2,0
621e326767b776a24012e179,2021-07-03,5,1,4,0
621e326767b776a24012e179,2021-07-04,3,0,3,0
621e326767b776a24012e179,2021-07-05,4,0,4,0
621e326767b776a24012e179,2021-07-06,2,0,2,0
621e326767b776a24012e179,2021-07-07,2,0,2,0
621e326767b776a24012e179,2021-07-08,3,1,2,0
621e326767b776a24012e179,2021-07-09,4,1,4,0
621e326767b776a24012e179,2021-07-10,3,0,3,0
621e326767b776a24012e179,2021-07-11,2,0,2,0
621e326767b776a24012e179,2021-07-12,3,0,3,0
621e326767b776a24012e179,2021-07-13,3,0,3,0
621e326767b776a24012e179,2021-07-14,3,0,3,0
621e326767b776a24012e179,2021-07-15,3,1,2,0
621e326767b776a24012e179,2021-07-16,3,1,2,0
621e326767b776a24012e179,2021-07-17,3,0,2,0
621e326767b776a24012e179,2021-07-18,3,0,3,0
621e326767b776a24012e179,2021-07-19,3,1,2,0
621e326767b776a24012e179,2021-07-20,2,0,2,0
621e326767b776a24012e179,2021-07-21,3,0,3,0
621e326767b776a24012e179,2021-07-22,3,1,2,0
621e326767b776a24012e179,2021-07-23,3,1,3,0
621e326767b776a24012e179,2021-07-24,3,1,2,0
621e326767b776a24012e179,2021-07-25,1,0,1,0
621e326767b776a24012e179,2021-07-26,3,1,2,0
621e326767b776a24012e179,2021-07-27,3,0,3,0
621e326767b776a24012e179,2021-07-28,2,0,2,0
621e326767b776a24012e179,2021-07-29,3,1,2,0
621e326767b776a24012e179,2021-07-30,2,1,1,0
621e326767b776a24012e179,2021-07-31,1,0,1,0
621e328667b776a240281372,2021-05-24,1,0,1,0
621e328667b776a240281372,2021-05-26,1,1,0,0
621e328667b776a240281372,2021-05-28,0,0,0,1
621e328667b776a240281372,2021-05-29,2,2,0,0
621e328667b776a240281372,2021-05-31,2,2,0,0
621e328667b776a240281372,2021-06-01,1,1,0,0
621e328667b776a240281372,2021-06-02,1,1,0,0
621e329067b776a2402ffad2,2021-05-24,2,0,2,0
621e329067b776a2402ffad2,2021-05-25,2,0,2,0
621e329067b776a2402ffad2,2021-05-26,2,0,2,0
621e329067b776a2402ffad2,2021-05-27,2,0,2,0
621e329067b776a2402ffad2,2021-05-28,2,1,1,0
621e329067b776a2402ffad2,2021-05-31,2,0,2,0
621e329067b776a2402ffad2,2021-06-01,2,0,2,0
621e329067b776a2402ffad2,2021-06-03,2,0,2,0
621e329067b776a2402ffad2,2021-06-06,1,1,0,0
621e329067b776a2402ffad2,2021-06-07,2,0,2,0
621e329067b776a2402ffad2,2021-06-08,2,0,2,0
621e329067b776a2402ffad2,2021-06-09,2,0,2,0
621e329067b776a2402ffad2,2021-06-10,2,0,2,1
621e329067b776a2402ffad2,2021-06-11,3,1,2,0
621e329067b776a2402ffad2,2021-06-14,2,0,2,0
621e329067b776a2402ffad2,2021-06-15,2,0,2,0
621e329067b776a2402ffad2,2021-06-16,2,0,2,0
621e329067b776a2402ffad2,2021-06-17,2,0,2,0
621e329067b776a2402ffad2,2021-06-21,1,0,1,0
621e329067b776a2402ffad2,2021-06-22,2,0,2,0
621e329067b776a2402ffad2,2021-06-23,2,0,2,0
621e329067b776a2402ffad2,2021-06-24,3,0,3,0
621e329067b776a2402ffad2,2021-06-27,1,1,0,0
621e329067b776a2402ffad2,2021-06-28,1,0,1,0
621e329067b776a2402ffad2,2021-06-29,2,0,2,0
621e329067b776a2402ffad2,2021-07-01,3,0,3,0
621e329067b776a2402ffad2,2021-07-02,1,0,1,0
621e329067b776a2402ffad2,2021-07-03,1,0,1,0
621e329067b776a2402ffad2,2021-07-04,1,1,0,0
621e329067b776a2402ffad2,2021-07-05,2,0,2,0
621e329067b776a2402ffad2,2021-07-06,2,0,2,0
621e329067b776a2402ffad2,2021-07-07,2,0,2,0
621e329067b776a2402ffad2,2021-07-08,2,1,2,0
621e329067b776a2402ffad2,2021-07-13,1,0,1,0
621e329067b776a2402ffad2,2021-07-15,2,0,2,0
621e329067b776a2402ffad2,2021-07-16,1,0,1,0
621e329067b776a2402ffad2,2021-07-17,1,0,1,0
621e329067b776a2402ffad2,2021-07-19,3,0,3,0
621e329067b776a2402ffad2,2021-07-20,3,0,3,0
621e32af67b776a24045b4cf,2021-05-24,2,1,2,0
621e32af67b776a24045b4cf,2021-05-25,3,1,2,0
621e32af67b776a24045b4cf,2021-05-26,1,1,0,0
621e32af67b776a24045b4cf,2021-05-27,1,1,0,0
621e32af67b776a24045b4cf,2021-05-28,2,1,2,0
621e32af67b776a24045b4cf,2021-05-29,3,0,3,0
621e32af67b776a24045b4cf,2021-05-30,0,0,0,1
621e32af67b776a24045b4cf,2021-05-31,2,0,2,0
621e32af67b776a24045b4cf,2021-06-01,1,1,0,0
621e32af67b776a24045b4cf,2021-06-02,2,1,1,0
621e32af67b776a24045b4cf,2021-06-03,1,1,0,0
621e32af67b776a24045b4cf,2021-06-04,3,0,3,0
621e32af67b776a24045b4cf,2021-06-05,4,0,4,0
621e32af67b776a24045b4cf,2021-06-06,1,1,0,2
621e32af67b776a24045b4cf,2021-06-07,2,1,2,0
621e32af67b776a24045b4cf,2021-06-08,1,1,0,1
621e32af67b776a24045b4cf,2021-06-09,2,1,1,0
621e32af67b776a24045b4cf,2021-06-10,1,1,0,0
621e32af67b776a24045b4cf,2021-06-11,3,1,2,0
621e32af67b776a24045b4cf,2021-06-12,1,1,0,0
621e32af67b776a24045b4cf,2021-06-13,1,0,1,0
621e32af67b776a24045b4cf,2021-06-14,2,1,2,0
621e32af67b776a24045b4cf,2021-06-15,1,1,0,0
621e32af67b776a24045b4cf,2021-06-16,2,1,1,2
621e32af67b776a24045b4cf,2021-06-17,3,1,2,0
621e32af67b776a24045b4cf,2021-06-18,2,0,2,0
621e32af67b776a24045b4cf,2021-06-19,1,1,0,0
621e32af67b776a24045b4cf,2021-06-20,2,0,2,0
621e32af67b776a24045b4cf,2021-06-21,1,0,1,0
621e32af67b776a24045b4cf,2021-06-23,1,1,0,0
621e32af67b776a24045b4cf,2021-06-24,4,1,3,0
621e32af67b776a24045b4cf,2021-06-25,2,0,2,0
621e32af67b776a24045b4cf,2021-06-26,3,0,3,0
621e32af67b776a24045b4cf,2021-06-28,2,1,2,0
621e32af67b776a24045b4cf,2021-06-29,1,0,1,0
621e32af67b776a24045b4cf,2021-07-01,3,1,2,0
621e32af67b776a24045b4cf,2021-07-02,4,1,4,0
621e32af67b776a24045b4cf,2021-07-03,1,0,1,0
621e32af67b776a24045b4cf,2021-07-05,4,0,4,0
621e32af67b776a24045b4cf,2021-07-08,2,1,1,0
621e32af67b776a24045b4cf,2021-07-10,1,0,1,0
621e32af67b776a24045b4cf,2021-07-11,2,0,2,0
621e32af67b776a24045b4cf,2021-07-13,5,2,3,0
621e32af67b776a24045b4cf,2021-07-15,2,0,2,0
621e32af67b776a24045b4cf,2021-07-17,2,0,2,0
621e32af67b776a24045b4cf,2021-07-18,1,1,0,0
621e32af67b776a24045b4cf,2021-07-19,1,1,0,0
621e32af67b776a24045b4cf,2021-07-20,3,0,3,0
621e32af67b776a24045b4cf,2021-07-21,2,0,2,1
621e32af67b776a24045b4cf,2021-07-23,3,0,3,0
621e32af67b776a24045b4cf,2021-07-25,1,1,0,0
621e32af67b776a24045b4cf,2021-07-26,2,1,1,0
621e32d067b776a2405b7d54,2021-11-01,0,0,0,1
621e32d067b776a2405b7d54,2021-11-02,1,1,0,0
621e32d067b776a2405b7d54,2021-11-05,1,0,1,0
621e32d067b776a2405b7d54,2021-11-06,1,0,1,0
621e32d067b776a2405b7d54,2021-11-09,1,0,1,1
621e32d067b776a2405b7d54,2021-11-16,1,1,0,0
621e32d067b776a2405b7d54,2021-12-09,1,0,1,0
621e32d067b776a2405b7d54,2021-12-12,1,0,1,0
621e32d067b776a2405b7d54,2021-12-20,1,0,1,0
621e32d967b776a240627414,2021-05-25,4,1,3,0
621e32d967b776a240627414,2021-05-26,2,2,0,0
621e32d967b776a240627414,2021-05-29,2,0,2,0
621e32d967b776a240627414,2021-05-31,2,0,2,0
621e32d967b776a240627414,2021-06-01,3,0,3,0
621e32d967b776a240627414,2021-06-02,4,0,4,0
621e32d967b776a240627414,2021-06-04,2,0,2,0
621e32d967b776a240627414,2021-06-05,2,0,2,0
621e32d967b776a240627414,2021-06-06,2,0,2,0
621e32d967b776a240627414,2021-06-07,1,0,1,0
621e32d967b776a240627414,2021-06-08,1,0,1,0
621e32d967b776a240627414,2021-06-09,3,0,3,0
621e32d967b776a240627414,2021-06-11,2,1,1,0
621e32d967b776a240627414,2021-06-12,3,0,3,0
621e32d967b776a240627414,2021-06-14,1,0,1,0
621e32d967b776a240627414,2021-06-15,4,0,4,0
621e32d967b776a240627414,2021-06-16,2,0,2,0
621e32d967b776a240627414,2021-06-17,2,0,2,0
621e32d967b776a240627414,2021-06-18,4,1,3,0
621e32d967b776a240627414,2021-06-21,4,0,4,0
621e32d967b776a240627414,2021-06-22,1,0,1,0
621e32d967b776a240627414,2021-06-24,2,0,2,0
621e32e667b776a2406d2f1c,2021-10-19,0,0,0,1
621e32e667b776a2406d2f1c,2021-10-20,0,0,0,1
621e32e667b776a2406d2f1c,2021-10-21,1,0,1,0
621e32e667b776a2406d2f1c,2021-10-22,2,0,2,0
621e32e667b776a2406d2f1c,2021-10-24,2,0,2,0
621e32e667b776a2406d2f1c,2021-10-28,2,0,2,0
621e32e667b776a2406d2f1c,2021-10-30,1,0,1,0
621e32e667b776a2406d2f1c,2021-11-02,1,0,1,0
621e32e667b776a2406d2f1c,2021-11-03,2,0,2,0
621e32e667b776a2406d2f1c,2021-11-06,1,1,0,0
621e32e667b776a2406d2f1c,2021-11-07,1,0,1,0
621e32e667b776a2406d2f1c,2021-11-08,1,0,1,0
621e32e667b776a2406d2f1c,2021-11-11,1,0,1,0
621e32e667b776a2406d2f1c,2021-11-13,1,0,1,0
621e32e667b776a2406d2f1c,2021-11-14,2,0,2,0
621e32e667b776a2406d2f1c,2021-11-15,1,0,1,0
621e32e667b776a2406d2f1c,2021-11-17,1,0,1,0
621e32e667b776a2406d2f1c,2021-11-19,1,0,1,0
621e32e667b776a2406d2f1c,2021-11-20,1,0,1,0
621e32e667b776a2406d2f1c,2021-11-21,2,0,2,0
621e32e667b776a2406d2f1c,2021-11-29,1,0,1,0
621e32e667b776a2406d2f1c,2021-11-30,1,0,1,0
621e32e667b776a2406d2f1c,2021-12-02,1,0,1,0
621e32e667b776a2406d2f1c,2021-12-05,2,0,2,0
621e32e667b776a2406d2f1c,2021-12-07,1,0,1,0
621e32e667b776a2406d2f1c,2021-12-10,1,0,1,0
621e32e667b776a2406d2f1c,2021-12-11,2,0,2,0
621e32e667b776a2406d2f1c,2021-12-12,1,0,1,0
621e32e667b776a2406d2f1c,2021-12-14,2,0,2,0
621e32e667b776a2406d2f1c,2021-12-20,1,0,1,0
621e32e667b776a2406d2f1c,2021-12-22,1,0,1,0
621e32e667b776a2406d2f1c,2021-12-24,1,0,1,0
621e32e667b776a2406d2f1c,2021-12-29,1,0,1,0
621e32e667b776a2406d2f1c,2022-01-02,1,0,1,0
621e32e667b776a2406d2f1c,2022-01-03,1,0,1,0
621e32e667b776a2406d2f1c,2022-01-04,2,0,2,0
621e32e667b776a2406d2f1c,2022-01-05,1,0,1,0
621e32e667b776a2406d2f1c,2022-01-10,1,0,1,0
621e32e667b776a2406d2f1c,2022-01-11,1,0,1,0
621e32e667b776a2406d2f1c,2022-01-13,1,0,1,0
621e331067b776a24085dd3f,2021-11-20,2,1,1,0
621e331067b776a24085dd3f,2021-12-28,1,0,1,0
621e331067b776a24085dd3f,2021-12-29,1,0,1,0
621e331067b776a24085dd3f,2021-12-31,1,0,1,0
621e331067b776a24085dd3f,2022-01-06,1,0,1,0
621e332267b776a24092a584,2021-05-24,1,0,1,0
621e332267b776a24092a584,2021-05-26,1,0,1,0
621e332267b776a24092a584,2021-05-30,1,0,1,0
621e332267b776a24092a584,2021-06-01,1,0,1,0
621e332267b776a24092a584,2021-06-02,2,0,2,0
621e332267b776a24092a584,2021-06-03,1,0,1,0
621e332267b776a24092a584,2021-06-04,1,0,1,0
621e332267b776a24092a584,2021-06-06,1,0,1,0
621e332267b776a24092a584,2021-06-07,3,1,2,0
621e332267b776a24092a584,2021-06-08,1,0,1,0
621e332267b776a24092a584,2021-06-10,2,0,2,0
621e332267b776a24092a584,2021-06-11,1,0,1,0
621e332267b776a24092a584,2021-06-14,1,0,1,0
621e332267b776a24092a584,2021-06-15,1,0,1,0
621e332267b776a24092a584,2021-06-16,1,0,1,0
621e332267b776a24092a584,2021-06-17,1,0,1,0
621e332267b776a24092a584,2021-06-18,1,0,1,0
621e333967b776a240a3cd06,2021-10-08,0,0,0,1
621e333967b776a240a3cd06,2021-10-09,2,0,2,1
621e333967b776a240a3cd06,2021-10-10,2,0,2,0
621e333967b776a240a3cd06,2021-10-11,1,1,0,1
621e333967b776a240a3cd06,2021-10-12,3,1,2,1
621e333967b776a240a3cd06,2021-10-13,1,1,0,0
621e333967b776a240a3cd06,2021-10-14,1,0,1,0
621e333967b776a240a3cd06,2021-10-15,3,2,2,0
621e333967b776a240a3cd06,2021-10-16,3,2,1,0
621e333967b776a240a3cd06,2021-10-17,1,1,0,0
621e333967b776a240a3cd06,2021-10-18,2,1,1,2
621e333967b776a240a3cd06,2021-10-19,2,2,0,1
621e333967b776a240a3cd06,2021-10-21,1,1,0,0
621e333967b776a240a3cd06,2021-10-22,2,1,1,0
621e333967b776a240a3cd06,2021-10-25,0,0,0,1
621e333967b776a240a3cd06,2021-10-27,1,1,0,0
621e333967b776a240a3cd06,2021-11-01,1,1,0,0
621e333967b776a240a3cd06,2021-11-02,1,1,0,0
621e333967b776a240a3cd06,2021-11-03,1,0,1,0
621e333967b776a240a3cd06,2021-11-04,1,1,1,0
621e333967b776a240a3cd06,2021-11-05,1,1,0,0
621e333967b776a240a3cd06,2021-11-08,2,1,1,0
621e333967b776a240a3cd06,2021-11-09,2,2,0,0
621e333967b776a240a3cd06,2021-11-11,2,1,2,0
621e333967b776a240a3cd06,2021-11-13,1,1,0,0
621e333967b776a240a3cd06,2021-11-15,1,1,0,0
621e333967b776a240a3cd06,2021-11-16,1,1,0,0
621e333967b776a240a3cd06,2021-11-21,2,1,1,0
621e333967b776a240a3cd06,2021-11-23,2,2,0,0
621e333967b776a240a3cd06,2021-11-24,1,1,0,0
621e333967b776a240a3cd06,2021-11-26,1,1,0,0
621e333967b776a240a3cd06,2021-11-27,2,1,1,0
621e333967b776a240a3cd06,2021-11-30,1,1,0,0
621e333967b776a240a3cd06,2021-12-03,2,1,1,0
621e333967b776a240a3cd06,2021-12-04,1,1,0,0
621e333967b776a240a3cd06,2021-12-05,1,0,1,0
621e333967b776a240a3cd06,2021-12-06,1,1,0,0
621e333967b776a240a3cd06,2021-12-07,2,2,0,0
621e333967b776a240a3cd06,2021-12-08,1,1,0,0
621e333967b776a240a3cd06,2021-12-09,0,0,0,1
621e333967b776a240a3cd06,2021-12-14,1,1,0,0
621e333967b776a240a3cd06,2021-12-15,1,1,0,0
621e333967b776a240a3cd06,2021-12-17,1,1,0,0
621e333967b776a240a3cd06,2021-12-18,1,1,0,0
621e333967b776a240a3cd06,2021-12-22,1,1,0,0
621e333967b776a240a3cd06,2022-01-03,1,0,1,0
621e333967b776a240a3cd06,2022-01-11,1,1,0,0
621e333967b776a240a3cd06,2022-01-12,1,1,0,0
621e333967b776a240a3cd06,2022-01-15,1,0,1,0
621e335a67b776a240bb12ff,2021-05-29,4,1,4,0
621e335a67b776a240bb12ff,2021-06-01,1,0,1,0
621e335a67b776a240bb12ff,2021-06-05,2,0,2,0
621e335a67b776a240bb12ff,2021-06-12,1,0,1,0
621e335a67b776a240bb12ff,2021-06-19,2,0,2,0
621e335a67b776a240bb12ff,2021-06-26,1,0,1,0
621e335a67b776a240bb12ff,2021-07-02,1,0,1,0
621e335a67b776a240bb12ff,2021-07-03,2,0,2,0
621e335a67b776a240bb12ff,2021-07-07,1,0,1,0
621e335a67b776a240bb12ff,2021-07-10,2,0,2,0
621e335a67b776a240bb12ff,2021-07-17,2,0,2,0
621e335a67b776a240bb12ff,2021-07-20,1,0,1,0
621e335a67b776a240bb12ff,2021-07-24,1,0,1,0
621e337667b776a240ce78ab,2021-05-24,2,0,2,0
621e337667b776a240ce78ab,2021-05-25,1,0,1,0
621e337667b776a240ce78ab,2021-05-28,1,1,1,0
621e337667b776a240ce78ab,2021-05-29,2,0,2,0
621e337667b776a240ce78ab,2021-06-01,2,0,2,0
621e337667b776a240ce78ab,2021-06-02,4,0,4,0
621e337667b776a240ce78ab,2021-06-04,2,0,2,0
621e337667b776a240ce78ab,2021-06-05,1,1,1,0
621e337667b776a240ce78ab,2021-06-06,1,0,1,0
621e337667b776a240ce78ab,2021-06-07,3,0,3,0
621e337667b776a240ce78ab,2021-06-08,1,0,1,0
621e337667b776a240ce78ab,2021-06-09,4,0,4,0
621e337667b776a240ce78ab,2021-06-10,2,0,2,0
621e337667b776a240ce78ab,2021-06-11,3,0,3,0
621e337667b776a240ce78ab,2021-06-13,4,0,4,0
621e337667b776a240ce78ab,2021-06-16,4,0,4,0
621e337667b776a240ce78ab,2021-06-18,5,0,5,0
621e337667b776a240ce78ab,2021-06-20,1,0,1,0
621e337667b776a240ce78ab,2021-06-21,3,0,3,0
621e337667b776a240ce78ab,2021-06-22,2,0,2,0
621e337667b776a240ce78ab,2021-06-23,2,0,2,0
621e337667b776a240ce78ab,2021-06-24,1,0,1,0
621e337667b776a240ce78ab,2021-06-26,3,0,3,0
621e337667b776a240ce78ab,2021-06-27,1,0,1,0
621e337667b776a240ce78ab,2021-06-29,5,0,5,0
621e337667b776a240ce78ab,2021-06-30,1,0,1,0
621e337667b776a240ce78ab,2021-07-01,4,0,4,0
621e337667b776a240ce78ab,2021-07-02,1,0,1,0
621e337667b776a240ce78ab,2021-07-03,2,0,2,0
621e337667b776a240ce78ab,2021-07-06,2,0,2,0
621e337667b776a240ce78ab,2021-07-08,3,0,3,0
621e337667b776a240ce78ab,2021-07-09,5,0,5,0
621e337667b776a240ce78ab,2021-07-11,1,0,1,0
621e337667b776a240ce78ab,2021-07-12,3,0,3,0
621e337667b776a240ce78ab,2021-07-13,1,0,1,0
621e337667b776a240ce78ab,2021-07-14,2,0,2,0
621e337667b776a240ce78ab,2021-07-16,3,0,3,0
621e337667b776a240ce78ab,2021-07-17,1,0,1,0
621e337667b776a240ce78ab,2021-07-18,1,0,1,0
621e337667b776a240ce78ab,2021-07-19,1,0,1,0
621e337667b776a240ce78ab,2021-07-20,2,0,2,0
621e337667b776a240ce78ab,2021-07-21,5,0,5,0
621e337667b776a240ce78ab,2021-07-22,3,0,3,0
621e337667b776a240ce78ab,2021-07-23,1,0,1,0
621e337667b776a240ce78ab,2021-07-24,4,0,4,0
621e337667b776a240ce78ab,2021-07-25,2,0,2,0
621e337667b776a240ce78ab,2021-07-26,2,0,2,0
621e337667b776a240ce78ab,2021-07-28,1,0,1,0
621e337667b776a240ce78ab,2021-07-29,2,0,2,0
621e337667b776a240ce78ab,2021-07-30,2,0,2,0
621e337667b776a240ce78ab,2021-08-01,3,0,3,0
621e337667b776a240ce78ab,2021-08-03,3,0,3,0
621e337667b776a240ce78ab,2021-08-04,2,1,1,0
621e337667b776a240ce78ab,2021-08-08,2,0,2,0
621e337667b776a240ce78ab,2021-08-09,2,2,0,0
621e337667b776a240ce78ab,2021-08-10,3,1,2,0
621e337667b776a240ce78ab,2021-08-11,2,1,1,0
621e337667b776a240ce78ab,2021-08-12,3,3,1,0
621e337667b776a240ce78ab,2021-08-13,3,0,3,0
621e337667b776a240ce78ab,2021-08-14,2,0,2,0
621e337667b776a240ce78ab,2021-08-15,1,0,1,0
621e337667b776a240ce78ab,2021-08-16,1,0,1,0
621e339967b776a240e502de,2021-10-09,1,1,0,0
621e339967b776a240e502de,2021-10-10,1,1,0,0
621e339967b776a240e502de,2021-10-11,1,1,0,0
621e339967b776a240e502de,2021-11-23,3,2,1,1
621e339967b776a240e502de,2021-11-24,2,1,1,0
621e339967b776a240e502de,2021-11-25,1,1,0,1
621e339967b776a240e502de,2021-11-26,1,1,0,0
621e339967b776a240e502de,2021-11-27,2,1,1,1
621e339967b776a240e502de,2021-11-28,3,1,2,0
621e339967b776a240e502de,2021-11-29,3,1,2,1
621e339967b776a240e502de,2021-11-30,3,1,2,1
621e339967b776a240e502de,2021-12-01,1,1,0,0
621e339967b776a240e502de,2021-12-02,2,1,1,0
621e339967b776a240e502de,2021-12-03,1,1,0,0
621e339967b776a240e502de,2021-12-04,1,0,1,0
621e339967b776a240e502de,2021-12-05,1,1,0,0
621e339967b776a240e502de,2021-12-06,2,1,1,0
621e339967b776a240e502de,2021-12-07,1,1,0,0
621e339967b776a240e502de,2021-12-08,3,1,2,1
621e339967b776a240e502de,2021-12-09,3,1,2,0
621e339967b776a240e502de,2021-12-10,1,1,0,0
621e339967b776a240e502de,2021-12-11,1,0,1,0
621e339967b776a240e502de,2021-12-13,1,0,1,1
621e339967b776a240e502de,2021-12-16,1,1,0,0
621e339967b776a240e502de,2021-12-17,4,2,2,0
621e339967b776a240e502de,2021-12-18,2,1,1,0
621e339967b776a240e502de,2021-12-19,1,1,0,0
621e339967b776a240e502de,2021-12-20,4,1,3,0
621e339967b776a240e502de,2021-12-21,2,1,1,0
621e339967b776a240e502de,2021-12-22,3,2,2,0
621e339967b776a240e502de,2021-12-23,1,1,0,0
621e339967b776a240e502de,2021-12-24,2,1,1,0
621e339967b776a240e502de,2021-12-25,2,1,1,0
621e339967b776a240e502de,2021-12-26,1,1,0,0
621e339967b776a240e502de,2021-12-27,2,1,1,0
621e339967b776a240e502de,2021-12-28,1,0,1,0
621e339967b776a240e502de,2021-12-29,4,1,3,0
621e339967b776a240e502de,2021-12-30,4,1,3,0
621e339967b776a240e502de,2021-12-31,2,1,1,0
621e339967b776a240e502de,2022-01-01,2,0,2,0
621e339967b776a240e502de,2022-01-02,3,1,2,0
621e339967b776a240e502de,2022-01-03,3,1,2,0
621e339967b776a240e502de,2022-01-04,2,0,2,0
621e339967b776a240e502de,2022-01-05,2,0,2,0
621e339967b776a240e502de,2022-01-06,2,0,2,0
621e339967b776a240e502de,2022-01-07,1,0,1,0
621e339967b776a240e502de,2022-01-08,2,0,2,0
621e339967b776a240e502de,2022-01-09,2,1,1,0
621e339967b776a240e502de,2022-01-10,2,0,2,0
621e339967b776a240e502de,2022-01-12,1,1,0,0
621e339967b776a240e502de,2022-01-13,1,1,0,0
621e339967b776a240e502de,2022-01-15,1,1,0,0
621e339967b776a240e502de,2022-01-16,1,1,0,0
621e33b067b776a240f39e56,2021-05-24,1,0,1,0
621e33b067b776a240f39e56,2021-05-28,1,1,0,0
621e33b067b776a240f39e56,2021-05-30,0,0,0,1
621e33b067b776a240f39e56,2021-06-02,1,1,0,1
621e33b067b776a240f39e56,2021-06-05,3,2,1,0
621e33b067b776a240f39e56,2021-06-06,1,1,0,0
621e33b067b776a240f39e56,2021-06-07,3,3,0,0
621e33b067b776a240f39e56,2021-06-09,1,1,0,0
621e33b067b776a240f39e56,2021-06-12,1,0,1,0
621e33b067b776a240f39e56,2021-06-14,2,2,0,0
621e33b067b776a240f39e56,2021-06-15,2,1,1,0
621e33b067b776a240f39e56,2021-06-18,1,0,1,0
621e33b067b776a240f39e56,2021-06-20,1,1,0,0
621e33b067b776a240f39e56,2021-06-25,1,1,0,0
621e33b067b776a240f39e56,2021-06-26,0,0,0,1
621e33b067b776a240f39e56,2021-06-28,1,0,1,0
621e33b067b776a240f39e56,2021-07-10,1,1,0,0
621e33b067b776a240f39e56,2021-07-11,1,0,1,0
621e33b067b776a240f39e56,2021-07-13,1,0,1,0
621e33b067b776a240f39e56,2021-07-14,3,0,3,0
621e33b067b776a240f39e56,2021-07-15,1,1,0,0
621e33b067b776a240f39e56,2021-07-16,1,1,0,0
621e33b067b776a240f39e56,2021-07-17,2,2,0,0
621e33b067b776a240f39e56,2021-07-19,1,1,0,0
621e33b067b776a240f39e56,2021-07-20,2,1,1,0
621e33b067b776a240f39e56,2021-07-22,2,0,2,0
621e33b067b776a240f39e56,2021-07-23,1,1,0,0
621e33b067b776a240f39e56,2021-07-25,1,0,1,0
621e33b067b776a240f39e56,2021-07-27,3,0,3,0
621e33cf67b776a240087de9,2021-11-04,2,0,2,1
621e33cf67b776a240087de9,2021-11-05,2,0,2,2
621e33cf67b776a240087de9,2021-11-08,1,0,1,0
621e33cf67b776a240087de9,2021-11-09,1,0,1,0
621e33cf67b776a240087de9,2021-11-10,2,0,2,0
621e33cf67b776a240087de9,2021-11-11,1,0,1,0
621e33cf67b776a240087de9,2021-11-12,1,0,1,0
621e33cf67b776a240087de9,2021-11-13,2,0,2,0
621e33cf67b776a240087de9,2021-11-14,4,0,4,1
621e33cf67b776a240087de9,2021-11-15,2,0,2,0
621e33cf67b776a240087de9,2021-11-16,1,0,1,0
621e33cf67b776a240087de9,2021-11-17,1,0,1,2
621e33cf67b776a240087de9,2021-11-18,2,0,2,0
621e33cf67b776a240087de9,2021-11-19,1,0,1,0
621e33cf67b776a240087de9,2021-11-20,1,1,1,0
621e33cf67b776a240087de9,2021-11-22,4,0,4,0
621e33cf67b776a240087de9,2021-11-23,1,0,1,0
621e33cf67b776a240087de9,2021-11-24,1,0,1,1
621e33cf67b776a240087de9,2021-11-26,2,0,2,0
621e33cf67b776a240087de9,2021-11-28,0,0,0,2
621e33cf67b776a240087de9,2021-11-29,1,0,1,0
621e33cf67b776a240087de9,2021-11-30,2,0,2,0
621e33cf67b776a240087de9,2021-12-02,2,0,2,1
621e33cf67b776a240087de9,2021-12-05,2,1,1,0
621e33cf67b776a240087de9,2021-12-06,1,0,1,0
621e33cf67b776a240087de9,2021-12-09,1,0,1,0
621e33cf67b776a240087de9,2021-12-10,1,0,1,0
621e33cf67b776a240087de9,2021-12-19,1,0,1,0
621e33cf67b776a240087de9,2021-12-20,2,0,2,0
621e33cf67b776a240087de9,2021-12-21,1,1,0,0
621e33cf67b776a240087de9,2021-12-23,1,0,1,0
621e33cf67b776a240087de9,2021-12-25,1,0,1,0
621e33cf67b776a240087de9,2021-12-26,1,0,1,0
621e33cf67b776a240087de9,2021-12-29,1,0,1,0
621e33cf67b776a240087de9,2022-01-03,2,0,2,0
621e33cf67b776a240087de9,2022-01-10,2,0,2,0
621e33cf67b776a240087de9,2022-01-11,1,0,1,2
621e33cf67b776a240087de9,2022-01-12,2,0,2,0
621e33cf67b776a240087de9,2022-01-13,2,0,2,0
621e33cf67b776a240087de9,2022-01-14,1,0,1,0
621e33cf67b776a240087de9,2022-01-15,2,1,1,0
621e33cf67b776a240087de9,2022-01-17,1,0,1,0
621e33ed67b776a2401cf5f7,2021-05-24,3,1,2,1
621e33ed67b776a2401cf5f7,2021-05-26,1,1,0,1
621e33ed67b776a2401cf5f7,2021-05-28,1,0,1,0
621e33ed67b776a2401cf5f7,2021-05-29,1,1,0,0
621e33ed67b776a2401cf5f7,2021-05-30,1,1,0,1
621e33ed67b776a2401cf5f7,2021-06-02,2,2,0,0
621e33ed67b776a2401cf5f7,2021-06-04,1,1,0,0
621e33ed67b776a2401cf5f7,2021-06-07,1,1,0,0
621e33ed67b776a2401cf5f7,2021-06-11,2,1,1,0
621e33ed67b776a2401cf5f7,2021-06-14,1,1,0,0
621e33ed67b776a2401cf5f7,2021-06-16,1,1,0,1
621e33ed67b776a2401cf5f7,2021-06-18,3,2,1,0
621e33ed67b776a2401cf5f7,2021-06-21,1,1,0,0
621e33ed67b776a2401cf5f7,2021-06-23,1,1,0,0
621e33ed67b776a2401cf5f7,2021-06-25,4,2,2,0
621e33ed67b776a2401cf5f7,2021-06-28,2,2,0,0
621e33ed67b776a2401cf5f7,2021-06-30,3,3,0,0
621e33ed67b776a2401cf5f7,2021-07-02,1,1,0,0
621e33ed67b776a2401cf5f7,2021-07-05,2,2,0,0
621e33ed67b776a2401cf5f7,2021-07-07,2,2,0,0
621e33ed67b776a2401cf5f7,2021-07-09,2,2,0,0
621e33ed67b776a2401cf5f7,2021-07-12,3,3,0,0
621e33ed67b776a2401cf5f7,2021-07-14,3,3,0,0
621e33ed67b776a2401cf5f7,2021-07-16,3,3,0,0
621e33ed67b776a2401cf5f7,2021-07-19,2,2,0,0
621e340467b776a2402d7982,2021-11-17,2,2,0,0
621e340467b776a2402d7982,2021-11-27,2,0,2,0
621e340467b776a2402d7982,2021-11-28,3,0,3,0
621e340467b776a2402d7982,2021-11-29,1,0,1,0
621e340467b776a2402d7982,2021-12-03,1,0,1,0
621e340467b776a2402d7982,2021-12-04,1,0,1,0
621e340467b776a2402d7982,2021-12-05,3,0,3,0
621e340467b776a2402d7982,2021-12-17,2,0,2,0
621e340467b776a2402d7982,2021-12-18,1,0,1,0
621e340467b776a2402d7982,2022-01-12,1,1,0,0
621e340467b776a2402d7982,2022-01-21,1,1,0,0
621e341067b776a24037b105,2021-05-25,1,0,1,0
621e341067b776a24037b105,2021-05-28,1,0,1,0
621e341067b776a24037b105,2021-05-29,1,0,1,0
621e341067b776a24037b105,2021-06-01,1,0,1,0
621e341067b776a24037b105,2021-06-04,4,0,4,0
621e341067b776a24037b105,2021-06-05,2,0,2,0
621e341067b776a24037b105,2021-06-07,1,0,1,0
621e341067b776a24037b105,2021-06-08,2,0,2,0
621e341067b776a24037b105,2021-06-12,1,0,1,0
621e341067b776a24037b105,2021-06-13,2,0,2,0
621e341067b776a24037b105,2021-06-16,1,0,1,0
621e341067b776a24037b105,2021-06-19,1,0,1,0
621e341067b776a24037b105,2021-06-20,1,0,1,0
621e341067b776a24037b105,2021-06-21,2,0,2,0
621e341067b776a24037b105,2021-06-25,1,0,1,0
621e341067b776a24037b105,2021-06-26,1,0,1,0
621e341067b776a24037b105,2021-06-27,2,0,2,0
621e341067b776a24037b105,2021-07-02,3,0,3,0
621e341067b776a24037b105,2021-07-03,1,0,1,0
621e341067b776a24037b105,2021-07-12,2,0,2,0
621e341067b776a24037b105,2021-07-18,0,0,0,1
621e341067b776a24037b105,2021-07-19,0,0,0,1
621e341067b776a24037b105,2021-07-20,0,0,0,1
621e341067b776a24037b105,2021-07-23,2,0,2,1
621e341067b776a24037b105,2021-07-25,1,0,1,0
621e341067b776a24037b105,2021-07-27,1,1,0,0
621e341067b776a24037b105,2021-07-29,2,1,1,0
621e341067b776a24037b105,2021-07-30,0,0,0,1
621e341067b776a24037b105,2021-08-08,1,0,1,0
621e341067b776a24037b105,2021-08-09,2,0,2,0
621e342e67b776a2404ce460,2021-06-16,2,0,2,0
621e342e67b776a2404ce460,2021-06-17,2,0,2,0
621e342e67b776a2404ce460,2021-06-18,2,0,2,0
621e342e67b776a2404ce460,2021-06-19,4,0,4,0
621e342e67b776a2404ce460,2021-06-21,2,0,2,0
621e342e67b776a2404ce460,2021-06-22,2,0,2,0
621e342e67b776a2404ce460,2021-06-23,2,0,2,0
621e342e67b776a2404ce460,2021-06-28,1,0,1,0
621e342e67b776a2404ce460,2021-06-30,2,0,2,0
621e342e67b776a2404ce460,2021-07-01,1,0,1,0
621e342e67b776a2404ce460,2021-07-02,2,0,2,0
621e342e67b776a2404ce460,2021-07-03,1,0,1,0
621e342e67b776a2404ce460,2021-07-04,2,0,2,0
621e342e67b776a2404ce460,2021-07-05,1,0,1,0
621e342e67b776a2404ce460,2021-07-07,7,0,7,0
621e342e67b776a2404ce460,2021-07-08,7,0,7,0
621e342e67b776a2404ce460,2021-07-09,4,0,4,0
621e342e67b776a2404ce460,2021-07-10,3,1,2,0
621e342e67b776a2404ce460,2021-07-11,3,0,3,0
621e342e67b776a2404ce460,2021-07-12,3,0,3,0
621e342e67b776a2404ce460,2021-07-20,2,0,2,0
621e342e67b776a2404ce460,2021-07-25,1,0,1,0
621e342e67b776a2404ce460,2021-07-26,1,0,1,0
621e342e67b776a2404ce460,2021-07-28,2,0,2,0
621e342e67b776a2404ce460,2021-07-29,2,0,2,0
621e342e67b776a2404ce460,2021-07-31,1,0,1,0
621e342e67b776a2404ce460,2021-08-01,2,0,2,0
621e342e67b776a2404ce460,2021-08-02,2,0,2,0
621e342e67b776a2404ce460,2021-08-03,4,0,4,0
621e342e67b776a2404ce460,2021-08-05,2,0,2,0
621e342e67b776a2404ce460,2021-08-06,1,0,1,0
621e342e67b776a2404ce460,2021-08-07,2,0,2,0
621e342e67b776a2404ce460,2021-08-08,1,0,1,0
621e342e67b776a2404ce460,2021-08-09,3,0,3,0
621e342e67b776a2404ce460,2021-08-10,1,0,1,0
621e342e67b776a2404ce460,2021-08-11,1,0,1,0
621e342e67b776a2404ce460,2021-08-13,1,0,1,0
621e342e67b776a2404ce460,2021-08-16,1,0,1,0
621e342e67b776a2404ce460,2021-08-17,1,0,1,0
621e342e67b776a2404ce460,2021-08-18,1,1,0,0
621e342e67b776a2404ce460,2021-08-19,1,0,1,0
621e342e67b776a2404ce460,2021-08-20,1,0,1,0
621e342e67b776a2404ce460,2021-08-21,3,0,3,0
621e342e67b776a2404ce460,2021-08-23,1,0,1,0
621e342e67b776a2404ce460,2021-09-02,1,0,1,0
621e342e67b776a2404ce460,2021-09-04,1,0,1,0
621e342e67b776a2404ce460,2021-09-05,1,0,1,0
621e342e67b776a2404ce460,2021-09-11,2,0,2,0
621e342e67b776a2404ce460,2021-09-18,1,0,1,0
621e342e67b776a2404ce460,2021-09-19,2,0,2,0
621e342e67b776a2404ce460,2021-09-22,2,0,2,0
621e342e67b776a2404ce460,2021-09-23,1,0,1,0
621e342e67b776a2404ce460,2021-09-24,2,0,2,0
621e342e67b776a2404ce460,2021-09-25,2,0,2,0
621e342e67b776a2404ce460,2021-09-27,1,0,1,0
621e342e67b776a2404ce460,2021-09-28,1,0,1,0
621e342e67b776a2404ce460,2021-09-29,1,0,1,0
621e342e67b776a2404ce460,2021-10-01,2,0,2,0
621e342e67b776a2404ce460,2021-10-11,1,0,1,0
621e342e67b776a2404ce460,2021-10-16,1,0,1,0
621e342e67b776a2404ce460,2021-10-17,4,0,4,0
621e342e67b776a2404ce460,2021-10-22,1,0,1,0
621e342e67b776a2404ce460,2021-10-23,1,0,1,0
621e342e67b776a2404ce460,2021-10-25,1,0,1,0
621e342e67b776a2404ce460,2021-10-26,1,0,1,0
621e342e67b776a2404ce460,2021-10-30,1,0,1,0
621e342e67b776a2404ce460,2021-10-31,1,0,1,0
621e342e67b776a2404ce460,2021-11-04,1,0,1,0
621e342e67b776a2404ce460,2021-11-05,1,0,1,0
621e342e67b776a2404ce460,2021-11-06,1,0,1,0
621e342e67b776a2404ce460,2021-11-07,1,0,1,0
621e342e67b776a2404ce460,2021-11-16,1,0,1,0
621e342e67b776a2404ce460,2021-11-18,3,0,3,0
621e342e67b776a2404ce460,2021-11-26,1,0,1,0
621e342e67b776a2404ce460,2021-11-27,1,0,1,0
621e342e67b776a2404ce460,2021-12-07,1,0,1,0
621e342e67b776a2404ce460,2021-12-08,1,0,1,0
621e342e67b776a2404ce460,2021-12-09,1,0,1,0
621e345267b776a240691064,2021-10-16,1,0,1,0
621e345267b776a240691064,2021-10-17,3,0,3,0
621e345267b776a240691064,2021-10-19,1,0,1,0
621e345267b776a240691064,2021-10-21,1,0,1,0
621e345267b776a240691064,2021-10-22,1,0,1,0
621e345267b776a240691064,2021-10-24,2,0,2,0
621e345267b776a240691064,2021-10-25,1,1,0,0
621e345267b776a240691064,2021-11-14,2,0,2,0
621e345267b776a240691064,2021-11-19,1,0,1,0
621e345267b776a240691064,2021-11-23,1,0,1,0
621e345c67b776a2407146a8,2021-05-26,1,1,0,0
621e345c67b776a2407146a8,2021-05-28,1,0,1,0
621e345c67b776a2407146a8,2021-05-29,2,0,2,0
621e345c67b776a2407146a8,2021-05-30,1,1,0,0
621e345c67b776a2407146a8,2021-05-31,1,1,0,0
621e345c67b776a2407146a8,2021-06-03,1,0,1,0
621e345c67b776a2407146a8,2021-06-05,1,0,1,0
621e345c67b776a2407146a8,2021-06-07,1,1,0,0
621e345c67b776a2407146a8,2021-06-08,1,0,1,0
621e345c67b776a2407146a8,2021-06-14,1,1,0,0
621e345c67b776a2407146a8,2021-06-16,1,1,0,0
621e345c67b776a2407146a8,2021-06-29,1,0,1,0
621e345c67b776a2407146a8,2021-07-02,1,0,1,0
621e345c67b776a2407146a8,2021-07-05,1,0,1,0
621e345c67b776a2407146a8,2021-07-06,1,0,1,0
621e345c67b776a2407146a8,2021-08-13,1,0,1,0
621e345c67b776a2407146a8,2021-08-17,1,0,1,0
621e346f67b776a24081744f,2021-05-28,2,0,2,0
621e346f67b776a24081744f,2021-06-04,2,0,2,0
621e346f67b776a24081744f,2021-06-05,1,0,1,0
621e346f67b776a24081744f,2021-06-13,2,0,2,0
621e346f67b776a24081744f,2021-06-16,1,0,1,0
621e346f67b776a24081744f,2021-06-19,1,0,1,0
621e346f67b776a24081744f,2021-06-20,1,0,1,0
621e346f67b776a24081744f,2021-06-21,2,0,2,0
621e346f67b776a24081744f,2021-06-25,1,0,1,0
621e346f67b776a24081744f,2021-06-26,2,0,2,0
621e346f67b776a24081744f,2021-06-27,2,0,2,0
621e346f67b776a24081744f,2021-07-03,1,0,1,0
621e346f67b776a24081744f,2021-07-07,1,1,0,0
621e346f67b776a24081744f,2021-07-16,2,0,2,0
621e346f67b776a24081744f,2021-07-21,1,0,1,0
621e346f67b776a24081744f,2021-07-23,2,0,2,0
621e346f67b776a24081744f,2021-07-31,2,0,2,0
621e346f67b776a24081744f,2021-08-08,1,0,1,0
621e346f67b776a24081744f,2021-08-11,1,0,1,0
621e346f67b776a24081744f,2021-08-18,1,1,0,0
621e346f67b776a24081744f,2021-08-19,1,0,1,0
621e346f67b776a24081744f,2021-08-22,1,1,0,0
621e346f67b776a24081744f,2021-08-25,2,0,2,0
621e346f67b776a24081744f,2021-08-27,4,0,4,0
621e346f67b776a24081744f,2021-08-28,3,1,2,0
621e346f67b776a24081744f,2021-08-29,1,0,1,0
621e346f67b776a24081744f,2021-08-30,5,1,4,0
621e346f67b776a24081744f,2021-09-01,1,1,0,0
621e346f67b776a24081744f,2021-09-03,1,1,0,0
621e346f67b776a24081744f,2021-09-05,1,1,0,0
621e346f67b776a24081744f,2021-09-09,1,1,0,0
621e346f67b776a24081744f,2021-09-10,1,0,1,0
621e346f67b776a24081744f,2021-09-11,1,1,0,0
621e346f67b776a24081744f,2021-09-12,1,0,1,0
621e346f67b776a24081744f,2021-09-15,1,1,0,0
621e346f67b776a24081744f,2021-09-17,1,0,1,0
621e346f67b776a24081744f,2021-09-18,3,1,2,0
621e346f67b776a24081744f,2021-09-26,2,0,2,0
621e346f67b776a24081744f,2021-10-01,1,0,1,0
621e346f67b776a24081744f,2021-10-02,6,0,6,0
621e346f67b776a24081744f,2021-10-03,2,0,2,0
621e346f67b776a24081744f,2021-10-05,2,0,2,0
621e346f67b776a24081744f,2021-10-06,1,0,1,0
621e346f67b776a24081744f,2021-10-09,2,0,2,0
621e346f67b776a24081744f,2021-10-15,2,0,2,0
621e346f67b776a24081744f,2021-10-19,1,0,1,0
621e346f67b776a24081744f,2021-10-31,1,0,1,0
621e346f67b776a24081744f,2021-11-05,1,0,1,0
621e346f67b776a24081744f,2021-11-06,2,0,2,0
621e346f67b776a24081744f,2021-11-07,2,0,2,0
621e346f67b776a24081744f,2021-11-13,1,0,1,0
621e346f67b776a24081744f,2021-11-14,1,0,1,0
621e346f67b776a24081744f,2021-11-19,2,0,2,0
621e346f67b776a24081744f,2021-11-20,4,0,4,0
621e346f67b776a24081744f,2021-11-24,1,0,1,0
621e346f67b776a24081744f,2021-11-26,1,0,1,0
621e346f67b776a24081744f,2021-11-30,1,0,1,0
621e346f67b776a24081744f,2021-12-04,2,0,2,0
621e346f67b776a24081744f,2021-12-08,1,0,1,0
621e346f67b776a24081744f,2021-12-10,1,0,1,0
621e346f67b776a24081744f,2021-12-11,2,0,2,0
621e346f67b776a24081744f,2021-12-12,1,0,1,0
621e346f67b776a24081744f,2021-12-19,2,0,2,0
621e346f67b776a24081744f,2021-12-20,2,0,2,0
621e346f67b776a24081744f,2021-12-21,2,0,2,0
621e346f67b776a24081744f,2021-12-22,1,0,1,0
621e346f67b776a24081744f,2021-12-25,3,0,3,0
621e346f67b776a24081744f,2022-01-05,1,0,1,0
621e346f67b776a24081744f,2022-01-16,2,0,2,0
621e34ca67b776a240be3b69,2021-05-28,1,0,1,0
621e34ca67b776a240be3b69,2021-05-29,1,0,1,0
621e34ca67b776a240be3b69,2021-06-01,1,0,1,0
621e34ca67b776a240be3b69,2021-06-04,1,0,1,0
621e34ca67b776a240be3b69,2021-06-05,1,0,1,0
621e34ca67b776a240be3b69,2021-06-18,2,0,2,0
621e34ca67b776a240be3b69,2021-06-22,1,0,1,0
621e34ca67b776a240be3b69,2021-06-26,3,0,3,0
621e34ca67b776a240be3b69,2021-07-01,1,0,1,0
621e34ca67b776a240be3b69,2021-07-08,1,0,1,0
621e34ca67b776a240be3b69,2021-07-09,1,0,1,0
621e34db67b776a240c9c2be,2021-05-25,2,1,1,0
621e34db67b776a240c9c2be,2021-05-26,1,0,1,0
621e34db67b776a240c9c2be,2021-05-28,1,0,1,1
621e34db67b776a240c9c2be,2021-05-29,1,0,1,0
621e34db67b776a240c9c2be,2021-06-05,1,0,1,0
621e34db67b776a240c9c2be,2021-06-07,1,0,1,0
621e34db67b776a240c9c2be,2021-06-09,1,0,1,0
621e34db67b776a240c9c2be,2021-06-10,0,0,0,1
621e34db67b776a240c9c2be,2021-06-13,1,0,1,0
621e34db67b776a240c9c2be,2021-06-18,1,0,1,0
621e34db67b776a240c9c2be,2021-06-19,1,0,1,0
621e34db67b776a240c9c2be,2021-06-20,1,0,1,0
621e34db67b776a240c9c2be,2021-06-21,1,0,1,0
621e34ec67b776a240d60873,2021-05-29,1,0,1,0
621e34ec67b776a240d60873,2021-05-31,1,1,0,0
621e34ec67b776a240d60873,2021-06-01,1,0,1,0
621e34ec67b776a240d60873,2021-06-02,2,0,2,0
621e34ec67b776a240d60873,2021-06-06,1,0,1,0
621e34ec67b776a240d60873,2021-06-07,2,0,2,0
621e34ec67b776a240d60873,2021-06-08,1,0,1,0
621e34ec67b776a240d60873,2021-06-09,1,0,1,0
621e34ec67b776a240d60873,2021-06-10,2,0,2,0
621e34ec67b776a240d60873,2021-06-21,1,0,1,0
621e34f767b776a240de4e1a,2021-05-29,2,0,2,0
621e34f767b776a240de4e1a,2021-05-30,1,0,1,0
621e34f767b776a240de4e1a,2021-06-11,1,0,1,0
621e34f767b776a240de4e1a,2021-06-15,1,0,1,0
621e34f767b776a240de4e1a,2021-07-04,2,0,2,0
621e34f767b776a240de4e1a,2021-07-19,2,0,2,0
621e34f767b776a240de4e1a,2021-07-20,1,0,1,0
621e34f767b776a240de4e1a,2021-07-22,1,0,1,0
621e34f767b776a240de4e1a,2021-07-25,1,0,1,0
621e34ff67b776a240e446d6,2021-05-25,1,0,1,0
621e34ff67b776a240e446d6,2021-05-26,0,0,0,1
621e34ff67b776a240e446d6,2021-05-27,3,0,3,0
621e34ff67b776a240e446d6,2021-05-28,4,0,4,0
621e34ff67b776a240e446d6,2021-05-30,1,0,1,0
621e34ff67b776a240e446d6,2021-06-01,3,0,3,0
621e34ff67b776a240e446d6,2021-06-03,3,0,3,0
621e34ff67b776a240e446d6,2021-06-04,1,0,1,0
621e34ff67b776a240e446d6,2021-06-05,2,1,2,0
621e34ff67b776a240e446d6,2021-06-07,2,1,1,0
621e34ff67b776a240e446d6,2021-06-08,2,0,2,0
621e34ff67b776a240e446d6,2021-06-09,1,0,1,0
621e34ff67b776a240e446d6,2021-06-10,2,0,2,1
621e34ff67b776a240e446d6,2021-06-11,1,0,1,0
621e34ff67b776a240e446d6,2021-06-12,2,0,2,0
621e34ff67b776a240e446d6,2021-06-17,3,2,1,0
621e34ff67b776a240e446d6,2021-06-18,3,3,0,0
621e34ff67b776a240e446d6,2021-06-19,4,3,1,0
621e34ff67b776a240e446d6,2021-06-21,3,2,1,0
621e34ff67b776a240e446d6,2021-06-22,1,1,1,0
621e34ff67b776a240e446d6,2021-06-23,3,2,1,0
621e34ff67b776a240e446d6,2021-06-25,2,1,1,0
621e34ff67b776a240e446d6,2021-06-26,2,2,0,0
621e34ff67b776a240e446d6,2021-06-28,1,1,0,0
621e34ff67b776a240e446d6,2021-06-29,1,1,0,0
621e34ff67b776a240e446d6,2021-06-30,1,1,0,0
621e34ff67b776a240e446d6,2021-07-02,1,1,0,0
621e34ff67b776a240e446d6,2021-07-03,3,3,0,0
621e34ff67b776a240e446d6,2021-07-05,1,1,1,0
621e34ff67b776a240e446d6,2021-07-06,3,2,1,0
621e34ff67b776a240e446d6,2021-07-07,1,0,1,0
621e34ff67b776a240e446d6,2021-07-08,2,2,0,1
621e34ff67b776a240e446d6,2021-07-12,1,1,0,0
621e34ff67b776a240e446d6,2021-07-14,3,3,1,0
621e34ff67b776a240e446d6,2021-07-15,0,0,0,1
621e34ff67b776a240e446d6,2021-07-17,3,2,1,0
621e34ff67b776a240e446d6,2021-07-19,1,1,0,0
621e34ff67b776a240e446d6,2021-07-20,1,1,0,0
621e34ff67b776a240e446d6,2021-07-21,1,0,1,0
621e34ff67b776a240e446d6,2021-07-22,3,3,1,0
621e34ff67b776a240e446d6,2021-07-23,3,2,1,0
621e34ff67b776a240e446d6,2021-07-24,4,3,1,0
621e34ff67b776a240e446d6,2021-07-25,2,1,1,0
621e351a67b776a240f6204b,2021-05-31,1,0,1,0
621e351a67b776a240f6204b,2021-06-01,1,1,0,0
621e351a67b776a240f6204b,2021-06-02,2,2,0,0
621e351a67b776a240f6204b,2021-06-03,2,2,0,0
621e351a67b776a240f6204b,2021-06-06,2,2,1,0
621e351a67b776a240f6204b,2021-06-08,2,0,2,0
621e351a67b776a240f6204b,2021-06-10,2,2,0,0
621e351a67b776a240f6204b,2021-06-11,1,0,1,0
621e351a67b776a240f6204b,2021-06-14,2,2,0,0
621e351a67b776a240f6204b,2021-06-15,2,2,0,0
621e351a67b776a240f6204b,2021-06-16,2,2,0,0
621e351a67b776a240f6204b,2021-06-17,1,0,1,0
621e351a67b776a240f6204b,2021-06-18,1,1,0,0
621e351a67b776a240f6204b,2021-06-21,2,2,0,0
621e351a67b776a240f6204b,2021-06-22,2,2,0,0
621e351a67b776a240f6204b,2021-06-23,1,0,1,0
621e351a67b776a240f6204b,2021-06-24,3,3,0,0
621e351a67b776a240f6204b,2021-06-28,2,2,0,0
621e351a67b776a240f6204b,2021-06-29,1,1,0,0
621e351a67b776a240f6204b,2021-07-04,2,2,0,0
621e351a67b776a240f6204b,2021-07-05,2,2,0,0
621e351a67b776a240f6204b,2021-07-06,1,0,1,0
621e351a67b776a240f6204b,2021-07-09,1,0,1,0
621e351a67b776a240f6204b,2021-07-12,2,2,0,0
621e351a67b776a240f6204b,2021-07-13,3,2,1,0
621e351a67b776a240f6204b,2021-07-14,2,2,0,0
621e351a67b776a240f6204b,2021-07-15,2,2,0,0
621e351a67b776a240f6204b,2021-07-17,2,1,1,0
621e351a67b776a240f6204b,2021-07-18,3,0,3,0
621e351a67b776a240f6204b,2021-07-19,3,0,3,0
621e351a67b776a240f6204b,2021-07-20,1,0,1,0
621e351a67b776a240f6204b,2021-07-22,2,2,0,0
621e351a67b776a240f6204b,2021-07-23,1,0,1,0
621e351a67b776a240f6204b,2021-07-27,3,3,0,0
621e351a67b776a240f6204b,2021-07-28,2,2,0,0
621e351a67b776a240f6204b,2021-08-01,2,0,2,0
621e351a67b776a240f6204b,2021-08-02,1,0,1,0
621e351a67b776a240f6204b,2021-08-03,4,0,4,0
621e351a67b776a240f6204b,2021-08-05,1,0,1,0
621e351a67b776a240f6204b,2021-08-08,2,0,2,0
621e351a67b776a240f6204b,2021-08-09,2,1,1,0
621e351a67b776a240f6204b,2021-08-10,2,0,2,0
621e351a67b776a240f6204b,2021-08-12,2,2,0,0
621e351a67b776a240f6204b,2021-08-13,4,2,2,0
621e351a67b776a240f6204b,2021-08-19,2,1,1,0
621e351a67b776a240f6204b,2021-08-21,1,0,1,0
621e351a67b776a240f6204b,2021-08-22,1,1,0,0
621e351a67b776a240f6204b,2021-08-24,1,0,1,0
621e351a67b776a240f6204b,2021-08-25,1,0,1,0
621e351a67b776a240f6204b,2021-08-30,1,0,1,0
621e351a67b776a240f6204b,2021-09-01,1,0,1,0
621e351a67b776a240f6204b,2021-09-02,1,0,1,0
621e351a67b776a240f6204b,2021-09-03,2,0,2,0
621e351a67b776a240f6204b,2021-09-04,1,0,1,0
621e351a67b776a240f6204b,2021-09-06,1,0,1,0
621e351a67b776a240f6204b,2021-09-09,2,0,2,0
621e351a67b776a240f6204b,2021-09-11,1,0,1,0
621e356967b776a24027bd9f,2021-11-15,1,1,0,0
621e356967b776a24027bd9f,2021-11-16,1,1,0,0
621e356967b776a24027bd9f,2021-11-17,1,1,0,0
621e356967b776a24027bd9f,2021-11-19,1,0,1,0
621e356967b776a24027bd9f,2021-11-20,1,0,1,0
621e356967b776a24027bd9f,2021-11-22,1,1,0,0
621e356967b776a24027bd9f,2021-11-23,1,1,0,0
621e356967b776a24027bd9f,2021-11-25,1,1,0,0
621e356967b776a24027bd9f,2021-11-28,1,1,0,0
621e356967b776a24027bd9f,2021-11-29,1,1,0,0
621e356967b776a24027bd9f,2021-11-30,1,1,0,0
621e356967b776a24027bd9f,2021-12-21,1,0,1,0
621e356967b776a24027bd9f,2021-12-26,1,0,1,0
621e356967b776a24027bd9f,2021-12-29,1,0,1,0
621e356967b776a24027bd9f,2022-01-01,1,0,1,0
621e356967b776a24027bd9f,2022-01-03,1,1,0,0
621e356967b776a24027bd9f,2022-01-04,1,1,0,0
621e356967b776a24027bd9f,2022-01-05,1,1,0,0
621e356967b776a24027bd9f,2022-01-06,1,0,1,0
621e356967b776a24027bd9f,2022-01-07,1,1,0,0
621e356967b776a24027bd9f,2022-01-10,1,1,0,0
621e356967b776a24027bd9f,2022-01-13,1,1,0,0
621e356967b776a24027bd9f,2022-01-14,1,1,0,0
621e356967b776a24027bd9f,2022-01-16,1,1,0,0
621e356967b776a24027bd9f,2022-01-17,1,1,0,0
621e356967b776a24027bd9f,2022-01-20,1,0,1,0
621e360b67b776a24039709f,2021-05-26,1,0,1,0
621e360b67b776a24039709f,2021-05-27,2,0,2,0
621e360b67b776a24039709f,2021-05-28,3,0,3,0
621e360b67b776a24039709f,2021-05-30,1,0,1,0
621e360b67b776a24039709f,2021-06-01,1,0,1,0
621e360b67b776a24039709f,2021-06-02,2,1,1,0
621e360b67b776a24039709f,2021-06-03,2,0,2,0
621e360b67b776a24039709f,2021-06-05,6,0,6,0
621e360b67b776a24039709f,2021-06-06,2,0,2,1
621e360b67b776a24039709f,2021-06-07,2,0,2,0
621e360b67b776a24039709f,2021-06-08,1,0,1,0
621e360b67b776a24039709f,2021-06-12,4,0,4,0
621e360b67b776a24039709f,2021-06-13,2,0,2,0
621e360b67b776a24039709f,2021-06-14,1,0,1,0
621e360b67b776a24039709f,2021-06-17,4,0,4,0
621e360b67b776a24039709f,2021-06-19,4,0,4,0
621e360b67b776a24039709f,2021-06-20,3,0,3,0
621e360b67b776a24039709f,2021-06-22,1,0,1,0
621e360b67b776a24039709f,2021-06-23,2,0,2,0
621e360b67b776a24039709f,2021-06-26,5,1,4,0
621e360b67b776a24039709f,2021-06-27,1,0,1,0
621e360b67b776a24039709f,2021-07-01,2,0,2,0
621e360b67b776a24039709f,2021-07-02,1,0,1,0
621e360b67b776a24039709f,2021-07-03,2,0,2,0
621e360b67b776a24039709f,2021-07-04,2,0,2,0
621e360b67b776a24039709f,2021-07-06,1,0,1,0
621e360b67b776a24039709f,2021-07-07,3,0,3,0
621e360b67b776a24039709f,2021-07-09,1,0,1,0
621e360b67b776a24039709f,2021-07-10,1,0,1,0
621e360b67b776a24039709f,2021-07-11,3,1,2,0
621e360b67b776a24039709f,2021-07-14,1,0,1,0
621e360b67b776a24039709f,2021-07-15,2,0,2,0
621e360b67b776a24039709f,2021-07-19,1,0,1,0
621e360b67b776a24039709f,2021-07-20,1,0,1,0
621e360b67b776a24039709f,2021-07-22,2,0,2,0
621e360b67b776a24039709f,2021-07-23,1,0,1,0
621e360b67b776a24039709f,2021-07-27,3,0,3,0
621e360b67b776a24039709f,2021-07-28,1,0,1,0
621e360b67b776a24039709f,2021-07-30,2,0,2,0
621e362467b776a2404ad513,2021-05-24,1,0,1,0
621e362467b776a2404ad513,2021-05-29,2,0,2,0
621e362467b776a2404ad513,2021-05-30,6,0,6,0
621e362467b776a2404ad513,2021-05-31,1,0,1,0
621e362467b776a2404ad513,2021-06-02,2,0,2,0
621e362467b776a2404ad513,2021-06-03,2,0,2,0
621e362467b776a2404ad513,2021-06-04,1,0,1,0
621e362467b776a2404ad513,2021-06-05,1,0,1,0
621e362467b776a2404ad513,2021-06-12,4,0,4,0
621e362467b776a2404ad513,2021-06-13,1,0,1,0
621e362467b776a2404ad513,2021-06-14,3,0,3,0
621e362467b776a2404ad513,2021-06-15,2,0,2,0
621e362467b776a2404ad513,2021-06-16,1,0,1,0
621e362467b776a2404ad513,2021-06-18,2,0,2,0
621e362467b776a2404ad513,2021-06-19,1,0,1,0
621e362467b776a2404ad513,2021-06-20,2,0,2,0
621e362467b776a2404ad513,2021-06-21,2,0,2,0
621e362467b776a2404ad513,2021-06-22,3,0,3,0
621e362467b776a2404ad513,2021-06-23,2,0,2,0
621e362467b776a2404ad513,2021-06-24,1,0,1,0
621e362467b776a2404ad513,2021-06-25,1,0,1,0
621e362467b776a2404ad513,2021-06-26,3,0,3,0
621e362467b776a2404ad513,2021-06-28,2,0,2,0
621e362467b776a2404ad513,2021-06-29,2,0,2,0
621e362467b776a2404ad513,2021-06-30,2,0,2,0
621e362467b776a2404ad513,2021-07-01,1,0,1,0
621e362467b776a2404ad513,2021-07-03,4,0,4,0
621e362467b776a2404ad513,2021-07-10,1,0,1,0
621e362467b776a2404ad513,2021-07-12,1,0,1,0
621e362467b776a2404ad513,2021-07-13,1,0,1,0
621e362467b776a2404ad513,2021-07-15,2,0,2,0
621e362467b776a2404ad513,2021-07-17,1,0,1,0
621e362467b776a2404ad513,2021-07-27,1,0,1,0
621e362467b776a2404ad513,2021-07-31,1,0,1,0
621e366567b776a24076a727,2021-11-14,0,0,0,1
621e366567b776a24076a727,2021-11-16,1,1,0,0
621e366567b776a24076a727,2021-11-17,1,1,0,1
621e366567b776a24076a727,2021-11-18,1,1,0,1
621e366567b776a24076a727,2021-11-19,1,1,0,0
621e366567b776a24076a727,2021-11-20,1,0,1,0
621e366567b776a24076a727,2021-11-21,1,1,0,0
621e366567b776a24076a727,2021-11-22,1,1,0,0
621e366567b776a24076a727,2021-11-23,1,1,0,0
621e366567b776a24076a727,2021-11-24,1,1,0,0
621e366567b776a24076a727,2021-11-25,1,1,0,0
621e366567b776a24076a727,2021-11-26,4,1,3,0
621e366567b776a24076a727,2021-11-27,2,0,2,0
621e366567b776a24076a727,2021-11-29,1,1,0,0
621e366567b776a24076a727,2021-11-30,1,1,0,0
621e366567b776a24076a727,2021-12-01,1,1,0,0
621e366567b776a24076a727,2021-12-02,1,0,1,0
621e366567b776a24076a727,2021-12-04,1,1,0,0
621e366567b776a24076a727,2021-12-06,1,1,0,0
621e366567b776a24076a727,2021-12-07,1,1,0,0
621e366567b776a24076a727,2021-12-08,1,1,0,0
621e366567b776a24076a727,2021-12-16,1,0,1,0
621e366567b776a24076a727,2021-12-17,2,0,2,0
621e366567b776a24076a727,2021-12-18,2,2,0,0
621e366567b776a24076a727,2021-12-19,1,0,1,0
621e366567b776a24076a727,2021-12-22,1,0,1,0
621e366567b776a24076a727,2021-12-25,2,1,1,0
621e366567b776a24076a727,2021-12-26,1,1,0,0
621e366567b776a24076a727,2021-12-27,1,1,0,0
621e366567b776a24076a727,2021-12-28,1,1,0,0
621e366567b776a24076a727,2021-12-29,1,1,0,0
621e366567b776a24076a727,2021-12-30,1,1,0,0
621e366567b776a24076a727,2022-01-01,2,1,1,0
621e366567b776a24076a727,2022-01-02,2,0,2,0
621e366567b776a24076a727,2022-01-03,2,2,0,0
621e366567b776a24076a727,2022-01-04,1,1,0,0
621e366567b776a24076a727,2022-01-05,1,1,0,0
621e366567b776a24076a727,2022-01-06,1,0,1,0
621e367e67b776a24087d75d,2021-05-25,1,0,1,0
621e367e67b776a24087d75d,2021-05-28,1,0,1,0
621e367e67b776a24087d75d,2021-05-29,1,0,1,0
621e367e67b776a24087d75d,2021-06-01,1,0,1,0
621e367e67b776a24087d75d,2021-06-04,4,0,4,0
621e367e67b776a24087d75d,2021-06-05,2,0,2,0
621e367e67b776a24087d75d,2021-06-07,1,0,1,0
621e367e67b776a24087d75d,2021-06-08,2,0,2,0
621e367e67b776a24087d75d,2021-06-12,1,0,1,0
621e367e67b776a24087d75d,2021-06-13,2,0,2,0
621e367e67b776a24087d75d,2021-06-16,1,0,1,0
621e367e67b776a24087d75d,2021-06-19,1,0,1,0
621e367e67b776a24087d75d,2021-06-20,1,0,1,0
621e367e67b776a24087d75d,2021-06-21,2,0,2,0
621e367e67b776a24087d75d,2021-06-25,1,0,1,0
621e367e67b776a24087d75d,2021-06-26,1,0,1,0
621e367e67b776a24087d75d,2021-06-27,2,0,2,0
621e367e67b776a24087d75d,2021-07-02,3,0,3,0
621e367e67b776a24087d75d,2021-07-03,1,0,1,0
621e367e67b776a24087d75d,2021-07-12,2,0,2,0
621e367e67b776a24087d75d,2021-07-18,0,0,0,1
621e367e67b776a24087d75d,2021-07-19,0,0,0,1
621e367e67b776a24087d75d,2021-07-20,0,0,0,1
621e367e67b776a24087d75d,2021-07-23,2,0,2,1
621e367e67b776a24087d75d,2021-07-25,1,0,1,0
621e367e67b776a24087d75d,2021-07-27,1,1,0,0
621e367e67b776a24087d75d,2021-07-29,2,1,1,0
621e367e67b776a24087d75d,2021-07-30,0,0,0,1
621e367e67b776a24087d75d,2021-08-08,1,0,1,0
621e367e67b776a24087d75d,2021-08-09,2,0,2,0
621e367e67b776a24087d75d,2021-08-30,3,0,3,0
621e367e67b776a24087d75d,2021-09-06,1,1,0,0
621e367e67b776a24087d75d,2021-09-09,1,1,0,0
621e367e67b776a24087d75d,2021-09-26,2,0,2,0
621e367e67b776a24087d75d,2021-10-01,6,1,6,0
621e367e67b776a24087d75d,2021-10-02,5,0,5,0
621e367e67b776a24087d75d,2021-10-26,0,0,0,1
621e367e67b776a24087d75d,2021-10-31,2,0,2,0
621e367e67b776a24087d75d,2021-11-04,1,1,0,0
621e367e67b776a24087d75d,2021-11-05,2,1,1,0
621e367e67b776a24087d75d,2021-11-06,2,0,2,0
621e367e67b776a24087d75d,2021-11-07,1,0,1,0
621e367e67b776a24087d75d,2021-11-29,1,1,0,0
621e367e67b776a24087d75d,2021-12-04,2,0,2,0
621e367e67b776a24087d75d,2021-12-10,0,0,0,1
621e367e67b776a24087d75d,2022-01-16,2,0,2,0
621e36bb67b776a240b40d64,2021-05-29,1,0,1,0
621e36bb67b776a240b40d64,2021-06-11,2,0,2,0
621e36bb67b776a240b40d64,2021-06-12,1,0,1,0
621e36bb67b776a240b40d64,2021-06-13,1,0,1,0
621e36bb67b776a240b40d64,2021-06-14,3,0,3,0
621e36bb67b776a240b40d64,2021-06-17,1,0,1,0
621e36bb67b776a240b40d64,2021-06-18,1,0,1,0
621e36bb67b776a240b40d64,2021-06-21,1,0,1,0
621e36bb67b776a240b40d64,2021-06-24,1,0,1,0
621e36bb67b776a240b40d64,2021-06-25,1,0,1,0
621e36bb67b776a240b40d64,2021-06-26,3,1,2,0
621e36bb67b776a240b40d64,2021-06-27,2,2,0,0
621e36bb67b776a240b40d64,2021-06-29,1,0,1,0
621e36bb67b776a240b40d64,2021-06-30,1,0,1,0
621e36bb67b776a240b40d64,2021-07-01,1,0,1,0
621e36bb67b776a240b40d64,2021-07-05,2,0,2,0
621e36bb67b776a240b40d64,2021-07-07,2,0,2,0
621e36bb67b776a240b40d64,2021-07-27,3,0,3,0
621e36c267b776a240ba2756,2021-05-24,1,0,1,0
621e36c267b776a240ba2756,2021-05-25,1,0,1,0
621e36c267b776a240ba2756,2021-05-26,1,0,1,0
621e36c267b776a240ba2756,2021-05-27,3,0,3,0
621e36c267b776a240ba2756,2021-05-28,2,0,2,0
621e36c267b776a240ba2756,2021-05-29,2,0,2,0
621e36c267b776a240ba2756,2021-06-01,3,1,2,0
621e36c267b776a240ba2756,2021-06-02,3,0,3,0
621e36c267b776a240ba2756,2021-06-03,1,0,1,0
621e36c267b776a240ba2756,2021-06-04,2,1,1,0
621e36c267b776a240ba2756,2021-06-05,1,0,1,0
621e36c267b776a240ba2756,2021-06-06,1,0,1,0
621e36c267b776a240ba2756,2021-06-07,1,0,1,0
621e36c267b776a240ba2756,2021-06-08,2,0,2,0
621e36c267b776a240ba2756,2021-06-11,2,0,2,0
621e36c267b776a240ba2756,2021-06-12,5,1,4,0
621e36c267b776a240ba2756,2021-06-13,1,0,1,0
621e36c267b776a240ba2756,2021-06-14,3,0,3,0
621e36c267b776a240ba2756,2021-06-18,1,0,1,0
621e36c267b776a240ba2756,2021-06-19,1,1,0,0
621e36c267b776a240ba2756,2021-06-20,3,0,3,0
621e36c267b776a240ba2756,2021-06-21,1,0,1,0
621e36c267b776a240ba2756,2021-06-25,2,0,2,0
621e36c267b776a240ba2756,2021-06-29,1,0,1,0
621e36c267b776a240ba2756,2021-06-30,1,0,1,0
621e36c267b776a240ba2756,2021-07-01,1,0,1,0
621e36c267b776a240ba2756,2021-07-02,2,0,2,0
621e36c267b776a240ba2756,2021-07-03,2,1,2,0
621e36c267b776a240ba2756,2021-07-05,3,1,2,0
621e36c267b776a240ba2756,2021-07-06,1,0,1,0
621e36c267b776a240ba2756,2021-07-07,4,0,4,0
621e36c267b776a240ba2756,2021-07-08,2,0,2,0
621e36c267b776a240ba2756,2021-07-09,2,0,2,0
621e36c267b776a240ba2756,2021-07-10,3,0,3,0
621e36c267b776a240ba2756,2021-07-11,3,0,3,0
621e36c267b776a240ba2756,2021-07-12,2,0,2,0
621e36c267b776a240ba2756,2021-07-13,3,1,2,0
621e36c267b776a240ba2756,2021-07-14,2,0,2,0
621e36c267b776a240ba2756,2021-07-15,3,1,2,0
621e36c267b776a240ba2756,2021-07-16,1,0,1,0
621e36c267b776a240ba2756,2021-07-17,5,1,4,0
621e36c267b776a240ba2756,2021-07-18,5,1,4,0
621e36c267b776a240ba2756,2021-07-19,2,0,2,0
621e36c267b776a240ba2756,2021-07-20,2,0,2,0
621e36c267b776a240ba2756,2021-07-22,2,0,2,0
621e36c267b776a240ba2756,2021-07-23,3,1,2,0
621e36c267b776a240ba2756,2021-07-24,5,0,5,0
621e36c267b776a240ba2756,2021-07-25,1,1,1,0
621e36dd67b776a240ce9a45,2021-05-25,1,0,1,0
621e36dd67b776a240ce9a45,2021-05-29,3,0,3,0
621e36dd67b776a240ce9a45,2021-05-30,1,1,0,0
621e36dd67b776a240ce9a45,2021-05-31,1,0,1,0
621e36dd67b776a240ce9a45,2021-06-05,3,1,2,0
621e36dd67b776a240ce9a45,2021-06-06,1,1,0,0
621e36dd67b776a240ce9a45,2021-06-12,2,1,1,0
621e36dd67b776a240ce9a45,2021-06-13,2,1,1,0
621e36dd67b776a240ce9a45,2021-06-14,1,0,1,0
621e36dd67b776a240ce9a45,2021-06-18,1,0,1,0
621e36dd67b776a240ce9a45,2021-06-20,1,1,0,0
621e36dd67b776a240ce9a45,2021-06-24,2,1,1,0
621e36dd67b776a240ce9a45,2021-06-25,1,1,0,0
621e36dd67b776a240ce9a45,2021-06-26,1,1,0,0
621e36dd67b776a240ce9a45,2021-07-04,1,1,0,0
621e36dd67b776a240ce9a45,2021-07-09,1,1,0,0
621e36dd67b776a240ce9a45,2021-07-11,1,1,0,0
621e36dd67b776a240ce9a45,2021-07-17,1,1,0,0
621e36dd67b776a240ce9a45,2021-08-09,2,1,1,0
621e36dd67b776a240ce9a45,2021-08-10,1,1,0,0
621e36dd67b776a240ce9a45,2021-08-11,3,2,1,0
621e36dd67b776a240ce9a45,2021-08-13,2,0,2,0
621e36dd67b776a240ce9a45,2021-08-19,1,1,0,0
621e36dd67b776a240ce9a45,2021-08-21,1,0,1,0
621e36dd67b776a240ce9a45,2021-08-22,2,1,1,0
621e36dd67b776a240ce9a45,2021-08-24,1,0,1,0
621e36dd67b776a240ce9a45,2021-08-28,2,2,0,0
621e36dd67b776a240ce9a45,2021-08-29,1,1,0,0
621e36dd67b776a240ce9a45,2021-08-30,1,0,1,0
621e36dd67b776a240ce9a45,2021-09-02,1,0,1,0
621e36dd67b776a240ce9a45,2021-09-03,1,0,1,0
621e36dd67b776a240ce9a45,2021-09-04,2,1,1,0
621e36dd67b776a240ce9a45,2021-09-05,3,0,3,0
621e36dd67b776a240ce9a45,2021-09-07,5,0,5,0
621e36dd67b776a240ce9a45,2021-09-08,4,0,4,0
621e36dd67b776a240ce9a45,2021-09-09,2,0,2,0
621e36dd67b776a240ce9a45,2021-09-10,4,1,3,0
621e36dd67b776a240ce9a45,2021-09-11,2,0,2,0
621e36dd67b776a240ce9a45,2021-09-13,1,0,1,0
621e36dd67b776a240ce9a45,2021-09-14,1,0,1,0
621e36dd67b776a240ce9a45,2021-09-15,1,0,1,0
621e36f967b776a240e5e7c9,2021-05-24,2,0,2,0
621e36f967b776a240e5e7c9,2021-05-25,2,1,1,0
621e36f967b776a240e5e7c9,2021-05-27,1,0,1,0
621e36f967b776a240e5e7c9,2021-05-28,1,0,1,0
621e36f967b776a240e5e7c9,2021-05-29,1,0,1,0
621e36f967b776a240e5e7c9,2021-05-30,2,1,1,0
621e36f967b776a240e5e7c9,2021-05-31,1,0,1,0
621e36f967b776a240e5e7c9,2021-06-01,2,0,2,0
621e36f967b776a240e5e7c9,2021-06-02,3,0,3,0
621e36f967b776a240e5e7c9,2021-06-03,1,0,1,0
621e36f967b776a240e5e7c9,2021-06-04,1,0,1,0
621e36f967b776a240e5e7c9,2021-06-05,2,1,1,0
621e36f967b776a240e5e7c9,2021-06-06,2,1,1,0
621e36f967b776a240e5e7c9,2021-06-08,1,0,1,0
621e36f967b776a240e5e7c9,2021-06-10,1,0,1,0
621e36f967b776a240e5e7c9,2021-06-11,1,0,1,0
621e36f967b776a240e5e7c9,2021-06-12,2,0,2,0
621e36f967b776a240e5e7c9,2021-06-14,1,0,1,0
621e36f967b776a240e5e7c9,2021-06-15,1,1,0,0
621e36f967b776a240e5e7c9,2021-06-16,1,0,1,0
621e36f967b776a240e5e7c9,2021-06-17,1,0,1,0
621e36f967b776a240e5e7c9,2021-06-18,1,0,1,0
621e36f967b776a240e5e7c9,2021-06-19,1,0,1,0
621e36f967b776a240e5e7c9,2021-06-20,1,0,1,0
621e36f967b776a240e5e7c9,2021-06-22,1,0,1,0
621e36f967b776a240e5e7c9,2021-06-23,1,0,1,0
621e36f967b776a240e5e7c9,2021-06-24,1,0,1,0
621e36f967b776a240e5e7c9,2021-06-25,2,0,2,0
621e36f967b776a240e5e7c9,2021-06-27,1,1,0,0
621e36f967b776a240e5e7c9,2021-06-29,1,0,1,0
621e36f967b776a240e5e7c9,2021-07-02,1,0,1,0
621e36f967b776a240e5e7c9,2021-07-03,1,0,1,0
621e36f967b776a240e5e7c9,2021-07-04,0,0,0,1
621e36f967b776a240e5e7c9,2021-07-06,1,0,1,0
621e36f967b776a240e5e7c9,2021-07-07,1,1,0,0
621e36f967b776a240e5e7c9,2021-07-08,2,1,1,0
621e36f967b776a240e5e7c9,2021-07-10,4,1,3,0
621e36f967b776a240e5e7c9,2021-07-11,1,0,1,0
621e36f967b776a240e5e7c9,2021-07-14,1,1,0,0
621e36f967b776a240e5e7c9,2021-07-16,3,1,3,0
621e36f967b776a240e5e7c9,2021-07-17,5,0,5,0
621e36f967b776a240e5e7c9,2021-07-18,3,0,3,0
621e36f967b776a240e5e7c9,2021-07-19,3,0,3,0
621e36f967b776a240e5e7c9,2021-07-20,1,0,1,0
621e36f967b776a240e5e7c9,2021-07-22,1,1,0,0
621e36f967b776a240e5e7c9,2021-07-24,1,1,0,0
621e36f967b776a240e5e7c9,2021-07-25,2,0,2,0
621e375367b776a24021e950,2021-11-20,1,0,1,0
621e375367b776a24021e950,2021-11-21,2,0,2,0
621e375367b776a24021e950,2021-11-22,1,0,1,0
621e375367b776a24021e950,2021-11-27,1,0,1,0
621e375367b776a24021e950,2021-11-28,1,0,1,0
621e375367b776a24021e950,2021-12-04,1,0,1,0
621e375367b776a24021e950,2021-12-05,3,0,3,0
621e375367b776a24021e950,2021-12-06,1,0,1,0
621e375367b776a24021e950,2021-12-09,1,0,1,0
621e375367b776a24021e950,2021-12-20,1,0,1,0
621e375367b776a24021e950,2021-12-26,2,0,2,0
621e375367b776a24021e950,2021-12-27,1,0,1,0
621e375367b776a24021e950,2022-01-03,1,0,1,0
621e375367b776a24021e950,2022-01-04,1,0,1,0
621e375367b776a24021e950,2022-01-13,1,0,1,0
621e375367b776a24021e950,2022-01-20,1,0,1,0
621e375b67b776a240290cdc,2021-05-24,1,0,1,0
621e375b67b776a240290cdc,2021-05-25,1,0,1,0
621e375b67b776a240290cdc,2021-05-26,1,0,1,0
621e375b67b776a240290cdc,2021-05-27,1,0,1,0
621e375b67b776a240290cdc,2021-05-28,1,0,1,0
621e375b67b776a240290cdc,2021-05-29,1,0,1,0
621e375b67b776a240290cdc,2021-05-30,3,0,3,0
621e375b67b776a240290cdc,2021-06-01,1,0,1,0
621e375b67b776a240290cdc,2021-06-02,1,0,1,0
621e375b67b776a240290cdc,2021-06-03,2,0,2,0
621e375b67b776a240290cdc,2021-06-04,1,0,1,0
621e375b67b776a240290cdc,2021-06-05,1,0,1,0
621e375b67b776a240290cdc,2021-06-06,1,1,0,0
621e375b67b776a240290cdc,2021-06-07,2,0,2,0
621e375b67b776a240290cdc,2021-06-08,2,1,1,0
621e375b67b776a240290cdc,2021-06-09,1,0,1,0
621e375b67b776a240290cdc,2021-06-10,2,0,2,0
621e375b67b776a240290cdc,2021-06-11,1,0,1,0
621e375b67b776a240290cdc,2021-06-12,1,0,1,0
621e375b67b776a240290cdc,2021-06-13,1,0,1,0
621e375b67b776a240290cdc,2021-06-14,1,0,1,0
621e375b67b776a240290cdc,2021-06-15,2,0,2,0
621e375b67b776a240290cdc,2021-06-16,1,0,1,0
621e375b67b776a240290cdc,2021-06-17,1,0,1,0
621e375b67b776a240290cdc,2021-06-18,1,0,1,0
621e375b67b776a240290cdc,2021-06-19,3,1,2,0
621e375b67b776a240290cdc,2021-06-20,1,1,0,0
621e375b67b776a240290cdc,2021-06-21,1,1,0,0
621e375b67b776a240290cdc,2021-06-22,1,0,1,0
621e375b67b776a240290cdc,2021-06-23,1,0,1,0
621e375b67b776a240290cdc,2021-06-24,1,0,1,0
621e375b67b776a240290cdc,2021-06-25,1,0,1,0
621e375b67b776a240290cdc,2021-06-27,3,1,2,0
621e375b67b776a240290cdc,2021-06-28,2,0,2,0
621e375b67b776a240290cdc,2021-06-29,2,0,2,0
621e375b67b776a240290cdc,2021-06-30,1,0,1,0
621e375b67b776a240290cdc,2021-07-01,1,0,1,0
621e375b67b776a240290cdc,2021-07-02,2,0,2,0
621e375b67b776a240290cdc,2021-07-03,3,1,2,0
621e375b67b776a240290cdc,2021-07-04,2,0,2,0
621e375b67b776a240290cdc,2021-07-06,1,0,1,0
621e375b67b776a240290cdc,2021-07-07,3,1,2,0
621e375b67b776a240290cdc,2021-07-09,1,1,0,0
621e375b67b776a240290cdc,2021-07-12,3,1,2,0
621e375b67b776a240290cdc,2021-07-14,1,1,0,0
621e375b67b776a240290cdc,2021-07-15,2,0,2,0
621e375b67b776a240290cdc,2021-07-16,1,1,0,0
621e375b67b776a240290cdc,2021-07-20,3,0,3,0
621e375b67b776a240290cdc,2021-07-21,1,0,1,0
621e375b67b776a240290cdc,2021-07-22,1,0,1,0
621e375b67b776a240290cdc,2021-07-23,2,1,1,0
621e375b67b776a240290cdc,2021-07-24,1,1,0,0
621e375b67b776a240290cdc,2021-07-25,1,0,1,0
621e375b67b776a240290cdc,2021-07-28,3,1,2,0
621e375b67b776a240290cdc,2021-07-29,2,0,2,0
621e375b67b776a240290cdc,2021-07-30,1,1,0,0
621e375b67b776a240290cdc,2021-07-31,4,0,4,0
