event_type,id,hours_since_prev_event
exercise_any,621e2e8e67b776a24055b564,1
exercise_any,621e2e8e67b776a24055b564,0
exercise_any,621e2e8e67b776a24055b564,0
exercise_any,621e2e8e67b776a24055b564,1
exercise_any,621e2e8e67b776a24055b564,0
exercise_any,621e2e8e67b776a24055b564,4
exercise_any,621e2e8e67b776a24055b564,0
exercise_any,621e2e8e67b776a24055b564,3
exercise_any,621e2e8e67b776a24055b564,6
exercise_any,621e2e8e67b776a24055b564,24
exercise_any,621e2e8e67b776a24055b564,31
exercise_any,621e2e8e67b776a24055b564,43
exercise_any,621e2e8e67b776a24055b564,4
exercise_any,621e2e8e67b776a24055b564,2
exercise_any,621e2e8e67b776a24055b564,0
exercise_any,621e2e8e67b776a24055b564,7
exercise_any,621e2e8e67b776a24055b564,1
exercise_any,621e2e8e67b776a24055b564,0
exercise_any,621e2e8e67b776a24055b564,1
exercise_any,621e2e8e67b776a24055b564,3
exercise_any,621e2e8e67b776a24055b564,5
exercise_any,621e2e8e67b776a24055b564,1
exercise_any,621e2e8e67b776a24055b564,0
exercise_any,621e2e8e67b776a24055b564,7
exercise_any,621e2e8e67b776a24055b564,3
exercise_any,621e2e8e67b776a24055b564,1
exercise_any,621e2e8e67b776a24055b564,6
exercise_any,621e2e8e67b776a24055b564,0
exercise_any,621e2e8e67b776a24055b564,0
exercise_any,621e2e8e67b776a24055b564,5
exercise_any,621e2e8e67b776a24055b564,21
exercise_any,621e2e8e67b776a24055b564,0
exercise_any,621e2e8e67b776a24055b564,1
exercise_any,621e2e8e67b776a24055b564,2
exercise_any,621e2e8e67b776a24055b564,0
exercise_any,621e2e8e67b776a24055b564,0
exercise_any,621e2e8e67b776a24055b564,3
exercise_any,621e2e8e67b776a24055b564,19
exercise_any,621e2e8e67b776a24055b564,0
exercise_any,621e2e8e67b776a24055b564,1
exercise_any,621e2e8e67b776a24055b564,0
exercise_any,621e2e8e67b776a24055b564,6
exercise_any,621e2e8e67b776a24055b564,0
exercise_any,621e2e8e67b776a24055b564,18
exercise_any,621e2e8e67b776a24055b564,5
exercise_any,621e2e8e67b776a24055b564,1
exercise_any,621e2e8e67b776a24055b564,7
exercise_any,621e2e8e67b776a24055b564,1
exercise_any,621e2e8e67b776a24055b564,0
exercise_any,621e2e8e67b776a24055b564,1
exercise_any,621e2e8e67b776a24055b564,2
exercise_any,621e2e8e67b776a24055b564,3
exercise_any,621e2e8e67b776a24055b564,5
exercise_any,621e2e8e67b776a24055b564,17
exercise_any,621e2e8e67b776a24055b564,0
exercise_any,621e2e8e67b776a24055b564,0
exercise_any,621e2e8e67b776a24055b564,2
exercise_any,621e2e8e67b776a24055b564,7
exercise_any,621e2e8e67b776a24055b564,0
exercise_any,621e2e8e67b776a24055b564,5
exercise_any,621e2e8e67b776a24055b564,1
exercise_any,621e2e8e67b776a24055b564,6
exercise_any,621e2e8e67b776a24055b564,2
exercise_any,621e2e8e67b776a24055b564,1
exercise_any,621e2eaf67b776a2406b14ac,2
exercise_any,621e2eaf67b776a2406b14ac,7
exercise_any,621e2eaf67b776a2406b14ac,17
exercise_any,621e2eaf67b776a2406b14ac,0
exercise_any,621e2eaf67b776a2406b14ac,5
exercise_any,621e2eaf67b776a2406b14ac,12
exercise_any,621e2eaf67b776a2406b14ac,0
exercise_any,621e2eaf67b776a2406b14ac,5
exercise_any,621e2eaf67b776a2406b14ac,0
exercise_any,621e2eaf67b776a2406b14ac,3
exercise_any,621e2eaf67b776a2406b14ac,1
exercise_any,621e2eaf67b776a2406b14ac,0
exercise_any,621e2eaf67b776a2406b14ac,13
exercise_any,621e2eaf67b776a2406b14ac,18
exercise_any,621e2eaf67b776a2406b14ac,1
exercise_any,621e2eaf67b776a2406b14ac,2
exercise_any,621e2eaf67b776a2406b14ac,7
exercise_any,621e2eaf67b776a2406b14ac,1
exercise_any,621e2eaf67b776a2406b14ac,2
exercise_any,621e2eaf67b776a2406b14ac,7
exercise_any,621e2eaf67b776a2406b14ac,1
exercise_any,621e2eaf67b776a2406b14ac,3
exercise_any,621e2eaf67b776a2406b14ac,1
exercise_any,621e2eaf67b776a2406b14ac,2
exercise_any,621e2eaf67b776a2406b14ac,3
exercise_any,621e2eaf67b776a2406b14ac,8
exercise_any,621e2eaf67b776a2406b14ac,0
exercise_any,621e2eaf67b776a2406b14ac,17
exercise_any,621e2eaf67b776a2406b14ac,1
exercise_any,621e2eaf67b776a2406b14ac,5
exercise_any,621e2eaf67b776a2406b14ac,4
exercise_any,621e2eaf67b776a2406b14ac,4
exercise_any,621e2ed667b776a24085d8d1,44
exercise_any,621e2ed667b776a24085d8d1,48
exercise_any,621e2ed667b776a24085d8d1,60
exercise_any,621e2ed667b776a24085d8d1,65
exercise_any,621e2ed667b776a24085d8d1,89
exercise_any,621e2ed667b776a24085d8d1,114
exercise_any,621e2ed667b776a24085d8d1,134
exercise_any,621e2ed667b776a24085d8d1,143
exercise_any,621e2ed667b776a24085d8d1,156
exercise_any,621e2ed667b776a24085d8d1,19
exercise_any,621e2ed667b776a24085d8d1,37
exercise_any,621e2ed667b776a24085d8d1,44
exercise_any,621e2ed667b776a24085d8d1,47
exercise_any,621e2ed667b776a24085d8d1,62
exercise_any,621e2ed667b776a24085d8d1,68
exercise_any,621e2ed667b776a24085d8d1,71
exercise_any,621e2ed667b776a24085d8d1,87
exercise_any,621e2ed667b776a24085d8d1,96
exercise_any,621e2ed667b776a24085d8d1,109
exercise_any,621e2ed667b776a24085d8d1,114
exercise_any,621e2ed667b776a24085d8d1,122
exercise_any,621e2ed667b776a24085d8d1,161
exercise_any,621e2ed667b776a24085d8d1,166
exercise_any,621e2ed667b776a24085d8d1,25
exercise_any,621e2ed667b776a24085d8d1,33
exercise_any,621e2ed667b776a24085d8d1,54
exercise_any,621e2ed667b776a24085d8d1,72
exercise_any,621e2ed667b776a24085d8d1,17
exercise_any,621e2ed667b776a24085d8d1,24
exercise_any,621e2ed667b776a24085d8d1,40
exercise_any,621e2ed667b776a24085d8d1,49
exercise_any,621e2ed667b776a24085d8d1,64
exercise_any,621e2ed667b776a24085d8d1,71
exercise_any,621e2ed667b776a24085d8d1,16
exercise_any,621e2ed667b776a24085d8d1,0
exercise_any,621e2ed667b776a24085d8d1,3
exercise_any,621e2ed667b776a24085d8d1,11
exercise_any,621e2ed667b776a24085d8d1,25
exercise_any,621e2ed667b776a24085d8d1,39
exercise_any,621e2ed667b776a24085d8d1,63
exercise_any,621e2ed667b776a24085d8d1,92
exercise_any,621e2ed667b776a24085d8d1,5
exercise_any,621e2ed667b776a24085d8d1,5
exercise_any,621e2ed667b776a24085d8d1,22
exercise_any,621e2ed667b776a24085d8d1,14
exercise_any,621e2ed667b776a24085d8d1,19
exercise_any,621e2ed667b776a24085d8d1,69
exercise_any,621e2ed667b776a24085d8d1,72
exercise_any,621e2ed667b776a24085d8d1,99
exercise_any,621e2ed667b776a24085d8d1,50
exercise_any,621e2ed667b776a24085d8d1,56
exercise_any,621e2ed667b776a24085d8d1,78
exercise_any,621e2ed667b776a24085d8d1,84
exercise_any,621e2ed667b776a24085d8d1,7
exercise_any,621e2ed667b776a24085d8d1,19
exercise_any,621e2ed667b776a24085d8d1,26
exercise_any,621e2ed667b776a24085d8d1,43
exercise_any,621e2ed667b776a24085d8d1,50
exercise_any,621e2ed667b776a24085d8d1,69
exercise_any,621e2ed667b776a24085d8d1,77
exercise_any,621e2ed667b776a24085d8d1,93
exercise_any,621e2ed667b776a24085d8d1,101
exercise_any,621e2ed667b776a24085d8d1,103
exercise_any,621e2ed667b776a24085d8d1,115
exercise_any,621e2ed667b776a24085d8d1,142
exercise_any,621e2ed667b776a24085d8d1,144
exercise_any,621e2ed667b776a24085d8d1,151
exercise_any,621e2ed667b776a24085d8d1,169
exercise_any,621e2ed667b776a24085d8d1,175
exercise_any,621e2ed667b776a24085d8d1,193
exercise_any,621e2ed667b776a24085d8d1,198
exercise_any,621e2ed667b776a24085d8d1,218
exercise_any,621e2ed667b776a24085d8d1,2
exercise_any,621e2ed667b776a24085d8d1,47
exercise_any,621e2ed667b776a24085d8d1,50
exercise_any,621e2ed667b776a24085d8d1,67
exercise_any,621e2ed667b776a24085d8d1,74
exercise_any,621e2ed667b776a24085d8d1,88
exercise_any,621e2ed667b776a24085d8d1,96
exercise_any,621e2ed667b776a24085d8d1,110
exercise_any,621e2ed667b776a24085d8d1,14
exercise_any,621e2ed667b776a24085d8d1,39
exercise_any,621e2ed667b776a24085d8d1,0
exercise_any,621e2ed667b776a24085d8d1,41
exercise_any,621e2ed667b776a24085d8d1,63
exercise_any,621e2f1b67b776a240b3d87c,50
exercise_any,621e2f1b67b776a240b3d87c,1
exercise_any,621e2f1b67b776a240b3d87c,6
exercise_any,621e2f1b67b776a240b3d87c,19
exercise_any,621e2f1b67b776a240b3d87c,25
exercise_any,621e2f1b67b776a240b3d87c,29
exercise_any,621e2f1b67b776a240b3d87c,25
exercise_any,621e2f1b67b776a240b3d87c,31
exercise_any,621e2f1b67b776a240b3d87c,45
exercise_any,621e2f1b67b776a240b3d87c,49
exercise_any,621e2f1b67b776a240b3d87c,77
exercise_any,621e2f1b67b776a240b3d87c,79
exercise_any,621e2f1b67b776a240b3d87c,104
exercise_any,621e2f1b67b776a240b3d87c,139
exercise_any,621e2f1b67b776a240b3d87c,149
exercise_any,621e2f1b67b776a240b3d87c,163
exercise_any,621e2f1b67b776a240b3d87c,4
exercise_any,621e2f1b67b776a240b3d87c,6
exercise_any,621e2f1b67b776a240b3d87c,21
exercise_any,621e2f1b67b776a240b3d87c,24
exercise_any,621e2f1b67b776a240b3d87c,30
exercise_any,621e2f1b67b776a240b3d87c,53
exercise_any,621e2f1b67b776a240b3d87c,76
exercise_any,621e2f1b67b776a240b3d87c,96
exercise_any,621e2f1b67b776a240b3d87c,99
exercise_any,621e2f1b67b776a240b3d87c,125
exercise_any,621e2f1b67b776a240b3d87c,141
exercise_any,621e2f1b67b776a240b3d87c,149
exercise_any,621e2f1b67b776a240b3d87c,166
exercise_any,621e2f1b67b776a240b3d87c,171
exercise_any,621e2f1b67b776a240b3d87c,188
exercise_any,621e2f1b67b776a240b3d87c,194
exercise_any,621e2f1b67b776a240b3d87c,197
exercise_any,621e2f1b67b776a240b3d87c,213
exercise_any,621e2f1b67b776a240b3d87c,216
exercise_any,621e2f1b67b776a240b3d87c,241
exercise_any,621e2f1b67b776a240b3d87c,243
exercise_any,621e2f1b67b776a240b3d87c,263
exercise_any,621e2f1b67b776a240b3d87c,315
exercise_any,621e2f1b67b776a240b3d87c,336
exercise_any,621e2f1b67b776a240b3d87c,358
exercise_any,621e2f1b67b776a240b3d87c,360
exercise_any,621e2f1b67b776a240b3d87c,386
exercise_any,621e2f1b67b776a240b3d87c,413
exercise_any,621e2f1b67b776a240b3d87c,436
exercise_any,621e2f1b67b776a240b3d87c,453
exercise_any,621e2f1b67b776a240b3d87c,482
exercise_any,621e2f1b67b776a240b3d87c,504
exercise_any,621e2f1b67b776a240b3d87c,533
exercise_any,621e2f1b67b776a240b3d87c,553
exercise_any,621e2f1b67b776a240b3d87c,559
exercise_any,621e2f1b67b776a240b3d87c,598
exercise_any,621e2f1b67b776a240b3d87c,622
exercise_any,621e2f1b67b776a240b3d87c,647
exercise_any,621e2f1b67b776a240b3d87c,697
exercise_any,621e2f1b67b776a240b3d87c,811
exercise_any,621e2f1b67b776a240b3d87c,816
exercise_any,621e2f1b67b776a240b3d87c,835
exercise_any,621e2f1b67b776a240b3d87c,841
exercise_any,621e2f1b67b776a240b3d87c,863
exercise_any,621e2f1b67b776a240b3d87c,885
exercise_any,621e2f1b67b776a240b3d87c,895
exercise_any,621e2f1b67b776a240b3d87c,912
exercise_any,621e2f1b67b776a240b3d87c,961
exercise_any,621e2f1b67b776a240b3d87c,991
exercise_any,621e2f1b67b776a240b3d87c,1009
exercise_any,621e2f1b67b776a240b3d87c,1017
exercise_any,621e2f1b67b776a240b3d87c,1058
exercise_any,621e2f1b67b776a240b3d87c,1083
exercise_any,621e2f1b67b776a240b3d87c,1101
exercise_any,621e2f3967b776a240c654db,9
exercise_any,621e2f3967b776a240c654db,23
exercise_any,621e2f3967b776a240c654db,28
exercise_any,621e2f3967b776a240c654db,2
exercise_any,621e2f3967b776a240c654db,16
exercise_any,621e2f3967b776a240c654db,21
exercise_any,621e2f3967b776a240c654db,26
exercise_any,621e2f3967b776a240c654db,41
exercise_any,621e2f3967b776a240c654db,45
exercise_any,621e2f3967b776a240c654db,2
exercise_any,621e2f3967b776a240c654db,16
exercise_any,621e2f3967b776a240c654db,21
exercise_any,621e2f3967b776a240c654db,3
exercise_any,621e2f3967b776a240c654db,2
exercise_any,621e2f3967b776a240c654db,0
exercise_any,621e2f3967b776a240c654db,2
exercise_any,621e2f3967b776a240c654db,16
exercise_any,621e2f3967b776a240c654db,23
exercise_any,621e2f3967b776a240c654db,26
exercise_any,621e2f3967b776a240c654db,39
exercise_any,621e2f3967b776a240c654db,43
exercise_any,621e2f3967b776a240c654db,50
exercise_any,621e2f3967b776a240c654db,62
exercise_any,621e2f3967b776a240c654db,67
exercise_any,621e2f3967b776a240c654db,72
exercise_any,621e2f3967b776a240c654db,87
exercise_any,621e2f3967b776a240c654db,91
exercise_any,621e2f3967b776a240c654db,96
exercise_any,621e2f3967b776a240c654db,110
exercise_any,621e2f3967b776a240c654db,115
exercise_any,621e2f3967b776a240c654db,120
exercise_any,621e2f3967b776a240c654db,134
exercise_any,621e2f3967b776a240c654db,141
exercise_any,621e2f3967b776a240c654db,144
exercise_any,621e2f3967b776a240c654db,3
exercise_any,621e2f3967b776a240c654db,8
exercise_any,621e2f3967b776a240c654db,10
exercise_any,621e2f3967b776a240c654db,14
exercise_any,621e2f3967b776a240c654db,21
exercise_any,621e2f3967b776a240c654db,36
exercise_any,621e2f3967b776a240c654db,41
exercise_any,621e2f3967b776a240c654db,46
exercise_any,621e2f3967b776a240c654db,60
exercise_any,621e2f3967b776a240c654db,65
exercise_any,621e2f3967b776a240c654db,84
exercise_any,621e2f3967b776a240c654db,89
exercise_any,621e2f3967b776a240c654db,95
exercise_any,621e2f3967b776a240c654db,108
exercise_any,621e2f3967b776a240c654db,113
exercise_any,621e2f3967b776a240c654db,3
exercise_any,621e2f3967b776a240c654db,16
exercise_any,621e2f3967b776a240c654db,0
exercise_any,621e2f3967b776a240c654db,5
exercise_any,621e2f3967b776a240c654db,21
exercise_any,621e2f3967b776a240c654db,28
exercise_any,621e2f3967b776a240c654db,1
exercise_any,621e2f3967b776a240c654db,17
exercise_any,621e2f3967b776a240c654db,22
exercise_any,621e2f3967b776a240c654db,38
exercise_any,621e2f3967b776a240c654db,2
exercise_any,621e2f3967b776a240c654db,0
exercise_any,621e2f3967b776a240c654db,16
exercise_any,621e2f3967b776a240c654db,19
exercise_any,621e2f3967b776a240c654db,3
exercise_any,621e2f3967b776a240c654db,16
exercise_any,621e2f3967b776a240c654db,21
exercise_any,621e2f3967b776a240c654db,26
exercise_any,621e2f3967b776a240c654db,40
exercise_any,621e2f3967b776a240c654db,45
exercise_any,621e2f3967b776a240c654db,50
exercise_any,621e2f3967b776a240c654db,64
exercise_any,621e2f3967b776a240c654db,73
exercise_any,621e2f3967b776a240c654db,74
exercise_any,621e2f3967b776a240c654db,3
exercise_any,621e2f3967b776a240c654db,9
exercise_any,621e2f3967b776a240c654db,0
exercise_any,621e2f3967b776a240c654db,15
exercise_any,621e2f3967b776a240c654db,22
exercise_any,621e2f3967b776a240c654db,24
exercise_any,621e2f3967b776a240c654db,39
exercise_any,621e2f3967b776a240c654db,2
exercise_any,621e2f3967b776a240c654db,17
exercise_any,621e2f3967b776a240c654db,26
exercise_any,621e2f3967b776a240c654db,40
exercise_any,621e2f3967b776a240c654db,45
exercise_any,621e2f3967b776a240c654db,50
exercise_any,621e2f3967b776a240c654db,2
exercise_any,621e2f3967b776a240c654db,7
exercise_any,621e2f3967b776a240c654db,21
exercise_any,621e2f3967b776a240c654db,32
exercise_any,621e2f3967b776a240c654db,47
exercise_any,621e2f3967b776a240c654db,4
exercise_any,621e2f3967b776a240c654db,7
exercise_any,621e2f3967b776a240c654db,21
exercise_any,621e2f3967b776a240c654db,28
exercise_any,621e2f3967b776a240c654db,31
exercise_any,621e2f3967b776a240c654db,43
exercise_any,621e2f3967b776a240c654db,52
exercise_any,621e2f3967b776a240c654db,53
exercise_any,621e2f3967b776a240c654db,70
exercise_any,621e2f3967b776a240c654db,78
exercise_any,621e2f3967b776a240c654db,91
exercise_any,621e2f3967b776a240c654db,99
exercise_any,621e2f3967b776a240c654db,117
exercise_any,621e2f3967b776a240c654db,124
exercise_any,621e2f3967b776a240c654db,126
exercise_any,621e2f3967b776a240c654db,141
exercise_any,621e2f3967b776a240c654db,148
exercise_any,621e2f3967b776a240c654db,149
exercise_any,621e2f3967b776a240c654db,166
exercise_any,621e2f3967b776a240c654db,171
exercise_any,621e2f3967b776a240c654db,175
exercise_any,621e2f3967b776a240c654db,189
exercise_any,621e2f3967b776a240c654db,199
exercise_any,621e2f3967b776a240c654db,212
exercise_any,621e2f3967b776a240c654db,5
exercise_any,621e2f3967b776a240c654db,6
exercise_any,621e2f3967b776a240c654db,22
exercise_any,621e2f3967b776a240c654db,25
exercise_any,621e2f3967b776a240c654db,30
exercise_any,621e2f3967b776a240c654db,44
exercise_any,621e2f3967b776a240c654db,53
exercise_any,621e2f3967b776a240c654db,55
exercise_any,621e2f3967b776a240c654db,68
exercise_any,621e2f3967b776a240c654db,73
exercise_any,621e2f3967b776a240c654db,78
exercise_any,621e2f3967b776a240c654db,96
exercise_any,621e2f3967b776a240c654db,103
exercise_any,621e2f3967b776a240c654db,121
exercise_any,621e2f3967b776a240c654db,5
exercise_any,621e2f3967b776a240c654db,22
exercise_any,621e2f3967b776a240c654db,28
exercise_any,621e2f3967b776a240c654db,0
exercise_any,621e2f3967b776a240c654db,6
exercise_any,621e2f3967b776a240c654db,0
exercise_any,621e2f3967b776a240c654db,5
exercise_any,621e2f3967b776a240c654db,2
exercise_any,621e2f3967b776a240c654db,16
exercise_any,621e2f3967b776a240c654db,22
exercise_any,621e2f3967b776a240c654db,27
exercise_any,621e2f3967b776a240c654db,40
exercise_any,621e2f3967b776a240c654db,45
exercise_any,621e2f3967b776a240c654db,50
exercise_any,621e2f3967b776a240c654db,64
exercise_any,621e2f3967b776a240c654db,4
exercise_any,621e2f3967b776a240c654db,20
exercise_any,621e2f3967b776a240c654db,27
exercise_any,621e2f3967b776a240c654db,30
exercise_any,621e2f3967b776a240c654db,45
exercise_any,621e2f3967b776a240c654db,53
exercise_any,621e2f3967b776a240c654db,66
exercise_any,621e2f3967b776a240c654db,71
exercise_any,621e2f3967b776a240c654db,76
exercise_any,621e2f3967b776a240c654db,92
exercise_any,621e2f3967b776a240c654db,102
exercise_any,621e2f3967b776a240c654db,114
exercise_any,621e2f3967b776a240c654db,125
exercise_any,621e2f3967b776a240c654db,143
exercise_any,621e2f3967b776a240c654db,148
exercise_any,621e2f3967b776a240c654db,163
exercise_any,621e2f3967b776a240c654db,188
exercise_any,621e2f3967b776a240c654db,7
exercise_any,621e2f3967b776a240c654db,23
exercise_any,621e2f3967b776a240c654db,32
exercise_any,621e2f5767b776a240d8f9d6,13
exercise_any,621e2f5767b776a240d8f9d6,2
exercise_any,621e2f5767b776a240d8f9d6,1
exercise_any,621e2f5767b776a240d8f9d6,1
exercise_any,621e2f5767b776a240d8f9d6,4
exercise_any,621e2f5767b776a240d8f9d6,19
exercise_any,621e2f5767b776a240d8f9d6,21
exercise_any,621e2f5767b776a240d8f9d6,19
exercise_any,621e2f5767b776a240d8f9d6,21
exercise_any,621e2f5767b776a240d8f9d6,26
exercise_any,621e2f5767b776a240d8f9d6,17
exercise_any,621e2f5767b776a240d8f9d6,23
exercise_any,621e2f5767b776a240d8f9d6,24
exercise_any,621e2f5767b776a240d8f9d6,41
exercise_any,621e2f5767b776a240d8f9d6,2
exercise_any,621e2f5767b776a240d8f9d6,15
exercise_any,621e2f5767b776a240d8f9d6,20
exercise_any,621e2f5767b776a240d8f9d6,24
exercise_any,621e2f5767b776a240d8f9d6,0
exercise_any,621e2f5767b776a240d8f9d6,26
exercise_any,621e2f5767b776a240d8f9d6,2
exercise_any,621e2f5767b776a240d8f9d6,4
exercise_any,621e2f5767b776a240d8f9d6,0
exercise_any,621e2f5767b776a240d8f9d6,1
exercise_any,621e2f5767b776a240d8f9d6,0
exercise_any,621e2f5767b776a240d8f9d6,3
exercise_any,621e2f5767b776a240d8f9d6,19
exercise_any,621e2f5767b776a240d8f9d6,21
exercise_any,621e2f5767b776a240d8f9d6,0
exercise_any,621e2f5767b776a240d8f9d6,17
exercise_any,621e2f5767b776a240d8f9d6,19
exercise_any,621e2f5767b776a240d8f9d6,26
exercise_any,621e2f5767b776a240d8f9d6,40
exercise_any,621e2f5767b776a240d8f9d6,1
exercise_any,621e2f5767b776a240d8f9d6,15
exercise_any,621e2f5767b776a240d8f9d6,0
exercise_any,621e2f5767b776a240d8f9d6,4
exercise_any,621e2f5767b776a240d8f9d6,23
exercise_any,621e2f5767b776a240d8f9d6,43
exercise_any,621e2f5767b776a240d8f9d6,1
exercise_any,621e2f5767b776a240d8f9d6,19
exercise_any,621e2f5767b776a240d8f9d6,4
exercise_any,621e2f6167b776a240e082a9,22
exercise_any,621e2f6167b776a240e082a9,24
exercise_any,621e2f6167b776a240e082a9,27
exercise_any,621e2f6167b776a240e082a9,33
exercise_any,621e2f6167b776a240e082a9,1
exercise_any,621e2f6167b776a240e082a9,5
exercise_any,621e2f6167b776a240e082a9,1
exercise_any,621e2f6167b776a240e082a9,14
exercise_any,621e2f6167b776a240e082a9,19
exercise_any,621e2f6167b776a240e082a9,2
exercise_any,621e2f6167b776a240e082a9,16
exercise_any,621e2f6167b776a240e082a9,3
exercise_any,621e2f6167b776a240e082a9,8
exercise_any,621e2f6167b776a240e082a9,1
exercise_any,621e2f6167b776a240e082a9,0
exercise_any,621e2f6167b776a240e082a9,1
exercise_any,621e2f6167b776a240e082a9,17
exercise_any,621e2f6167b776a240e082a9,4
exercise_any,621e2f6167b776a240e082a9,17
exercise_any,621e2f6167b776a240e082a9,1
exercise_any,621e2f6167b776a240e082a9,0
exercise_any,621e2f6167b776a240e082a9,13
exercise_any,621e2f6167b776a240e082a9,18
exercise_any,621e2f6167b776a240e082a9,2
exercise_any,621e2f6167b776a240e082a9,1
exercise_any,621e2f6167b776a240e082a9,2
exercise_any,621e2f6167b776a240e082a9,4
exercise_any,621e2f6167b776a240e082a9,18
exercise_any,621e2f6167b776a240e082a9,23
exercise_any,621e2f6167b776a240e082a9,29
exercise_any,621e2f6167b776a240e082a9,42
exercise_any,621e2f6167b776a240e082a9,49
exercise_any,621e2f6167b776a240e082a9,55
exercise_any,621e2f6167b776a240e082a9,0
exercise_any,621e2f6167b776a240e082a9,6
exercise_any,621e2f6167b776a240e082a9,10
exercise_any,621e2f6167b776a240e082a9,25
exercise_any,621e2f6167b776a240e082a9,31
exercise_any,621e2f6167b776a240e082a9,34
exercise_any,621e2f6167b776a240e082a9,47
exercise_any,621e2f6167b776a240e082a9,3
exercise_any,621e2f6167b776a240e082a9,9
exercise_any,621e2f6167b776a240e082a9,11
exercise_any,621e2f6167b776a240e082a9,16
exercise_any,621e2f6167b776a240e082a9,21
exercise_any,621e2f6167b776a240e082a9,1
exercise_any,621e2f6167b776a240e082a9,5
exercise_any,621e2f6167b776a240e082a9,10
exercise_any,621e2f6167b776a240e082a9,24
exercise_any,621e2f6167b776a240e082a9,1
exercise_any,621e2f6167b776a240e082a9,6
exercise_any,621e2f6167b776a240e082a9,20
exercise_any,621e2f6167b776a240e082a9,4
exercise_any,621e2f6167b776a240e082a9,4
exercise_any,621e2f6167b776a240e082a9,70
exercise_any,621e2f6167b776a240e082a9,76
exercise_any,621e2f6167b776a240e082a9,81
exercise_any,621e2f6167b776a240e082a9,95
exercise_any,621e2f6167b776a240e082a9,100
exercise_any,621e2f6167b776a240e082a9,104
exercise_any,621e2f6167b776a240e082a9,119
exercise_any,621e2f6167b776a240e082a9,71
exercise_any,621e2f6167b776a240e082a9,76
exercise_any,621e2f6167b776a240e082a9,82
exercise_any,621e2f6167b776a240e082a9,96
exercise_any,621e2f7a67b776a240f14425,1
exercise_any,621e2f7a67b776a240f14425,15
exercise_any,621e2f7a67b776a240f14425,21
exercise_any,621e2f7a67b776a240f14425,0
exercise_any,621e2f7a67b776a240f14425,14
exercise_any,621e2f7a67b776a240f14425,19
exercise_any,621e2f7a67b776a240f14425,2
exercise_any,621e2f7a67b776a240f14425,16
exercise_any,621e2f7a67b776a240f14425,21
exercise_any,621e2f7a67b776a240f14425,1
exercise_any,621e2f7a67b776a240f14425,15
exercise_any,621e2f7a67b776a240f14425,21
exercise_any,621e2f7a67b776a240f14425,25
exercise_any,621e2f7a67b776a240f14425,9
exercise_any,621e2f7a67b776a240f14425,10
exercise_any,621e2f7a67b776a240f14425,1
exercise_any,621e2f7a67b776a240f14425,1
exercise_any,621e2f7a67b776a240f14425,0
exercise_any,621e2f7a67b776a240f14425,12
exercise_any,621e2f7a67b776a240f14425,17
exercise_any,621e2f7a67b776a240f14425,3
exercise_any,621e2f7a67b776a240f14425,12
exercise_any,621e2f7a67b776a240f14425,17
exercise_any,621e2f7a67b776a240f14425,1
exercise_any,621e2f7a67b776a240f14425,15
exercise_any,621e2f7a67b776a240f14425,22
exercise_any,621e2f7a67b776a240f14425,12
exercise_any,621e2f7a67b776a240f14425,17
exercise_any,621e2f7a67b776a240f14425,2
exercise_any,621e2f7a67b776a240f14425,2
exercise_any,621e2f7a67b776a240f14425,3
exercise_any,621e2f7a67b776a240f14425,4
exercise_any,621e2f7a67b776a240f14425,2
exercise_any,621e2f7a67b776a240f14425,0
exercise_any,621e2f7a67b776a240f14425,3
exercise_any,621e2f7a67b776a240f14425,8
exercise_any,621e2f7a67b776a240f14425,19
exercise_any,621e2f7a67b776a240f14425,24
exercise_any,621e2f7a67b776a240f14425,29
exercise_any,621e2f7a67b776a240f14425,43
exercise_any,621e2f7a67b776a240f14425,1
exercise_any,621e2f7a67b776a240f14425,3
exercise_any,621e2f7a67b776a240f14425,17
exercise_any,621e2f7a67b776a240f14425,22
exercise_any,621e2f7a67b776a240f14425,3
exercise_any,621e2f7a67b776a240f14425,15
exercise_any,621e2f7a67b776a240f14425,20
exercise_any,621e2f7a67b776a240f14425,25
exercise_any,621e2f7a67b776a240f14425,39
exercise_any,621e2f7a67b776a240f14425,44
exercise_any,621e2f7a67b776a240f14425,49
exercise_any,621e2f7a67b776a240f14425,3
exercise_any,621e2f7a67b776a240f14425,4
exercise_any,621e2f7a67b776a240f14425,23
exercise_any,621e2f7a67b776a240f14425,28
exercise_any,621e2f7a67b776a240f14425,33
exercise_any,621e2f7a67b776a240f14425,47
exercise_any,621e2f7a67b776a240f14425,52
exercise_any,621e2f7a67b776a240f14425,2
exercise_any,621e2f7a67b776a240f14425,14
exercise_any,621e2f7a67b776a240f14425,19
exercise_any,621e2f7a67b776a240f14425,2
exercise_any,621e2f7a67b776a240f14425,16
exercise_any,621e2f7a67b776a240f14425,2
exercise_any,621e2f7a67b776a240f14425,2
exercise_any,621e2f7a67b776a240f14425,7
exercise_any,621e2f7a67b776a240f14425,0
exercise_any,621e2f7a67b776a240f14425,2
exercise_any,621e2f7a67b776a240f14425,2
exercise_any,621e2f7a67b776a240f14425,0
exercise_any,621e2f7a67b776a240f14425,2
exercise_any,621e2f7a67b776a240f14425,15
exercise_any,621e2f7a67b776a240f14425,21
exercise_any,621e2f7a67b776a240f14425,3
exercise_any,621e2f7a67b776a240f14425,17
exercise_any,621e2f7a67b776a240f14425,23
exercise_any,621e2f7a67b776a240f14425,26
exercise_any,621e2f7a67b776a240f14425,40
exercise_any,621e2f7a67b776a240f14425,45
exercise_any,621e2f7a67b776a240f14425,2
exercise_any,621e2f7a67b776a240f14425,16
exercise_any,621e2f7a67b776a240f14425,21
exercise_any,621e2f7a67b776a240f14425,28
exercise_any,621e2f7a67b776a240f14425,40
exercise_any,621e2f7a67b776a240f14425,48
exercise_any,621e2f7a67b776a240f14425,50
exercise_any,621e2f7a67b776a240f14425,66
exercise_any,621e2f7a67b776a240f14425,2
exercise_any,621e2f7a67b776a240f14425,5
exercise_any,621e2f7a67b776a240f14425,2
exercise_any,621e2f7a67b776a240f14425,3
exercise_any,621e2f7a67b776a240f14425,7
exercise_any,621e2f7a67b776a240f14425,19
exercise_any,621e2f7a67b776a240f14425,24
exercise_any,621e2f7a67b776a240f14425,4
exercise_any,621e2f7a67b776a240f14425,16
exercise_any,621e2f7a67b776a240f14425,1
exercise_any,621e2f7a67b776a240f14425,6
exercise_any,621e2f7a67b776a240f14425,20
exercise_any,621e2f7a67b776a240f14425,25
exercise_any,621e2f7a67b776a240f14425,30
exercise_any,621e2f7a67b776a240f14425,44
exercise_any,621e2f7a67b776a240f14425,49
exercise_any,621e2f7a67b776a240f14425,0
exercise_any,621e2f7a67b776a240f14425,14
exercise_any,621e2f7a67b776a240f14425,0
exercise_any,621e2f7a67b776a240f14425,1
exercise_any,621e2f7a67b776a240f14425,6
exercise_any,621e2f7a67b776a240f14425,1
exercise_any,621e2f7a67b776a240f14425,0
exercise_any,621e2f7a67b776a240f14425,3
exercise_any,621e2f7a67b776a240f14425,21
exercise_any,621e2f7a67b776a240f14425,29
exercise_any,621e2f7a67b776a240f14425,40
exercise_any,621e2f7a67b776a240f14425,46
exercise_any,621e2f7a67b776a240f14425,3
exercise_any,621e2f7a67b776a240f14425,16
exercise_any,621e2f7a67b776a240f14425,21
exercise_any,621e2f7a67b776a240f14425,28
exercise_any,621e2f7a67b776a240f14425,40
exercise_any,621e2f7a67b776a240f14425,47
exercise_any,621e2f7a67b776a240f14425,3
exercise_any,621e2f7a67b776a240f14425,2
exercise_any,621e2f7a67b776a240f14425,8
exercise_any,621e2f7a67b776a240f14425,18
exercise_any,621e2f7a67b776a240f14425,26
exercise_any,621e2f7a67b776a240f14425,28
exercise_any,621e2f7a67b776a240f14425,4
exercise_any,621e2f7a67b776a240f14425,8
exercise_any,621e2f7a67b776a240f14425,10
exercise_any,621e2f7a67b776a240f14425,7
exercise_any,621e2f7a67b776a240f14425,2
exercise_any,621e2f7a67b776a240f14425,4
exercise_any,621e2f7a67b776a240f14425,3
exercise_any,621e2f7a67b776a240f14425,6
exercise_any,621e2f7a67b776a240f14425,20
exercise_any,621e2f7a67b776a240f14425,25
exercise_any,621e2f7a67b776a240f14425,31
exercise_any,621e2f7a67b776a240f14425,44
exercise_any,621e2f7a67b776a240f14425,49
exercise_any,621e2f7a67b776a240f14425,1
exercise_any,621e2f7a67b776a240f14425,3
exercise_any,621e2f7a67b776a240f14425,2
exercise_any,621e2f7a67b776a240f14425,16
exercise_any,621e2f7a67b776a240f14425,4
exercise_any,621e2f7a67b776a240f14425,6
exercise_any,621e2f7a67b776a240f14425,19
exercise_any,621e2f7a67b776a240f14425,24
exercise_any,621e2f7a67b776a240f14425,3
exercise_any,621e2f7a67b776a240f14425,16
exercise_any,621e2f7a67b776a240f14425,21
exercise_any,621e2f7a67b776a240f14425,27
exercise_any,621e2f7a67b776a240f14425,40
exercise_any,621e2f7a67b776a240f14425,45
exercise_any,621e2f7a67b776a240f14425,4
exercise_any,621e2f7a67b776a240f14425,17
exercise_any,621e2f7a67b776a240f14425,22
exercise_any,621e2f7a67b776a240f14425,27
exercise_any,621e2f7a67b776a240f14425,41
exercise_any,621e2f7a67b776a240f14425,74
exercise_any,621e2f7a67b776a240f14425,0
exercise_any,621e2f7a67b776a240f14425,14
exercise_any,621e2f7a67b776a240f14425,0
exercise_any,621e2f7a67b776a240f14425,4
exercise_any,621e2f7a67b776a240f14425,2
exercise_any,621e2f9167b776a240011ccb,50
exercise_any,621e2f9167b776a240011ccb,65
exercise_any,621e2f9167b776a240011ccb,69
exercise_any,621e2f9167b776a240011ccb,74
exercise_any,621e2f9167b776a240011ccb,93
exercise_any,621e2f9167b776a240011ccb,98
exercise_any,621e2f9167b776a240011ccb,112
exercise_any,621e2f9167b776a240011ccb,117
exercise_any,621e2f9167b776a240011ccb,122
exercise_any,621e2f9167b776a240011ccb,136
exercise_any,621e2f9167b776a240011ccb,141
exercise_any,621e2f9167b776a240011ccb,147
exercise_any,621e2f9167b776a240011ccb,163
exercise_any,621e2f9167b776a240011ccb,168
exercise_any,621e2f9167b776a240011ccb,172
exercise_any,621e2f9167b776a240011ccb,186
exercise_any,621e2f9167b776a240011ccb,1
exercise_any,621e2f9167b776a240011ccb,3
exercise_any,621e2f9167b776a240011ccb,16
exercise_any,621e2f9167b776a240011ccb,21
exercise_any,621e2f9167b776a240011ccb,26
exercise_any,621e2f9167b776a240011ccb,40
exercise_any,621e2f9167b776a240011ccb,46
exercise_any,621e2f9167b776a240011ccb,50
exercise_any,621e2f9167b776a240011ccb,65
exercise_any,621e2f9167b776a240011ccb,71
exercise_any,621e2f9167b776a240011ccb,74
exercise_any,621e2f9167b776a240011ccb,89
exercise_any,621e2f9167b776a240011ccb,94
exercise_any,621e2f9167b776a240011ccb,98
exercise_any,621e2f9167b776a240011ccb,112
exercise_any,621e2f9167b776a240011ccb,117
exercise_any,621e2f9167b776a240011ccb,122
exercise_any,621e2f9167b776a240011ccb,138
exercise_any,621e2f9167b776a240011ccb,163
exercise_any,621e2f9167b776a240011ccb,169
exercise_any,621e2f9167b776a240011ccb,185
exercise_any,621e2f9167b776a240011ccb,191
exercise_any,621e2f9167b776a240011ccb,194
exercise_any,621e2f9167b776a240011ccb,208
exercise_any,621e2f9167b776a240011ccb,213
exercise_any,621e2f9167b776a240011ccb,220
exercise_any,621e2f9167b776a240011ccb,235
exercise_any,621e2f9167b776a240011ccb,238
exercise_any,621e2f9167b776a240011ccb,242
exercise_any,621e2f9167b776a240011ccb,257
exercise_any,621e2f9167b776a240011ccb,262
exercise_any,621e2f9167b776a240011ccb,280
exercise_any,621e2f9167b776a240011ccb,285
exercise_any,621e2f9167b776a240011ccb,290
exercise_any,621e2f9167b776a240011ccb,306
exercise_any,621e2f9167b776a240011ccb,312
exercise_any,621e2f9167b776a240011ccb,316
exercise_any,621e2f9167b776a240011ccb,331
exercise_any,621e2f9167b776a240011ccb,336
exercise_any,621e2f9167b776a240011ccb,340
exercise_any,621e2f9167b776a240011ccb,352
exercise_any,621e2f9167b776a240011ccb,357
exercise_any,621e2f9167b776a240011ccb,364
exercise_any,621e2f9167b776a240011ccb,377
exercise_any,621e2f9167b776a240011ccb,383
exercise_any,621e2f9167b776a240011ccb,387
exercise_any,621e2f9167b776a240011ccb,401
exercise_any,621e2f9167b776a240011ccb,406
exercise_any,621e2f9167b776a240011ccb,410
exercise_any,621e2f9167b776a240011ccb,429
exercise_any,621e2f9167b776a240011ccb,434
exercise_any,621e2f9167b776a240011ccb,449
exercise_any,621e2f9167b776a240011ccb,454
exercise_any,621e2f9167b776a240011ccb,459
exercise_any,621e2f9167b776a240011ccb,475
exercise_any,621e2f9167b776a240011ccb,480
exercise_any,621e2f9167b776a240011ccb,484
exercise_any,621e2f9167b776a240011ccb,499
exercise_any,621e2f9167b776a240011ccb,508
exercise_any,621e2f9167b776a240011ccb,520
exercise_any,621e2f9167b776a240011ccb,526
exercise_any,621e2f9167b776a240011ccb,530
exercise_any,621e2f9167b776a240011ccb,545
exercise_any,621e2f9167b776a240011ccb,549
exercise_any,621e2f9167b776a240011ccb,554
exercise_any,621e2f9167b776a240011ccb,574
exercise_any,621e2f9167b776a240011ccb,578
exercise_any,621e2f9167b776a240011ccb,593
exercise_any,621e2f9167b776a240011ccb,600
exercise_any,621e2f9167b776a240011ccb,605
exercise_any,621e2f9167b776a240011ccb,616
exercise_any,621e2f9167b776a240011ccb,621
exercise_any,621e2f9167b776a240011ccb,626
exercise_any,621e2f9167b776a240011ccb,643
exercise_any,621e2f9167b776a240011ccb,648
exercise_any,621e2f9167b776a240011ccb,668
exercise_any,621e2f9167b776a240011ccb,672
exercise_any,621e2f9167b776a240011ccb,676
exercise_any,621e2f9167b776a240011ccb,693
exercise_any,621e2f9167b776a240011ccb,698
exercise_any,621e2f9167b776a240011ccb,714
exercise_any,621e2f9167b776a240011ccb,719
exercise_any,621e2f9167b776a240011ccb,723
exercise_any,621e2f9167b776a240011ccb,740
exercise_any,621e2f9167b776a240011ccb,743
exercise_any,621e2f9167b776a240011ccb,749
exercise_any,621e2f9167b776a240011ccb,761
exercise_any,621e2f9167b776a240011ccb,766
exercise_any,621e2f9167b776a240011ccb,771
exercise_any,621e2f9167b776a240011ccb,785
exercise_any,621e2f9167b776a240011ccb,790
exercise_any,621e2f9167b776a240011ccb,795
exercise_any,621e2f9167b776a240011ccb,810
exercise_any,621e2f9167b776a240011ccb,818
exercise_any,621e2f9167b776a240011ccb,820
exercise_any,621e2f9167b776a240011ccb,856
exercise_any,621e2f9167b776a240011ccb,863
exercise_any,621e2f9167b776a240011ccb,866
exercise_any,621e2f9167b776a240011ccb,0
exercise_any,621e2f9167b776a240011ccb,8
exercise_any,621e2f9167b776a240011ccb,19
exercise_any,621e2f9167b776a240011ccb,26
exercise_any,621e2f9167b776a240011ccb,30
exercise_any,621e2f9167b776a240011ccb,43
exercise_any,621e2f9167b776a240011ccb,49
exercise_any,621e2f9167b776a240011ccb,55
exercise_any,621e2f9167b776a240011ccb,67
exercise_any,621e2f9167b776a240011ccb,0
exercise_any,621e2f9167b776a240011ccb,6
exercise_any,621e2f9167b776a240011ccb,21
exercise_any,621e2f9167b776a240011ccb,28
exercise_any,621e2f9167b776a240011ccb,32
exercise_any,621e2f9167b776a240011ccb,45
exercise_any,621e2f9167b776a240011ccb,55
exercise_any,621e2f9167b776a240011ccb,68
exercise_any,621e2f9167b776a240011ccb,4
exercise_any,621e2f9167b776a240011ccb,18
exercise_any,621e2f9167b776a240011ccb,21
exercise_any,621e2f9167b776a240011ccb,4
exercise_any,621e2f9167b776a240011ccb,18
exercise_any,621e2f9167b776a240011ccb,22
exercise_any,621e2f9167b776a240011ccb,28
exercise_any,621e2f9167b776a240011ccb,41
exercise_any,621e2f9167b776a240011ccb,48
exercise_any,621e2f9167b776a240011ccb,1
exercise_any,621e2f9167b776a240011ccb,18
exercise_any,621e2f9167b776a240011ccb,20
exercise_any,621e2f9167b776a240011ccb,28
exercise_any,621e2f9167b776a240011ccb,42
exercise_any,621e2f9167b776a240011ccb,47
exercise_any,621e2f9167b776a240011ccb,50
exercise_any,621e2f9167b776a240011ccb,68
exercise_any,621e2f9167b776a240011ccb,72
exercise_any,621e2f9167b776a240011ccb,74
exercise_any,621e2f9167b776a240011ccb,92
exercise_any,621e2f9167b776a240011ccb,99
exercise_any,621e2f9167b776a240011ccb,116
exercise_any,621e2f9167b776a240011ccb,124
exercise_any,621e2f9167b776a240011ccb,137
exercise_any,621e2f9167b776a240011ccb,146
exercise_any,621e2f9167b776a240011ccb,160
exercise_any,621e2f9167b776a240011ccb,165
exercise_any,621e2f9167b776a240011ccb,169
exercise_any,621e2f9167b776a240011ccb,184
exercise_any,621e2f9167b776a240011ccb,190
exercise_any,621e2f9167b776a240011ccb,194
exercise_any,621e2f9167b776a240011ccb,1
exercise_any,621e2f9167b776a240011ccb,6
exercise_any,621e2f9167b776a240011ccb,21
exercise_any,621e2f9167b776a240011ccb,27
exercise_any,621e2f9167b776a240011ccb,44
exercise_any,621e2fb367b776a24015accd,3
exercise_any,621e2fb367b776a24015accd,16
exercise_any,621e2fb367b776a24015accd,21
exercise_any,621e2fb367b776a24015accd,26
exercise_any,621e2fb367b776a24015accd,46
exercise_any,621e2fb367b776a24015accd,64
exercise_any,621e2fb367b776a24015accd,0
exercise_any,621e2fb367b776a24015accd,2
exercise_any,621e2fb367b776a24015accd,0
exercise_any,621e2fb367b776a24015accd,16
exercise_any,621e2fb367b776a24015accd,18
exercise_any,621e2fb367b776a24015accd,15
exercise_any,621e2fb367b776a24015accd,19
exercise_any,621e2fb367b776a24015accd,5
exercise_any,621e2fb367b776a24015accd,18
exercise_any,621e2fb367b776a24015accd,3
exercise_any,621e2fb367b776a24015accd,7
exercise_any,621e2fb367b776a24015accd,21
exercise_any,621e2fb367b776a24015accd,26
exercise_any,621e2fb367b776a24015accd,4
exercise_any,621e2fb367b776a24015accd,19
exercise_any,621e2fb367b776a24015accd,1
exercise_any,621e2fb367b776a24015accd,0
exercise_any,621e2fb367b776a24015accd,12
exercise_any,621e2fb367b776a24015accd,0
exercise_any,621e2fb367b776a24015accd,3
exercise_any,621e2fb367b776a24015accd,2
exercise_any,621e2fb367b776a24015accd,6
exercise_any,621e2fb367b776a24015accd,10
exercise_any,621e2fb367b776a24015accd,0
exercise_any,621e2fb367b776a24015accd,4
exercise_any,621e2fb367b776a24015accd,4
exercise_any,621e2fb367b776a24015accd,18
exercise_any,621e2fb367b776a24015accd,0
exercise_any,621e2fb367b776a24015accd,5
exercise_any,621e2fb367b776a24015accd,21
exercise_any,621e2fb367b776a24015accd,24
exercise_any,621e2fb367b776a24015accd,29
exercise_any,621e2fb367b776a24015accd,44
exercise_any,621e2fb367b776a24015accd,0
exercise_any,621e2fb367b776a24015accd,5
exercise_any,621e2fb367b776a24015accd,21
exercise_any,621e2fb367b776a24015accd,24
exercise_any,621e2fb367b776a24015accd,29
exercise_any,621e2fb367b776a24015accd,45
exercise_any,621e2fb367b776a24015accd,2
exercise_any,621e2fb367b776a24015accd,6
exercise_any,621e2fb367b776a24015accd,20
exercise_any,621e2fb367b776a24015accd,3
exercise_any,621e2fb367b776a24015accd,2
exercise_any,621e2fb367b776a24015accd,13
exercise_any,621e2fb367b776a24015accd,0
exercise_any,621e2fb367b776a24015accd,3
exercise_any,621e2fb367b776a24015accd,17
exercise_any,621e2fb367b776a24015accd,22
exercise_any,621e2fb367b776a24015accd,4
exercise_any,621e2fb367b776a24015accd,18
exercise_any,621e2fb367b776a24015accd,23
exercise_any,621e2fb367b776a24015accd,4
exercise_any,621e2fb367b776a24015accd,18
exercise_any,621e2fb367b776a24015accd,23
exercise_any,621e2fb367b776a24015accd,1
exercise_any,621e2fb367b776a24015accd,0
exercise_any,621e2fb367b776a24015accd,3
exercise_any,621e2fb367b776a24015accd,0
exercise_any,621e2fb367b776a24015accd,19
exercise_any,621e2fb367b776a24015accd,59
exercise_any,621e2fb367b776a24015accd,71
exercise_any,621e2fb367b776a24015accd,84
exercise_any,621e2fb367b776a24015accd,1
exercise_any,621e2fb367b776a24015accd,1
exercise_any,621e2fb367b776a24015accd,12
exercise_any,621e2fb367b776a24015accd,19
exercise_any,621e2fb367b776a24015accd,38
exercise_any,621e2fb367b776a24015accd,41
exercise_any,621e2fb367b776a24015accd,59
exercise_any,621e2fb367b776a24015accd,64
exercise_any,621e2fb367b776a24015accd,69
exercise_any,621e2fb367b776a24015accd,15
exercise_any,621e2fb367b776a24015accd,0
exercise_any,621e2fb367b776a24015accd,14
exercise_any,621e2fb367b776a24015accd,21
exercise_any,621e2fb367b776a24015accd,39
exercise_any,621e2fb367b776a24015accd,13
exercise_any,621e2fb367b776a24015accd,17
exercise_any,621e2fb367b776a24015accd,20
exercise_any,621e2fb367b776a24015accd,12
exercise_any,621e2fb367b776a24015accd,17
exercise_any,621e2fb367b776a24015accd,19
exercise_any,621e2fb367b776a24015accd,23
exercise_any,621e2fb367b776a24015accd,4
exercise_any,621e2fb367b776a24015accd,18
exercise_any,621e2fb367b776a24015accd,23
exercise_any,621e2fb367b776a24015accd,5
exercise_any,621e2fb367b776a24015accd,20
exercise_any,621e2fb367b776a24015accd,26
exercise_any,621e2fb367b776a24015accd,30
exercise_any,621e2fb367b776a24015accd,1
exercise_any,621e2fb367b776a24015accd,10
exercise_any,621e2fb367b776a24015accd,23
exercise_any,621e2fb367b776a24015accd,28
exercise_any,621e2fb367b776a24015accd,5
exercise_any,621e2fb367b776a24015accd,12
exercise_any,621e2fb367b776a24015accd,17
exercise_any,621e2fb367b776a24015accd,4
exercise_any,621e2fb367b776a24015accd,9
exercise_any,621e2fb367b776a24015accd,15
exercise_any,621e2fb367b776a24015accd,19
exercise_any,621e2fb367b776a24015accd,13
exercise_any,621e2fb367b776a24015accd,18
exercise_any,621e2fb367b776a24015accd,23
exercise_any,621e2fb367b776a24015accd,38
exercise_any,621e2fb367b776a24015accd,42
exercise_any,621e2fb367b776a24015accd,48
exercise_any,621e2fb367b776a24015accd,11
exercise_any,621e2fb367b776a24015accd,16
exercise_any,621e2fb367b776a24015accd,19
exercise_any,621e2fb367b776a24015accd,34
exercise_any,621e2fb367b776a24015accd,41
exercise_any,621e2fb367b776a24015accd,43
exercise_any,621e2fb367b776a24015accd,56
exercise_any,621e2fb367b776a24015accd,60
exercise_any,621e2fb367b776a24015accd,4
exercise_any,621e2fb367b776a24015accd,19
exercise_any,621e2fb367b776a24015accd,23
exercise_any,621e2fb367b776a24015accd,29
exercise_any,621e2fb367b776a24015accd,42
exercise_any,621e2fb367b776a24015accd,47
exercise_any,621e2fb367b776a24015accd,0
exercise_any,621e2fb367b776a24015accd,10
exercise_any,621e2fb367b776a24015accd,16
exercise_any,621e2fb367b776a24015accd,20
exercise_any,621e2fb367b776a24015accd,34
exercise_any,621e2fb367b776a24015accd,39
exercise_any,621e2fb367b776a24015accd,63
exercise_any,621e2fb367b776a24015accd,86
exercise_any,621e2fb367b776a24015accd,12
exercise_any,621e2fb367b776a24015accd,19
exercise_any,621e2fb367b776a24015accd,37
exercise_any,621e2fb367b776a24015accd,45
exercise_any,621e2fb367b776a24015accd,61
exercise_any,621e2fb367b776a24015accd,65
exercise_any,621e2fb367b776a24015accd,0
exercise_any,621e2fb367b776a24015accd,12
exercise_any,621e2fb367b776a24015accd,1
exercise_any,621e2fb367b776a24015accd,6
exercise_any,621e2fb367b776a24015accd,17
exercise_any,621e2fb367b776a24015accd,39
exercise_any,621e2fb367b776a24015accd,1
exercise_any,621e2fb367b776a24015accd,24
exercise_any,621e2fce67b776a240279baa,3
exercise_any,621e2fce67b776a240279baa,16
exercise_any,621e2fce67b776a240279baa,21
exercise_any,621e2fce67b776a240279baa,27
exercise_any,621e2fce67b776a240279baa,40
exercise_any,621e2fce67b776a240279baa,64
exercise_any,621e2fce67b776a240279baa,70
exercise_any,621e2fce67b776a240279baa,2
exercise_any,621e2fce67b776a240279baa,12
exercise_any,621e2fce67b776a240279baa,4
exercise_any,621e2fce67b776a240279baa,7
exercise_any,621e2fce67b776a240279baa,13
exercise_any,621e2fce67b776a240279baa,24
exercise_any,621e2fce67b776a240279baa,35
exercise_any,621e2fce67b776a240279baa,40
exercise_any,621e2fce67b776a240279baa,0
exercise_any,621e2fce67b776a240279baa,15
exercise_any,621e2fce67b776a240279baa,21
exercise_any,621e2fce67b776a240279baa,0
exercise_any,621e2fce67b776a240279baa,14
exercise_any,621e2fce67b776a240279baa,1
exercise_any,621e2fce67b776a240279baa,15
exercise_any,621e2fce67b776a240279baa,20
exercise_any,621e2fce67b776a240279baa,1
exercise_any,621e2fce67b776a240279baa,13
exercise_any,621e2fce67b776a240279baa,24
exercise_any,621e2fce67b776a240279baa,39
exercise_any,621e2fce67b776a240279baa,1
exercise_any,621e2fce67b776a240279baa,5
exercise_any,621e2fce67b776a240279baa,4
exercise_any,621e2fce67b776a240279baa,6
exercise_any,621e2fce67b776a240279baa,10
exercise_any,621e2fce67b776a240279baa,22
exercise_any,621e2fce67b776a240279baa,28
exercise_any,621e2fce67b776a240279baa,32
exercise_any,621e2fce67b776a240279baa,2
exercise_any,621e2fce67b776a240279baa,8
exercise_any,621e2fce67b776a240279baa,2
exercise_any,621e2fce67b776a240279baa,16
exercise_any,621e2fce67b776a240279baa,23
exercise_any,621e2fce67b776a240279baa,28
exercise_any,621e2fce67b776a240279baa,41
exercise_any,621e2fce67b776a240279baa,5
exercise_any,621e2fce67b776a240279baa,3
exercise_any,621e2fce67b776a240279baa,7
exercise_any,621e2fce67b776a240279baa,3
exercise_any,621e2fce67b776a240279baa,19
exercise_any,621e2fce67b776a240279baa,26
exercise_any,621e2fce67b776a240279baa,29
exercise_any,621e2fce67b776a240279baa,50
exercise_any,621e2fce67b776a240279baa,53
exercise_any,621e2fce67b776a240279baa,65
exercise_any,621e2fce67b776a240279baa,70
exercise_any,621e2fce67b776a240279baa,76
exercise_any,621e2fce67b776a240279baa,89
exercise_any,621e2fce67b776a240279baa,94
exercise_any,621e2fce67b776a240279baa,100
exercise_any,621e2fce67b776a240279baa,113
exercise_any,621e2fce67b776a240279baa,1
exercise_any,621e2fce67b776a240279baa,11
exercise_any,621e2fce67b776a240279baa,14
exercise_any,621e2fce67b776a240279baa,20
exercise_any,621e2fce67b776a240279baa,1
exercise_any,621e2fce67b776a240279baa,16
exercise_any,621e2fce67b776a240279baa,22
exercise_any,621e2fce67b776a240279baa,1
exercise_any,621e2fce67b776a240279baa,14
exercise_any,621e2fce67b776a240279baa,20
exercise_any,621e2fce67b776a240279baa,24
exercise_any,621e2fce67b776a240279baa,35
exercise_any,621e2fce67b776a240279baa,41
exercise_any,621e2fce67b776a240279baa,46
exercise_any,621e2fce67b776a240279baa,60
exercise_any,621e2fce67b776a240279baa,64
exercise_any,621e2fce67b776a240279baa,2
exercise_any,621e2fce67b776a240279baa,12
exercise_any,621e2fce67b776a240279baa,18
exercise_any,621e2fce67b776a240279baa,13
exercise_any,621e2fce67b776a240279baa,19
exercise_any,621e2fce67b776a240279baa,24
exercise_any,621e2fce67b776a240279baa,38
exercise_any,621e2fce67b776a240279baa,45
exercise_any,621e2fce67b776a240279baa,47
exercise_any,621e2fce67b776a240279baa,63
exercise_any,621e2fce67b776a240279baa,69
exercise_any,621e2fce67b776a240279baa,13
exercise_any,621e2fce67b776a240279baa,19
exercise_any,621e2fce67b776a240279baa,1
exercise_any,621e2fce67b776a240279baa,12
exercise_any,621e2fce67b776a240279baa,15
exercise_any,621e2fce67b776a240279baa,34
exercise_any,621e2fce67b776a240279baa,40
exercise_any,621e2fce67b776a240279baa,44
exercise_any,621e2fce67b776a240279baa,58
exercise_any,621e2fce67b776a240279baa,65
exercise_any,621e2fce67b776a240279baa,82
exercise_any,621e2fce67b776a240279baa,87
exercise_any,621e2fce67b776a240279baa,92
exercise_any,621e2fce67b776a240279baa,10
exercise_any,621e2fce67b776a240279baa,15
exercise_any,621e2fce67b776a240279baa,20
exercise_any,621e2fce67b776a240279baa,9
exercise_any,621e2fce67b776a240279baa,15
exercise_any,621e2fce67b776a240279baa,1
exercise_any,621e2fce67b776a240279baa,2
exercise_any,621e2fce67b776a240279baa,10
exercise_any,621e2fce67b776a240279baa,22
exercise_any,621e2fce67b776a240279baa,30
exercise_any,621e2fce67b776a240279baa,33
exercise_any,621e2fce67b776a240279baa,45
exercise_any,621e2fce67b776a240279baa,69
exercise_any,621e2fce67b776a240279baa,75
exercise_any,621e2fce67b776a240279baa,80
exercise_any,621e2fce67b776a240279baa,93
exercise_any,621e2fce67b776a240279baa,100
exercise_any,621e2fce67b776a240279baa,105
exercise_any,621e2fce67b776a240279baa,117
exercise_any,621e2fce67b776a240279baa,122
exercise_any,621e2fce67b776a240279baa,128
exercise_any,621e2fce67b776a240279baa,143
exercise_any,621e2fce67b776a240279baa,3
exercise_any,621e2fce67b776a240279baa,7
exercise_any,621e2fce67b776a240279baa,20
exercise_any,621e2fce67b776a240279baa,26
exercise_any,621e2fce67b776a240279baa,3
exercise_any,621e2fce67b776a240279baa,14
exercise_any,621e2fce67b776a240279baa,20
exercise_any,621e2fce67b776a240279baa,25
exercise_any,621e2fce67b776a240279baa,2
exercise_any,621e2fce67b776a240279baa,9
exercise_any,621e2fce67b776a240279baa,0
exercise_any,621e2fce67b776a240279baa,13
exercise_any,621e2fce67b776a240279baa,18
exercise_any,621e2fce67b776a240279baa,24
exercise_any,621e2fce67b776a240279baa,37
exercise_any,621e2fce67b776a240279baa,43
exercise_any,621e2fce67b776a240279baa,63
exercise_any,621e2fce67b776a240279baa,71
exercise_any,621e2fce67b776a240279baa,88
exercise_any,621e2fce67b776a240279baa,2
exercise_any,621e2fce67b776a240279baa,14
exercise_any,621e2fce67b776a240279baa,21
exercise_any,621e2fce67b776a240279baa,24
exercise_any,621e2fce67b776a240279baa,37
exercise_any,621e2fce67b776a240279baa,42
exercise_any,621e2fce67b776a240279baa,67
exercise_any,621e2fce67b776a240279baa,0
exercise_any,621e2fce67b776a240279baa,14
exercise_any,621e2fce67b776a240279baa,18
exercise_any,621e2fce67b776a240279baa,22
exercise_any,621e2fce67b776a240279baa,49
exercise_any,621e2fce67b776a240279baa,52
exercise_any,621e2fce67b776a240279baa,56
exercise_any,621e2fce67b776a240279baa,70
exercise_any,621e2fce67b776a240279baa,76
exercise_any,621e2ff067b776a2403eb737,0
exercise_any,621e2ff067b776a2403eb737,19
exercise_any,621e2ff067b776a2403eb737,23
exercise_any,621e2ff067b776a2403eb737,28
exercise_any,621e2ff067b776a2403eb737,46
exercise_any,621e2ff067b776a2403eb737,51
exercise_any,621e2ff067b776a2403eb737,53
exercise_any,621e2ff067b776a2403eb737,68
exercise_any,621e2ff067b776a2403eb737,77
exercise_any,621e2ff067b776a2403eb737,90
exercise_any,621e2ff067b776a2403eb737,95
exercise_any,621e2ff067b776a2403eb737,115
exercise_any,621e2ff067b776a2403eb737,119
exercise_any,621e2ff067b776a2403eb737,126
exercise_any,621e2ff067b776a2403eb737,138
exercise_any,621e2ff067b776a2403eb737,144
exercise_any,621e2ff067b776a2403eb737,162
exercise_any,621e2ff067b776a2403eb737,167
exercise_any,621e2ff067b776a2403eb737,174
exercise_any,621e2ff067b776a2403eb737,187
exercise_any,621e2ff067b776a2403eb737,3
exercise_any,621e2ff067b776a2403eb737,5
exercise_any,621e2ff067b776a2403eb737,21
exercise_any,621e2ff067b776a2403eb737,28
exercise_any,621e2ff067b776a2403eb737,32
exercise_any,621e2ff067b776a2403eb737,47
exercise_any,621e2ff067b776a2403eb737,6
exercise_any,621e2ff067b776a2403eb737,21
exercise_any,621e2ff067b776a2403eb737,25
exercise_any,621e2ff067b776a2403eb737,29
exercise_any,621e2ff067b776a2403eb737,43
exercise_any,621e2ff067b776a2403eb737,49
exercise_any,621e2ff067b776a2403eb737,54
exercise_any,621e2ff067b776a2403eb737,67
exercise_any,621e2ff067b776a2403eb737,72
exercise_any,621e2ff067b776a2403eb737,77
exercise_any,621e2ff067b776a2403eb737,90
exercise_any,621e2ff067b776a2403eb737,97
exercise_any,621e2ff067b776a2403eb737,114
exercise_any,621e2ff067b776a2403eb737,122
exercise_any,621e2ff067b776a2403eb737,125
exercise_any,621e2ff067b776a2403eb737,141
exercise_any,621e2ff067b776a2403eb737,147
exercise_any,621e2ff067b776a2403eb737,165
exercise_any,621e2ff067b776a2403eb737,186
exercise_any,621e2ff067b776a2403eb737,4
exercise_any,621e2ff067b776a2403eb737,8
exercise_any,621e2ff067b776a2403eb737,23
exercise_any,621e2ff067b776a2403eb737,28
exercise_any,621e2ff067b776a2403eb737,33
exercise_any,621e2ff067b776a2403eb737,48
exercise_any,621e2ff067b776a2403eb737,52
exercise_any,621e2ff067b776a2403eb737,56
exercise_any,621e2ff067b776a2403eb737,71
exercise_any,621e2ff067b776a2403eb737,75
exercise_any,621e2ff067b776a2403eb737,80
exercise_any,621e2ff067b776a2403eb737,94
exercise_any,621e2ff067b776a2403eb737,99
exercise_any,621e2ff067b776a2403eb737,104
exercise_any,621e2ff067b776a2403eb737,3
exercise_any,621e2ff067b776a2403eb737,10
exercise_any,621e2ff067b776a2403eb737,34
exercise_any,621e2ff067b776a2403eb737,53
exercise_any,621e2ff067b776a2403eb737,57
exercise_any,621e2ff067b776a2403eb737,59
exercise_any,621e2ff067b776a2403eb737,74
exercise_any,621e2ff067b776a2403eb737,79
exercise_any,621e2ff067b776a2403eb737,83
exercise_any,621e2ff067b776a2403eb737,98
exercise_any,621e2ff067b776a2403eb737,103
exercise_any,621e2ff067b776a2403eb737,108
exercise_any,621e2ff067b776a2403eb737,123
exercise_any,621e2ff067b776a2403eb737,126
exercise_any,621e2ff067b776a2403eb737,4
exercise_any,621e2ff067b776a2403eb737,18
exercise_any,621e2ff067b776a2403eb737,25
exercise_any,621e2ff067b776a2403eb737,28
exercise_any,621e2ff067b776a2403eb737,47
exercise_any,621e2ff067b776a2403eb737,50
exercise_any,621e2ff067b776a2403eb737,54
exercise_any,621e2ff067b776a2403eb737,71
exercise_any,621e2ff067b776a2403eb737,74
exercise_any,621e2ff067b776a2403eb737,92
exercise_any,621e2ff067b776a2403eb737,96
exercise_any,621e2ff067b776a2403eb737,116
exercise_any,621e2ff067b776a2403eb737,124
exercise_any,621e2ff067b776a2403eb737,138
exercise_any,621e2ff067b776a2403eb737,145
exercise_any,621e2ff067b776a2403eb737,148
exercise_any,621e2ff067b776a2403eb737,163
exercise_any,621e2ff067b776a2403eb737,1
exercise_any,621e2ff067b776a2403eb737,21
exercise_any,621e2ff067b776a2403eb737,30
exercise_any,621e2ff067b776a2403eb737,44
exercise_any,621e2ff067b776a2403eb737,50
exercise_any,621e2ff067b776a2403eb737,53
exercise_any,621e2ff067b776a2403eb737,69
exercise_any,621e2ff067b776a2403eb737,74
exercise_any,621e2ff067b776a2403eb737,77
exercise_any,621e2ff067b776a2403eb737,91
exercise_any,621e2ff067b776a2403eb737,96
exercise_any,621e2ff067b776a2403eb737,102
exercise_any,621e2ff067b776a2403eb737,114
exercise_any,621e2ff067b776a2403eb737,125
exercise_any,621e2ff067b776a2403eb737,140
exercise_any,621e2ff067b776a2403eb737,147
exercise_any,621e2ff067b776a2403eb737,150
exercise_any,621e2ff067b776a2403eb737,162
exercise_any,621e2ff067b776a2403eb737,168
exercise_any,621e2ff067b776a2403eb737,186
exercise_any,621e2ff067b776a2403eb737,193
exercise_any,621e2ff067b776a2403eb737,197
exercise_any,621e2ff067b776a2403eb737,212
exercise_any,621e2ff067b776a2403eb737,219
exercise_any,621e2ff067b776a2403eb737,237
exercise_any,621e2ff067b776a2403eb737,243
exercise_any,621e2ff067b776a2403eb737,259
exercise_any,621e2ff067b776a2403eb737,265
exercise_any,621e2ff067b776a2403eb737,284
exercise_any,621e2ff067b776a2403eb737,289
exercise_any,621e2ff067b776a2403eb737,293
exercise_any,621e2ff067b776a2403eb737,310
exercise_any,621e2ff067b776a2403eb737,315
exercise_any,621e2ff067b776a2403eb737,317
exercise_any,621e2ff067b776a2403eb737,331
exercise_any,621e2ff067b776a2403eb737,335
exercise_any,621e2ff067b776a2403eb737,341
exercise_any,621e2ff067b776a2403eb737,357
exercise_any,621e2ff067b776a2403eb737,359
exercise_any,621e2ff067b776a2403eb737,407
exercise_any,621e2ff067b776a2403eb737,414
exercise_any,621e2ff067b776a2403eb737,428
exercise_any,621e2ff067b776a2403eb737,432
exercise_any,621e2ff067b776a2403eb737,436
exercise_any,621e2ff067b776a2403eb737,452
exercise_any,621e2ff067b776a2403eb737,458
exercise_any,621e2ff067b776a2403eb737,475
exercise_any,621e2ff067b776a2403eb737,481
exercise_any,621e2ff067b776a2403eb737,500
exercise_any,621e2ff067b776a2403eb737,507
exercise_any,621e2ff067b776a2403eb737,511
exercise_any,621e2ff067b776a2403eb737,523
exercise_any,621e2ff067b776a2403eb737,527
exercise_any,621e2ff067b776a2403eb737,551
exercise_any,621e2ff067b776a2403eb737,555
exercise_any,621e300767b776a2404dc717,44
exercise_any,621e301367b776a24057738e,16
exercise_any,621e301367b776a24057738e,21
exercise_any,621e301367b776a24057738e,16
exercise_any,621e301367b776a24057738e,19
exercise_any,621e301367b776a24057738e,43
exercise_any,621e301367b776a24057738e,45
exercise_any,621e301367b776a24057738e,50
exercise_any,621e301367b776a24057738e,20
exercise_any,621e301e67b776a240608a72,17
exercise_any,621e301e67b776a240608a72,18
exercise_any,621e301e67b776a240608a72,18
exercise_any,621e301e67b776a240608a72,19
exercise_any,621e301e67b776a240608a72,64
exercise_any,621e301e67b776a240608a72,71
exercise_any,621e301e67b776a240608a72,74
exercise_any,621e301e67b776a240608a72,87
exercise_any,621e301e67b776a240608a72,0
exercise_any,621e301e67b776a240608a72,13
exercise_any,621e301e67b776a240608a72,4
exercise_any,621e301e67b776a240608a72,3
exercise_any,621e301e67b776a240608a72,16
exercise_any,621e301e67b776a240608a72,20
exercise_any,621e301e67b776a240608a72,22
exercise_any,621e301e67b776a240608a72,50
exercise_any,621e301e67b776a240608a72,62
exercise_any,621e301e67b776a240608a72,93
exercise_any,621e301e67b776a240608a72,95
exercise_any,621e301e67b776a240608a72,1
exercise_any,621e301e67b776a240608a72,88
exercise_any,621e301e67b776a240608a72,14
exercise_any,621e301e67b776a240608a72,20
exercise_any,621e301e67b776a240608a72,15
exercise_any,621e301e67b776a240608a72,64
exercise_any,621e301e67b776a240608a72,70
exercise_any,621e301e67b776a240608a72,74
exercise_any,621e301e67b776a240608a72,88
exercise_any,621e301e67b776a240608a72,94
exercise_any,621e301e67b776a240608a72,17
exercise_any,621e301e67b776a240608a72,18
exercise_any,621e301e67b776a240608a72,17
exercise_any,621e301e67b776a240608a72,0
exercise_any,621e301e67b776a240608a72,4
exercise_any,621e301e67b776a240608a72,20
exercise_any,621e301e67b776a240608a72,45
exercise_any,621e301e67b776a240608a72,0
exercise_any,621e301e67b776a240608a72,15
exercise_any,621e301e67b776a240608a72,1867
exercise_any,621e301e67b776a240608a72,1873
exercise_any,621e301e67b776a240608a72,11
exercise_any,621e301e67b776a240608a72,15
exercise_any,621e301e67b776a240608a72,18
exercise_any,621e301e67b776a240608a72,41
exercise_any,621e301e67b776a240608a72,22
exercise_any,621e301e67b776a240608a72,47
exercise_any,621e301e67b776a240608a72,8
exercise_any,621e301e67b776a240608a72,22
exercise_any,621e301e67b776a240608a72,28
exercise_any,621e301e67b776a240608a72,47
exercise_any,621e309267b776a240ae1cdb,1
exercise_any,621e309267b776a240ae1cdb,130
exercise_any,621e309267b776a240ae1cdb,415
exercise_any,621e309267b776a240ae1cdb,418
exercise_any,621e309267b776a240ae1cdb,898
exercise_any,621e309267b776a240ae1cdb,935
exercise_any,621e309267b776a240ae1cdb,947
exercise_any,621e309267b776a240ae1cdb,0
exercise_any,621e309267b776a240ae1cdb,1
exercise_any,621e30c867b776a240d4aa6c,13
exercise_any,621e30c867b776a240d4aa6c,20
exercise_any,621e30c867b776a240d4aa6c,1
exercise_any,621e30c867b776a240d4aa6c,14
exercise_any,621e30c867b776a240d4aa6c,19
exercise_any,621e30c867b776a240d4aa6c,25
exercise_any,621e30c867b776a240d4aa6c,38
exercise_any,621e30c867b776a240d4aa6c,1
exercise_any,621e30c867b776a240d4aa6c,13
exercise_any,621e30c867b776a240d4aa6c,18
exercise_any,621e30c867b776a240d4aa6c,2
exercise_any,621e30c867b776a240d4aa6c,18
exercise_any,621e30c867b776a240d4aa6c,22
exercise_any,621e30c867b776a240d4aa6c,14
exercise_any,621e30c867b776a240d4aa6c,13
exercise_any,621e30c867b776a240d4aa6c,2
exercise_any,621e30c867b776a240d4aa6c,15
exercise_any,621e30c867b776a240d4aa6c,21
exercise_any,621e30c867b776a240d4aa6c,17
exercise_any,621e30c867b776a240d4aa6c,26
exercise_any,621e30c867b776a240d4aa6c,40
exercise_any,621e30c867b776a240d4aa6c,0
exercise_any,621e30c867b776a240d4aa6c,20
exercise_any,621e30c867b776a240d4aa6c,7
exercise_any,621e30c867b776a240d4aa6c,13
exercise_any,621e30c867b776a240d4aa6c,25
exercise_any,621e30c867b776a240d4aa6c,32
exercise_any,621e30c867b776a240d4aa6c,5
exercise_any,621e30c867b776a240d4aa6c,16
exercise_any,621e30c867b776a240d4aa6c,23
exercise_any,621e30c867b776a240d4aa6c,1
exercise_any,621e30c867b776a240d4aa6c,14
exercise_any,621e30c867b776a240d4aa6c,20
exercise_any,621e30c867b776a240d4aa6c,24
exercise_any,621e30c867b776a240d4aa6c,40
exercise_any,621e30c867b776a240d4aa6c,43
exercise_any,621e30c867b776a240d4aa6c,48
exercise_any,621e30c867b776a240d4aa6c,62
exercise_any,621e30c867b776a240d4aa6c,2
exercise_any,621e30c867b776a240d4aa6c,20
exercise_any,621e30c867b776a240d4aa6c,5
exercise_any,621e30c867b776a240d4aa6c,3
exercise_any,621e30c867b776a240d4aa6c,13
exercise_any,621e30c867b776a240d4aa6c,18
exercise_any,621e30c867b776a240d4aa6c,3
exercise_any,621e30c867b776a240d4aa6c,29
exercise_any,621e30c867b776a240d4aa6c,43
exercise_any,621e30c867b776a240d4aa6c,48
exercise_any,621e30c867b776a240d4aa6c,50
exercise_any,621e30c867b776a240d4aa6c,2
exercise_any,621e30c867b776a240d4aa6c,1
exercise_any,621e30c867b776a240d4aa6c,5
exercise_any,621e30c867b776a240d4aa6c,16
exercise_any,621e30c867b776a240d4aa6c,40
exercise_any,621e30c867b776a240d4aa6c,17
exercise_any,621e30c867b776a240d4aa6c,3
exercise_any,621e30c867b776a240d4aa6c,16
exercise_any,621e30c867b776a240d4aa6c,18
exercise_any,621e30c867b776a240d4aa6c,41
exercise_any,621e30c867b776a240d4aa6c,53
exercise_any,621e30c867b776a240d4aa6c,69
exercise_any,621e30c867b776a240d4aa6c,71
exercise_any,621e30c867b776a240d4aa6c,76
exercise_any,621e30c867b776a240d4aa6c,87
exercise_any,621e30c867b776a240d4aa6c,92
exercise_any,621e30c867b776a240d4aa6c,3
exercise_any,621e30c867b776a240d4aa6c,12
exercise_any,621e30c867b776a240d4aa6c,15
exercise_any,621e30c867b776a240d4aa6c,19
exercise_any,621e30c867b776a240d4aa6c,2
exercise_any,621e30c867b776a240d4aa6c,16
exercise_any,621e30c867b776a240d4aa6c,21
exercise_any,621e30c867b776a240d4aa6c,2
exercise_any,621e30c867b776a240d4aa6c,15
exercise_any,621e30c867b776a240d4aa6c,20
exercise_any,621e30c867b776a240d4aa6c,12
exercise_any,621e30c867b776a240d4aa6c,19
exercise_any,621e30c867b776a240d4aa6c,11
exercise_any,621e30c867b776a240d4aa6c,23
exercise_any,621e30c867b776a240d4aa6c,0
exercise_any,621e30c867b776a240d4aa6c,13
exercise_any,621e30c867b776a240d4aa6c,18
exercise_any,621e30c867b776a240d4aa6c,2
exercise_any,621e30c867b776a240d4aa6c,27
exercise_any,621e30c867b776a240d4aa6c,51
exercise_any,621e30c867b776a240d4aa6c,62
exercise_any,621e30c867b776a240d4aa6c,89
exercise_any,621e30c867b776a240d4aa6c,95
exercise_any,621e30c867b776a240d4aa6c,99
exercise_any,621e30c867b776a240d4aa6c,115
exercise_any,621e30c867b776a240d4aa6c,135
exercise_any,621e30c867b776a240d4aa6c,17
exercise_any,621e30c867b776a240d4aa6c,26
exercise_any,621e30c867b776a240d4aa6c,14
exercise_any,621e30c867b776a240d4aa6c,24
exercise_any,621e30c867b776a240d4aa6c,39
exercise_any,621e30c867b776a240d4aa6c,5
exercise_any,621e30c867b776a240d4aa6c,8
exercise_any,621e30c867b776a240d4aa6c,24
exercise_any,621e30c867b776a240d4aa6c,31
exercise_any,621e30c867b776a240d4aa6c,33
exercise_any,621e30c867b776a240d4aa6c,45
exercise_any,621e30c867b776a240d4aa6c,55
exercise_any,621e30c867b776a240d4aa6c,14
exercise_any,621e30c867b776a240d4aa6c,4
exercise_any,621e30c867b776a240d4aa6c,11
exercise_any,621e30c867b776a240d4aa6c,16
exercise_any,621e30c867b776a240d4aa6c,2
exercise_any,621e30c867b776a240d4aa6c,16
exercise_any,621e30c867b776a240d4aa6c,0
exercise_any,621e30c867b776a240d4aa6c,3
exercise_any,621e30c867b776a240d4aa6c,13
exercise_any,621e30c867b776a240d4aa6c,17
exercise_any,621e30c867b776a240d4aa6c,4
exercise_any,621e30c867b776a240d4aa6c,0
exercise_any,621e30c867b776a240d4aa6c,3
exercise_any,621e30c867b776a240d4aa6c,8
exercise_any,621e30c867b776a240d4aa6c,21
exercise_any,621e30c867b776a240d4aa6c,46
exercise_any,621e30e467b776a240e817c7,1
exercise_any,621e30e467b776a240e817c7,15
exercise_any,621e30e467b776a240e817c7,20
exercise_any,621e30e467b776a240e817c7,25
exercise_any,621e30e467b776a240e817c7,40
exercise_any,621e30e467b776a240e817c7,49
exercise_any,621e30e467b776a240e817c7,65
exercise_any,621e30e467b776a240e817c7,70
exercise_any,621e30e467b776a240e817c7,75
exercise_any,621e30e467b776a240e817c7,7
exercise_any,621e30e467b776a240e817c7,10
exercise_any,621e30e467b776a240e817c7,29
exercise_any,621e30e467b776a240e817c7,31
exercise_any,621e30e467b776a240e817c7,16
exercise_any,621e30e467b776a240e817c7,3
exercise_any,621e30e467b776a240e817c7,15
exercise_any,621e30e467b776a240e817c7,20
exercise_any,621e30e467b776a240e817c7,25
exercise_any,621e30e467b776a240e817c7,39
exercise_any,621e30e467b776a240e817c7,49
exercise_any,621e30e467b776a240e817c7,64
exercise_any,621e30e467b776a240e817c7,3
exercise_any,621e30e467b776a240e817c7,14
exercise_any,621e30e467b776a240e817c7,3
exercise_any,621e30e467b776a240e817c7,7
exercise_any,621e30e467b776a240e817c7,25
exercise_any,621e30e467b776a240e817c7,34
exercise_any,621e30e467b776a240e817c7,6
exercise_any,621e30e467b776a240e817c7,23
exercise_any,621e30e467b776a240e817c7,34
exercise_any,621e30e467b776a240e817c7,53
exercise_any,621e30e467b776a240e817c7,72
exercise_any,621e30e467b776a240e817c7,2
exercise_any,621e30e467b776a240e817c7,15
exercise_any,621e30e467b776a240e817c7,5
exercise_any,621e30e467b776a240e817c7,8
exercise_any,621e30e467b776a240e817c7,28
exercise_any,621e30e467b776a240e817c7,34
exercise_any,621e30e467b776a240e817c7,49
exercise_any,621e30e467b776a240e817c7,101
exercise_any,621e30e467b776a240e817c7,0
exercise_any,621e30e467b776a240e817c7,46
exercise_any,621e30e467b776a240e817c7,49
exercise_any,621e30e467b776a240e817c7,63
exercise_any,621e30e467b776a240e817c7,87
exercise_any,621e30e467b776a240e817c7,161
exercise_any,621e30e467b776a240e817c7,23
exercise_any,621e30e467b776a240e817c7,68
exercise_any,621e30e467b776a240e817c7,4
exercise_any,621e30e467b776a240e817c7,24
exercise_any,621e30e467b776a240e817c7,77
exercise_any,621e30e467b776a240e817c7,217
exercise_any,621e30e467b776a240e817c7,236
exercise_any,621e30e467b776a240e817c7,259
exercise_any,621e30e467b776a240e817c7,283
exercise_any,621e30e467b776a240e817c7,1
exercise_any,621e30e467b776a240e817c7,117
exercise_any,621e30e467b776a240e817c7,140
exercise_any,621e30e467b776a240e817c7,183
exercise_any,621e30f467b776a240f22944,196
exercise_any,621e30f467b776a240f22944,217
exercise_any,621e30f467b776a240f22944,219
exercise_any,621e30f467b776a240f22944,224
exercise_any,621e30f467b776a240f22944,238
exercise_any,621e30f467b776a240f22944,244
exercise_any,621e30f467b776a240f22944,250
exercise_any,621e30f467b776a240f22944,262
exercise_any,621e30f467b776a240f22944,268
exercise_any,621e30f467b776a240f22944,272
exercise_any,621e30f467b776a240f22944,5
exercise_any,621e30f467b776a240f22944,4
exercise_any,621e30f467b776a240f22944,2
exercise_any,621e30f467b776a240f22944,27
exercise_any,621e30f467b776a240f22944,41
exercise_any,621e30f467b776a240f22944,46
exercise_any,621e30f467b776a240f22944,69
exercise_any,621e30f467b776a240f22944,73
exercise_any,621e30f467b776a240f22944,78
exercise_any,621e30f467b776a240f22944,96
exercise_any,621e30f467b776a240f22944,99
exercise_any,621e30f467b776a240f22944,113
exercise_any,621e30f467b776a240f22944,120
exercise_any,621e30f467b776a240f22944,3
exercise_any,621e30f467b776a240f22944,6
exercise_any,621e30f467b776a240f22944,7
exercise_any,621e30f467b776a240f22944,21
exercise_any,621e30f467b776a240f22944,25
exercise_any,621e30f467b776a240f22944,30
exercise_any,621e30f467b776a240f22944,44
exercise_any,621e30f467b776a240f22944,51
exercise_any,621e30f467b776a240f22944,54
exercise_any,621e30f467b776a240f22944,69
exercise_any,621e30f467b776a240f22944,80
exercise_any,621e30f467b776a240f22944,93
exercise_any,621e30f467b776a240f22944,97
exercise_any,621e30f467b776a240f22944,4
exercise_any,621e30f467b776a240f22944,15
exercise_any,621e30f467b776a240f22944,21
exercise_any,621e30f467b776a240f22944,26
exercise_any,621e30f467b776a240f22944,66
exercise_any,621e30f467b776a240f22944,72
exercise_any,621e30f467b776a240f22944,87
exercise_any,621e30f467b776a240f22944,93
exercise_any,621e30f467b776a240f22944,100
exercise_any,621e30f467b776a240f22944,117
exercise_any,621e30f467b776a240f22944,122
exercise_any,621e30f467b776a240f22944,135
exercise_any,621e30f467b776a240f22944,140
exercise_any,621e30f467b776a240f22944,147
exercise_any,621e30f467b776a240f22944,159
exercise_any,621e30f467b776a240f22944,1
exercise_any,621e30f467b776a240f22944,15
exercise_any,621e30f467b776a240f22944,20
exercise_any,621e30f467b776a240f22944,42
exercise_any,621e30f467b776a240f22944,49
exercise_any,621e30f467b776a240f22944,2
exercise_any,621e30f467b776a240f22944,1
exercise_any,621e30f467b776a240f22944,3
exercise_any,621e30f467b776a240f22944,5
exercise_any,621e30f467b776a240f22944,0
exercise_any,621e30f467b776a240f22944,0
exercise_any,621e30f467b776a240f22944,4
exercise_any,621e30f467b776a240f22944,14
exercise_any,621e30f467b776a240f22944,20
exercise_any,621e30f467b776a240f22944,2
exercise_any,621e30f467b776a240f22944,16
exercise_any,621e30f467b776a240f22944,28
exercise_any,621e30f467b776a240f22944,2
exercise_any,621e30f467b776a240f22944,6
exercise_any,621e30f467b776a240f22944,11
exercise_any,621e30f467b776a240f22944,3
exercise_any,621e30f467b776a240f22944,20
exercise_any,621e30f467b776a240f22944,30
exercise_any,621e30f467b776a240f22944,41
exercise_any,621e30f467b776a240f22944,49
exercise_any,621e30f467b776a240f22944,65
exercise_any,621e30f467b776a240f22944,72
exercise_any,621e30f467b776a240f22944,75
exercise_any,621e30f467b776a240f22944,89
exercise_any,621e30f467b776a240f22944,5
exercise_any,621e30f467b776a240f22944,19
exercise_any,621e30f467b776a240f22944,1
exercise_any,621e30f467b776a240f22944,28
exercise_any,621e30f467b776a240f22944,30
exercise_any,621e30f467b776a240f22944,45
exercise_any,621e30f467b776a240f22944,19
exercise_any,621e30f467b776a240f22944,25
exercise_any,621e30f467b776a240f22944,44
exercise_any,621e30f467b776a240f22944,48
exercise_any,621e30f467b776a240f22944,55
exercise_any,621e30f467b776a240f22944,67
exercise_any,621e30f467b776a240f22944,77
exercise_any,621e30f467b776a240f22944,91
exercise_any,621e30f467b776a240f22944,96
exercise_any,621e30f467b776a240f22944,115
exercise_any,621e30f467b776a240f22944,11
exercise_any,621e30f467b776a240f22944,27
exercise_any,621e30f467b776a240f22944,32
exercise_any,621e30f467b776a240f22944,35
exercise_any,621e30f467b776a240f22944,1
exercise_any,621e30f467b776a240f22944,19
exercise_any,621e30f467b776a240f22944,23
exercise_any,621e30f467b776a240f22944,41
exercise_any,621e30f467b776a240f22944,48
exercise_any,621e30f467b776a240f22944,6
exercise_any,621e30f467b776a240f22944,4
exercise_any,621e30f467b776a240f22944,12
exercise_any,621e30f467b776a240f22944,2
exercise_any,621e30f467b776a240f22944,11
exercise_any,621e30f467b776a240f22944,26
exercise_any,621e30f467b776a240f22944,31
exercise_any,621e30f467b776a240f22944,5
exercise_any,621e30f467b776a240f22944,11
exercise_any,621e30f467b776a240f22944,6
exercise_any,621e30f467b776a240f22944,27
exercise_any,621e30f467b776a240f22944,46
exercise_any,621e30f467b776a240f22944,49
exercise_any,621e30f467b776a240f22944,57
exercise_any,621e30f467b776a240f22944,71
exercise_any,621e30f467b776a240f22944,74
exercise_any,621e30f467b776a240f22944,17
exercise_any,621e30f467b776a240f22944,21
exercise_any,621e30f467b776a240f22944,41
exercise_any,621e30f467b776a240f22944,44
exercise_any,621e30f467b776a240f22944,52
exercise_any,621e30f467b776a240f22944,4
exercise_any,621e30f467b776a240f22944,11
exercise_any,621e30f467b776a240f22944,23
exercise_any,621e310d67b776a24003096d,75
exercise_any,621e310d67b776a24003096d,89
exercise_any,621e310d67b776a24003096d,4
exercise_any,621e310d67b776a24003096d,3
exercise_any,621e310d67b776a24003096d,17
exercise_any,621e310d67b776a24003096d,22
exercise_any,621e310d67b776a24003096d,18
exercise_any,621e310d67b776a24003096d,24
exercise_any,621e310d67b776a24003096d,30
exercise_any,621e310d67b776a24003096d,42
exercise_any,621e310d67b776a24003096d,0
exercise_any,621e310d67b776a24003096d,26
exercise_any,621e310d67b776a24003096d,45
exercise_any,621e310d67b776a24003096d,50
exercise_any,621e310d67b776a24003096d,53
exercise_any,621e310d67b776a24003096d,66
exercise_any,621e310d67b776a24003096d,70
exercise_any,621e310d67b776a24003096d,75
exercise_any,621e310d67b776a24003096d,91
exercise_any,621e310d67b776a24003096d,94
exercise_any,621e310d67b776a24003096d,113
exercise_any,621e310d67b776a24003096d,118
exercise_any,621e310d67b776a24003096d,7
exercise_any,621e310d67b776a24003096d,19
exercise_any,621e310d67b776a24003096d,42
exercise_any,621e310d67b776a24003096d,22
exercise_any,621e310d67b776a24003096d,4
exercise_any,621e310d67b776a24003096d,28
exercise_any,621e310d67b776a24003096d,20
exercise_any,621e310d67b776a24003096d,28
exercise_any,621e310d67b776a24003096d,0
exercise_any,621e310d67b776a24003096d,3
exercise_any,621e310d67b776a24003096d,18
exercise_any,621e310d67b776a24003096d,24
exercise_any,621e310d67b776a24003096d,45
exercise_any,621e310d67b776a24003096d,65
exercise_any,621e310d67b776a24003096d,88
exercise_any,621e310d67b776a24003096d,6
exercise_any,621e310d67b776a24003096d,67
exercise_any,621e310d67b776a24003096d,0
exercise_any,621e310d67b776a24003096d,21
exercise_any,621e310d67b776a24003096d,47
exercise_any,621e310d67b776a24003096d,67
exercise_any,621e310d67b776a24003096d,1
exercise_any,621e310d67b776a24003096d,6
exercise_any,621e310d67b776a24003096d,28
exercise_any,621e310d67b776a24003096d,45
exercise_any,621e310d67b776a24003096d,4
exercise_any,621e310d67b776a24003096d,4
exercise_any,621e310d67b776a24003096d,20
exercise_any,621e310d67b776a24003096d,26
exercise_any,621e310d67b776a24003096d,67
exercise_any,621e310d67b776a24003096d,70
exercise_any,621e310d67b776a24003096d,91
exercise_any,621e310d67b776a24003096d,23
exercise_any,621e310d67b776a24003096d,31
exercise_any,621e310d67b776a24003096d,46
exercise_any,621e310d67b776a24003096d,4
exercise_any,621e310d67b776a24003096d,76
exercise_any,621e310d67b776a24003096d,119
exercise_any,621e310d67b776a24003096d,138
exercise_any,621e310d67b776a24003096d,141
exercise_any,621e310d67b776a24003096d,148
exercise_any,621e310d67b776a24003096d,5
exercise_any,621e310d67b776a24003096d,19
exercise_any,621e310d67b776a24003096d,44
exercise_any,621e310d67b776a24003096d,50
exercise_any,621e310d67b776a24003096d,54
exercise_any,621e310d67b776a24003096d,69
exercise_any,621e310d67b776a24003096d,74
exercise_any,621e310d67b776a24003096d,92
exercise_any,621e310d67b776a24003096d,6
exercise_any,621e310d67b776a24003096d,16
exercise_any,621e310d67b776a24003096d,23
exercise_any,621e310d67b776a24003096d,30
exercise_any,621e310d67b776a24003096d,4
exercise_any,621e310d67b776a24003096d,9
exercise_any,621e310d67b776a24003096d,12
exercise_any,621e310d67b776a24003096d,27
exercise_any,621e310d67b776a24003096d,37
exercise_any,621e310d67b776a24003096d,51
exercise_any,621e310d67b776a24003096d,58
exercise_any,621e310d67b776a24003096d,61
exercise_any,621e310d67b776a24003096d,84
exercise_any,621e310d67b776a24003096d,99
exercise_any,621e310d67b776a24003096d,123
exercise_any,621e310d67b776a24003096d,127
exercise_any,621e310d67b776a24003096d,131
exercise_any,621e310d67b776a24003096d,146
exercise_any,621e310d67b776a24003096d,3
exercise_any,621e310d67b776a24003096d,3
exercise_any,621e310d67b776a24003096d,12
exercise_any,621e310d67b776a24003096d,30
exercise_any,621e310d67b776a24003096d,37
exercise_any,621e312a67b776a240164d59,16
exercise_any,621e312a67b776a240164d59,21
exercise_any,621e312a67b776a240164d59,28
exercise_any,621e312a67b776a240164d59,40
exercise_any,621e312a67b776a240164d59,45
exercise_any,621e312a67b776a240164d59,4
exercise_any,621e312a67b776a240164d59,18
exercise_any,621e312a67b776a240164d59,23
exercise_any,621e312a67b776a240164d59,28
exercise_any,621e312a67b776a240164d59,42
exercise_any,621e312a67b776a240164d59,2
exercise_any,621e312a67b776a240164d59,7
exercise_any,621e312a67b776a240164d59,21
exercise_any,621e312a67b776a240164d59,5
exercise_any,621e312a67b776a240164d59,5
exercise_any,621e312a67b776a240164d59,3
exercise_any,621e312a67b776a240164d59,20
exercise_any,621e312a67b776a240164d59,0
exercise_any,621e312a67b776a240164d59,5
exercise_any,621e312a67b776a240164d59,19
exercise_any,621e312a67b776a240164d59,24
exercise_any,621e312a67b776a240164d59,32
exercise_any,621e312a67b776a240164d59,45
exercise_any,621e312a67b776a240164d59,50
exercise_any,621e312a67b776a240164d59,67
exercise_any,621e312a67b776a240164d59,74
exercise_any,621e312a67b776a240164d59,79
exercise_any,621e312a67b776a240164d59,94
exercise_any,621e312a67b776a240164d59,11
exercise_any,621e312a67b776a240164d59,17
exercise_any,621e312a67b776a240164d59,0
exercise_any,621e312a67b776a240164d59,24
exercise_any,621e312a67b776a240164d59,3
exercise_any,621e312a67b776a240164d59,4
exercise_any,621e312a67b776a240164d59,34
exercise_any,621e312a67b776a240164d59,69
exercise_any,621e312a67b776a240164d59,79
exercise_any,621e312a67b776a240164d59,94
exercise_any,621e312a67b776a240164d59,98
exercise_any,621e312a67b776a240164d59,104
exercise_any,621e312a67b776a240164d59,117
exercise_any,621e312a67b776a240164d59,143
exercise_any,621e312a67b776a240164d59,153
exercise_any,621e312a67b776a240164d59,166
exercise_any,621e312a67b776a240164d59,171
exercise_any,621e312a67b776a240164d59,199
exercise_any,621e312a67b776a240164d59,216
exercise_any,621e312a67b776a240164d59,223
exercise_any,621e312a67b776a240164d59,226
exercise_any,621e312a67b776a240164d59,238
exercise_any,621e312a67b776a240164d59,261
exercise_any,621e312a67b776a240164d59,266
exercise_any,621e312a67b776a240164d59,285
exercise_any,621e312a67b776a240164d59,290
exercise_any,621e312a67b776a240164d59,296
exercise_any,621e312a67b776a240164d59,309
exercise_any,621e312a67b776a240164d59,316
exercise_any,621e312a67b776a240164d59,320
exercise_any,621e312a67b776a240164d59,333
exercise_any,621e312a67b776a240164d59,340
exercise_any,621e312a67b776a240164d59,362
exercise_any,621e312a67b776a240164d59,367
exercise_any,621e312a67b776a240164d59,383
exercise_any,621e312a67b776a240164d59,390
exercise_any,621e312a67b776a240164d59,407
exercise_any,621e312a67b776a240164d59,410
exercise_any,621e312a67b776a240164d59,429
exercise_any,621e312a67b776a240164d59,434
exercise_any,621e312a67b776a240164d59,439
exercise_any,621e312a67b776a240164d59,573
exercise_any,621e312a67b776a240164d59,579
exercise_any,621e312a67b776a240164d59,583
exercise_any,621e312a67b776a240164d59,597
exercise_any,621e312a67b776a240164d59,602
exercise_any,621e312a67b776a240164d59,607
exercise_any,621e312a67b776a240164d59,621
exercise_any,621e312a67b776a240164d59,627
exercise_any,621e312a67b776a240164d59,645
exercise_any,621e312a67b776a240164d59,650
exercise_any,621e312a67b776a240164d59,699
exercise_any,621e312a67b776a240164d59,741
exercise_any,621e312a67b776a240164d59,766
exercise_any,621e312a67b776a240164d59,794
exercise_any,621e312a67b776a240164d59,816
exercise_any,621e312a67b776a240164d59,840
exercise_any,621e312a67b776a240164d59,6
exercise_any,621e312a67b776a240164d59,53
exercise_any,621e312a67b776a240164d59,4
exercise_any,621e312a67b776a240164d59,25
exercise_any,621e312a67b776a240164d59,53
exercise_any,621e314867b776a24029ebf9,1
exercise_any,621e314867b776a24029ebf9,8
exercise_any,621e314867b776a24029ebf9,10
exercise_any,621e314867b776a24029ebf9,3
exercise_any,621e314867b776a24029ebf9,40
exercise_any,621e314867b776a24029ebf9,20
exercise_any,621e314867b776a24029ebf9,30
exercise_any,621e314867b776a24029ebf9,67
exercise_any,621e314867b776a24029ebf9,97
exercise_any,621e314867b776a24029ebf9,147
exercise_any,621e314867b776a24029ebf9,187
exercise_any,621e322367b776a240e44e9b,6
exercise_any,621e322367b776a240e44e9b,9
exercise_any,621e322367b776a240e44e9b,14
exercise_any,621e322367b776a240e44e9b,2
exercise_any,621e322367b776a240e44e9b,7
exercise_any,621e322367b776a240e44e9b,0
exercise_any,621e322367b776a240e44e9b,12
exercise_any,621e322367b776a240e44e9b,25
exercise_any,621e322367b776a240e44e9b,37
exercise_any,621e322367b776a240e44e9b,51
exercise_any,621e322367b776a240e44e9b,74
exercise_any,621e322367b776a240e44e9b,82
exercise_any,621e322367b776a240e44e9b,84
exercise_any,621e322367b776a240e44e9b,2
exercise_any,621e322367b776a240e44e9b,3
exercise_any,621e322367b776a240e44e9b,8
exercise_any,621e322367b776a240e44e9b,14
exercise_any,621e322367b776a240e44e9b,1
exercise_any,621e322367b776a240e44e9b,6
exercise_any,621e322367b776a240e44e9b,12
exercise_any,621e322367b776a240e44e9b,25
exercise_any,621e322367b776a240e44e9b,4
exercise_any,621e322367b776a240e44e9b,9
exercise_any,621e322367b776a240e44e9b,2
exercise_any,621e322367b776a240e44e9b,7
exercise_any,621e322367b776a240e44e9b,12
exercise_any,621e322367b776a240e44e9b,28
exercise_any,621e322367b776a240e44e9b,2
exercise_any,621e322367b776a240e44e9b,21
exercise_any,621e322367b776a240e44e9b,27
exercise_any,621e322367b776a240e44e9b,30
exercise_any,621e322367b776a240e44e9b,2
exercise_any,621e322367b776a240e44e9b,3
exercise_any,621e322367b776a240e44e9b,8
exercise_any,621e322367b776a240e44e9b,0
exercise_any,621e322367b776a240e44e9b,3
exercise_any,621e322367b776a240e44e9b,7
exercise_any,621e322367b776a240e44e9b,4
exercise_any,621e322367b776a240e44e9b,25
exercise_any,621e322367b776a240e44e9b,29
exercise_any,621e322367b776a240e44e9b,2
exercise_any,621e322367b776a240e44e9b,13
exercise_any,621e322367b776a240e44e9b,0
exercise_any,621e322367b776a240e44e9b,5
exercise_any,621e322367b776a240e44e9b,19
exercise_any,621e322367b776a240e44e9b,24
exercise_any,621e322367b776a240e44e9b,2
exercise_any,621e322367b776a240e44e9b,6
exercise_any,621e322367b776a240e44e9b,12
exercise_any,621e322367b776a240e44e9b,13
exercise_any,621e322367b776a240e44e9b,17
exercise_any,621e322367b776a240e44e9b,22
exercise_any,621e322367b776a240e44e9b,1
exercise_any,621e322367b776a240e44e9b,6
exercise_any,621e322367b776a240e44e9b,11
exercise_any,621e322367b776a240e44e9b,26
exercise_any,621e322367b776a240e44e9b,30
exercise_any,621e322367b776a240e44e9b,0
exercise_any,621e322367b776a240e44e9b,2
exercise_any,621e322367b776a240e44e9b,8
exercise_any,621e322367b776a240e44e9b,2
exercise_any,621e322367b776a240e44e9b,12
exercise_any,621e322367b776a240e44e9b,19
exercise_any,621e322367b776a240e44e9b,38
exercise_any,621e322367b776a240e44e9b,42
exercise_any,621e322367b776a240e44e9b,46
exercise_any,621e322367b776a240e44e9b,2
exercise_any,621e322367b776a240e44e9b,6
exercise_any,621e322367b776a240e44e9b,11
exercise_any,621e322367b776a240e44e9b,0
exercise_any,621e322367b776a240e44e9b,1
exercise_any,621e322367b776a240e44e9b,6
exercise_any,621e322367b776a240e44e9b,2
exercise_any,621e322367b776a240e44e9b,7
exercise_any,621e322367b776a240e44e9b,87
exercise_any,621e322367b776a240e44e9b,9
exercise_any,621e322367b776a240e44e9b,4
exercise_any,621e322367b776a240e44e9b,3
exercise_any,621e322367b776a240e44e9b,1
exercise_any,621e322367b776a240e44e9b,16
exercise_any,621e322367b776a240e44e9b,21
exercise_any,621e322367b776a240e44e9b,25
exercise_any,621e323667b776a240f19134,17
exercise_any,621e323667b776a240f19134,22
exercise_any,621e323667b776a240f19134,28
exercise_any,621e323667b776a240f19134,42
exercise_any,621e323667b776a240f19134,46
exercise_any,621e323667b776a240f19134,51
exercise_any,621e323667b776a240f19134,65
exercise_any,621e323667b776a240f19134,70
exercise_any,621e323667b776a240f19134,75
exercise_any,621e323667b776a240f19134,13
exercise_any,621e323667b776a240f19134,18
exercise_any,621e323667b776a240f19134,23
exercise_any,621e323667b776a240f19134,39
exercise_any,621e323667b776a240f19134,0
exercise_any,621e323667b776a240f19134,3
exercise_any,621e323667b776a240f19134,17
exercise_any,621e323667b776a240f19134,4
exercise_any,621e323667b776a240f19134,15
exercise_any,621e323667b776a240f19134,22
exercise_any,621e323667b776a240f19134,25
exercise_any,621e323667b776a240f19134,40
exercise_any,621e323667b776a240f19134,44
exercise_any,621e323667b776a240f19134,3
exercise_any,621e323667b776a240f19134,16
exercise_any,621e323667b776a240f19134,23
exercise_any,621e323667b776a240f19134,41
exercise_any,621e323667b776a240f19134,46
exercise_any,621e323667b776a240f19134,49
exercise_any,621e323667b776a240f19134,64
exercise_any,621e323667b776a240f19134,68
exercise_any,621e323667b776a240f19134,1
exercise_any,621e323667b776a240f19134,18
exercise_any,621e323667b776a240f19134,23
exercise_any,621e323667b776a240f19134,27
exercise_any,621e323667b776a240f19134,42
exercise_any,621e323667b776a240f19134,47
exercise_any,621e323667b776a240f19134,51
exercise_any,621e323667b776a240f19134,63
exercise_any,621e323667b776a240f19134,70
exercise_any,621e323667b776a240f19134,73
exercise_any,621e323667b776a240f19134,12
exercise_any,621e323667b776a240f19134,18
exercise_any,621e323667b776a240f19134,22
exercise_any,621e323667b776a240f19134,36
exercise_any,621e323667b776a240f19134,41
exercise_any,621e323667b776a240f19134,46
exercise_any,621e323667b776a240f19134,2
exercise_any,621e323667b776a240f19134,8
exercise_any,621e323667b776a240f19134,12
exercise_any,621e323667b776a240f19134,26
exercise_any,621e323667b776a240f19134,0
exercise_any,621e323667b776a240f19134,14
exercise_any,621e323667b776a240f19134,21
exercise_any,621e323667b776a240f19134,40
exercise_any,621e323667b776a240f19134,46
exercise_any,621e323667b776a240f19134,61
exercise_any,621e323667b776a240f19134,65
exercise_any,621e323667b776a240f19134,69
exercise_any,621e323667b776a240f19134,13
exercise_any,621e323667b776a240f19134,18
exercise_any,621e323667b776a240f19134,1
exercise_any,621e323667b776a240f19134,16
exercise_any,621e323667b776a240f19134,21
exercise_any,621e323667b776a240f19134,25
exercise_any,621e323667b776a240f19134,39
exercise_any,621e323667b776a240f19134,44
exercise_any,621e323667b776a240f19134,49
exercise_any,621e323667b776a240f19134,63
exercise_any,621e323667b776a240f19134,70
exercise_any,621e323667b776a240f19134,73
exercise_any,621e323667b776a240f19134,89
exercise_any,621e323667b776a240f19134,0
exercise_any,621e323667b776a240f19134,3
exercise_any,621e323667b776a240f19134,16
exercise_any,621e323667b776a240f19134,2
exercise_any,621e323667b776a240f19134,7
exercise_any,621e323667b776a240f19134,21
exercise_any,621e323667b776a240f19134,26
exercise_any,621e323667b776a240f19134,31
exercise_any,621e323667b776a240f19134,45
exercise_any,621e323667b776a240f19134,55
exercise_any,621e323667b776a240f19134,71
exercise_any,621e323667b776a240f19134,76
exercise_any,621e323667b776a240f19134,80
exercise_any,621e323667b776a240f19134,95
exercise_any,621e323667b776a240f19134,3
exercise_any,621e323667b776a240f19134,7
exercise_any,621e323667b776a240f19134,14
exercise_any,621e323667b776a240f19134,18
exercise_any,621e323667b776a240f19134,19
exercise_any,621e323667b776a240f19134,35
exercise_any,621e323667b776a240f19134,45
exercise_any,621e323667b776a240f19134,57
exercise_any,621e323667b776a240f19134,62
exercise_any,621e323667b776a240f19134,67
exercise_any,621e323667b776a240f19134,81
exercise_any,621e323667b776a240f19134,86
exercise_any,621e323667b776a240f19134,91
exercise_any,621e323667b776a240f19134,105
exercise_any,621e323667b776a240f19134,110
exercise_any,621e323667b776a240f19134,115
exercise_any,621e323667b776a240f19134,129
exercise_any,621e323667b776a240f19134,135
exercise_any,621e323667b776a240f19134,1
exercise_any,621e323667b776a240f19134,14
exercise_any,621e323667b776a240f19134,25
exercise_any,621e323667b776a240f19134,40
exercise_any,621e323667b776a240f19134,46
exercise_any,621e323667b776a240f19134,50
exercise_any,621e323667b776a240f19134,64
exercise_any,621e323667b776a240f19134,71
exercise_any,621e323667b776a240f19134,74
exercise_any,621e323667b776a240f19134,86
exercise_any,621e323667b776a240f19134,92
exercise_any,621e323667b776a240f19134,96
exercise_any,621e323667b776a240f19134,110
exercise_any,621e323667b776a240f19134,115
exercise_any,621e323667b776a240f19134,120
exercise_any,621e323667b776a240f19134,134
exercise_any,621e323667b776a240f19134,139
exercise_any,621e323667b776a240f19134,144
exercise_any,621e323667b776a240f19134,158
exercise_any,621e323667b776a240f19134,163
exercise_any,621e323667b776a240f19134,169
exercise_any,621e323667b776a240f19134,183
exercise_any,621e323667b776a240f19134,187
exercise_any,621e323667b776a240f19134,193
exercise_any,621e323667b776a240f19134,208
exercise_any,621e323667b776a240f19134,214
exercise_any,621e323667b776a240f19134,218
exercise_any,621e323667b776a240f19134,232
exercise_any,621e323667b776a240f19134,238
exercise_any,621e323667b776a240f19134,242
exercise_any,621e323667b776a240f19134,255
exercise_any,621e323667b776a240f19134,260
exercise_any,621e323667b776a240f19134,264
exercise_any,621e323667b776a240f19134,278
exercise_any,621e323667b776a240f19134,283
exercise_any,621e323667b776a240f19134,288
exercise_any,621e323667b776a240f19134,304
exercise_any,621e323667b776a240f19134,0
exercise_any,621e323667b776a240f19134,5
exercise_any,621e323667b776a240f19134,19
exercise_any,621e323667b776a240f19134,24
exercise_any,621e323667b776a240f19134,29
exercise_any,621e323667b776a240f19134,44
exercise_any,621e323667b776a240f19134,48
exercise_any,621e323667b776a240f19134,53
exercise_any,621e323667b776a240f19134,70
exercise_any,621e323667b776a240f19134,75
exercise_any,621e323667b776a240f19134,79
exercise_any,621e323667b776a240f19134,93
exercise_any,621e323667b776a240f19134,100
exercise_any,621e323667b776a240f19134,102
exercise_any,621e323667b776a240f19134,115
exercise_any,621e323667b776a240f19134,120
exercise_any,621e323667b776a240f19134,125
exercise_any,621e323667b776a240f19134,140
exercise_any,621e323667b776a240f19134,144
exercise_any,621e323667b776a240f19134,152
exercise_any,621e323667b776a240f19134,164
exercise_any,621e323667b776a240f19134,168
exercise_any,621e323667b776a240f19134,173
exercise_any,621e323667b776a240f19134,187
exercise_any,621e323667b776a240f19134,192
exercise_any,621e323667b776a240f19134,197
exercise_any,621e323667b776a240f19134,211
exercise_any,621e323667b776a240f19134,216
exercise_any,621e323667b776a240f19134,221
exercise_any,621e323667b776a240f19134,237
exercise_any,621e323667b776a240f19134,243
exercise_any,621e323667b776a240f19134,261
exercise_any,621e323667b776a240f19134,267
exercise_any,621e323667b776a240f19134,271
exercise_any,621e324e67b776a2400191cb,52
exercise_any,621e324e67b776a2400191cb,69
exercise_any,621e324e67b776a2400191cb,74
exercise_any,621e324e67b776a2400191cb,79
exercise_any,621e324e67b776a2400191cb,94
exercise_any,621e324e67b776a2400191cb,98
exercise_any,621e324e67b776a2400191cb,104
exercise_any,621e324e67b776a2400191cb,118
exercise_any,621e324e67b776a2400191cb,124
exercise_any,621e324e67b776a2400191cb,127
exercise_any,621e324e67b776a2400191cb,0
exercise_any,621e324e67b776a2400191cb,3
exercise_any,621e324e67b776a2400191cb,9
exercise_any,621e324e67b776a2400191cb,1
exercise_any,621e324e67b776a2400191cb,4
exercise_any,621e324e67b776a2400191cb,6
exercise_any,621e324e67b776a2400191cb,23
exercise_any,621e324e67b776a2400191cb,28
exercise_any,621e324e67b776a2400191cb,31
exercise_any,621e324e67b776a2400191cb,46
exercise_any,621e324e67b776a2400191cb,48
exercise_any,621e324e67b776a2400191cb,55
exercise_any,621e324e67b776a2400191cb,72
exercise_any,621e324e67b776a2400191cb,78
exercise_any,621e324e67b776a2400191cb,92
exercise_any,621e324e67b776a2400191cb,99
exercise_any,621e324e67b776a2400191cb,101
exercise_any,621e324e67b776a2400191cb,116
exercise_any,621e324e67b776a2400191cb,120
exercise_any,621e324e67b776a2400191cb,2
exercise_any,621e324e67b776a2400191cb,0
exercise_any,621e324e67b776a2400191cb,8
exercise_any,621e324e67b776a2400191cb,1
exercise_any,621e324e67b776a2400191cb,7
exercise_any,621e324e67b776a2400191cb,10
exercise_any,621e324e67b776a2400191cb,24
exercise_any,621e324e67b776a2400191cb,30
exercise_any,621e324e67b776a2400191cb,33
exercise_any,621e324e67b776a2400191cb,47
exercise_any,621e324e67b776a2400191cb,54
exercise_any,621e324e67b776a2400191cb,57
exercise_any,621e324e67b776a2400191cb,71
exercise_any,621e324e67b776a2400191cb,75
exercise_any,621e324e67b776a2400191cb,81
exercise_any,621e324e67b776a2400191cb,98
exercise_any,621e324e67b776a2400191cb,99
exercise_any,621e324e67b776a2400191cb,106
exercise_any,621e324e67b776a2400191cb,119
exercise_any,621e324e67b776a2400191cb,126
exercise_any,621e324e67b776a2400191cb,144
exercise_any,621e324e67b776a2400191cb,148
exercise_any,621e324e67b776a2400191cb,152
exercise_any,621e324e67b776a2400191cb,170
exercise_any,621e324e67b776a2400191cb,176
exercise_any,621e324e67b776a2400191cb,178
exercise_any,621e324e67b776a2400191cb,193
exercise_any,621e324e67b776a2400191cb,198
exercise_any,621e324e67b776a2400191cb,202
exercise_any,621e324e67b776a2400191cb,215
exercise_any,621e324e67b776a2400191cb,219
exercise_any,621e324e67b776a2400191cb,225
exercise_any,621e324e67b776a2400191cb,243
exercise_any,621e324e67b776a2400191cb,250
exercise_any,621e324e67b776a2400191cb,264
exercise_any,621e324e67b776a2400191cb,269
exercise_any,621e324e67b776a2400191cb,273
exercise_any,621e324e67b776a2400191cb,287
exercise_any,621e324e67b776a2400191cb,295
exercise_any,621e324e67b776a2400191cb,299
exercise_any,621e324e67b776a2400191cb,3
exercise_any,621e324e67b776a2400191cb,13
exercise_any,621e324e67b776a2400191cb,27
exercise_any,621e324e67b776a2400191cb,33
exercise_any,621e324e67b776a2400191cb,3
exercise_any,621e324e67b776a2400191cb,18
exercise_any,621e324e67b776a2400191cb,24
exercise_any,621e324e67b776a2400191cb,28
exercise_any,621e324e67b776a2400191cb,43
exercise_any,621e324e67b776a2400191cb,46
exercise_any,621e324e67b776a2400191cb,49
exercise_any,621e324e67b776a2400191cb,3
exercise_any,621e324e67b776a2400191cb,12
exercise_any,621e324e67b776a2400191cb,3
exercise_any,621e324e67b776a2400191cb,3
exercise_any,621e324e67b776a2400191cb,10
exercise_any,621e324e67b776a2400191cb,22
exercise_any,621e324e67b776a2400191cb,4
exercise_any,621e324e67b776a2400191cb,7
exercise_any,621e324e67b776a2400191cb,0
exercise_any,621e324e67b776a2400191cb,7
exercise_any,621e324e67b776a2400191cb,10
exercise_any,621e324e67b776a2400191cb,27
exercise_any,621e324e67b776a2400191cb,36
exercise_any,621e324e67b776a2400191cb,49
exercise_any,621e324e67b776a2400191cb,55
exercise_any,621e324e67b776a2400191cb,59
exercise_any,621e324e67b776a2400191cb,73
exercise_any,621e324e67b776a2400191cb,79
exercise_any,621e324e67b776a2400191cb,81
exercise_any,621e324e67b776a2400191cb,96
exercise_any,621e324e67b776a2400191cb,101
exercise_any,621e324e67b776a2400191cb,105
exercise_any,621e324e67b776a2400191cb,121
exercise_any,621e324e67b776a2400191cb,126
exercise_any,621e324e67b776a2400191cb,129
exercise_any,621e324e67b776a2400191cb,143
exercise_any,621e324e67b776a2400191cb,148
exercise_any,621e324e67b776a2400191cb,153
exercise_any,621e324e67b776a2400191cb,167
exercise_any,621e324e67b776a2400191cb,4
exercise_any,621e324e67b776a2400191cb,10
exercise_any,621e324e67b776a2400191cb,27
exercise_any,621e324e67b776a2400191cb,32
exercise_any,621e324e67b776a2400191cb,34
exercise_any,621e324e67b776a2400191cb,49
exercise_any,621e324e67b776a2400191cb,55
exercise_any,621e324e67b776a2400191cb,58
exercise_any,621e324e67b776a2400191cb,0
exercise_any,621e324e67b776a2400191cb,5
exercise_any,621e324e67b776a2400191cb,9
exercise_any,621e324e67b776a2400191cb,24
exercise_any,621e324e67b776a2400191cb,28
exercise_any,621e324e67b776a2400191cb,34
exercise_any,621e324e67b776a2400191cb,47
exercise_any,621e324e67b776a2400191cb,52
exercise_any,621e324e67b776a2400191cb,71
exercise_any,621e324e67b776a2400191cb,4
exercise_any,621e324e67b776a2400191cb,8
exercise_any,621e324e67b776a2400191cb,22
exercise_any,621e324e67b776a2400191cb,1
exercise_any,621e324e67b776a2400191cb,6
exercise_any,621e324e67b776a2400191cb,29
exercise_any,621e324e67b776a2400191cb,32
exercise_any,621e324e67b776a2400191cb,47
exercise_any,621e324e67b776a2400191cb,52
exercise_any,621e324e67b776a2400191cb,57
exercise_any,621e324e67b776a2400191cb,68
exercise_any,621e324e67b776a2400191cb,76
exercise_any,621e324e67b776a2400191cb,92
exercise_any,621e324e67b776a2400191cb,5
exercise_any,621e324e67b776a2400191cb,9
exercise_any,621e324e67b776a2400191cb,24
exercise_any,621e324e67b776a2400191cb,29
exercise_any,621e324e67b776a2400191cb,35
exercise_any,621e324e67b776a2400191cb,47
exercise_any,621e324e67b776a2400191cb,57
exercise_any,621e324e67b776a2400191cb,71
exercise_any,621e324e67b776a2400191cb,3
exercise_any,621e324e67b776a2400191cb,8
exercise_any,621e324e67b776a2400191cb,11
exercise_any,621e324e67b776a2400191cb,56
exercise_any,621e324e67b776a2400191cb,72
exercise_any,621e324e67b776a2400191cb,83
exercise_any,621e324e67b776a2400191cb,97
exercise_any,621e324e67b776a2400191cb,105
exercise_any,621e324e67b776a2400191cb,119
exercise_any,621e324e67b776a2400191cb,129
exercise_any,621e324e67b776a2400191cb,0
exercise_any,621e324e67b776a2400191cb,8
exercise_any,621e324e67b776a2400191cb,27
exercise_any,621e324e67b776a2400191cb,33
exercise_any,621e324e67b776a2400191cb,49
exercise_any,621e324e67b776a2400191cb,55
exercise_any,621e324e67b776a2400191cb,58
exercise_any,621e326767b776a24012e179,4
exercise_any,621e326767b776a24012e179,2
exercise_any,621e326767b776a24012e179,5
exercise_any,621e326767b776a24012e179,4
exercise_any,621e326767b776a24012e179,1
exercise_any,621e326767b776a24012e179,0
exercise_any,621e326767b776a24012e179,7
exercise_any,621e326767b776a24012e179,3
exercise_any,621e326767b776a24012e179,0
exercise_any,621e326767b776a24012e179,3
exercise_any,621e326767b776a24012e179,4
exercise_any,621e326767b776a24012e179,4
exercise_any,621e326767b776a24012e179,0
exercise_any,621e326767b776a24012e179,0
exercise_any,621e326767b776a24012e179,7
exercise_any,621e326767b776a24012e179,0
exercise_any,621e326767b776a24012e179,3
exercise_any,621e326767b776a24012e179,1
exercise_any,621e326767b776a24012e179,3
exercise_any,621e326767b776a24012e179,3
exercise_any,621e326767b776a24012e179,3
exercise_any,621e326767b776a24012e179,3
exercise_any,621e326767b776a24012e179,4
exercise_any,621e326767b776a24012e179,4
exercise_any,621e326767b776a24012e179,8
exercise_any,621e326767b776a24012e179,3
exercise_any,621e326767b776a24012e179,10
exercise_any,621e326767b776a24012e179,6
exercise_any,621e326767b776a24012e179,0
exercise_any,621e326767b776a24012e179,0
exercise_any,621e326767b776a24012e179,0
exercise_any,621e326767b776a24012e179,0
exercise_any,621e326767b776a24012e179,3
exercise_any,621e326767b776a24012e179,8
exercise_any,621e326767b776a24012e179,3
exercise_any,621e326767b776a24012e179,0
exercise_any,621e326767b776a24012e179,2
exercise_any,621e326767b776a24012e179,2
exercise_any,621e326767b776a24012e179,5
exercise_any,621e326767b776a24012e179,0
exercise_any,621e326767b776a24012e179,0
exercise_any,621e326767b776a24012e179,3
exercise_any,621e326767b776a24012e179,1
exercise_any,621e326767b776a24012e179,4
exercise_any,621e326767b776a24012e179,9
exercise_any,621e326767b776a24012e179,1
exercise_any,621e326767b776a24012e179,0
exercise_any,621e326767b776a24012e179,3
exercise_any,621e326767b776a24012e179,9
exercise_any,621e326767b776a24012e179,3
exercise_any,621e326767b776a24012e179,2
exercise_any,621e326767b776a24012e179,1
exercise_any,621e326767b776a24012e179,3
exercise_any,621e326767b776a24012e179,1
exercise_any,621e326767b776a24012e179,1
exercise_any,621e326767b776a24012e179,5
exercise_any,621e326767b776a24012e179,0
exercise_any,621e326767b776a24012e179,7
exercise_any,621e326767b776a24012e179,11
exercise_any,621e326767b776a24012e179,2
exercise_any,621e326767b776a24012e179,4
exercise_any,621e326767b776a24012e179,2
exercise_any,621e326767b776a24012e179,2
exercise_any,621e326767b776a24012e179,3
exercise_any,621e326767b776a24012e179,1
exercise_any,621e326767b776a24012e179,4
exercise_any,621e326767b776a24012e179,0
exercise_any,621e326767b776a24012e179,6
exercise_any,621e326767b776a24012e179,4
exercise_any,621e326767b776a24012e179,3
exercise_any,621e326767b776a24012e179,1
exercise_any,621e326767b776a24012e179,4
exercise_any,621e326767b776a24012e179,2
exercise_any,621e326767b776a24012e179,1
exercise_any,621e326767b776a24012e179,6
exercise_any,621e326767b776a24012e179,0
exercise_any,621e326767b776a24012e179,1
exercise_any,621e326767b776a24012e179,7
exercise_any,621e326767b776a24012e179,2
exercise_any,621e326767b776a24012e179,3
exercise_any,621e326767b776a24012e179,10
exercise_any,621e326767b776a24012e179,3
exercise_any,621e326767b776a24012e179,10
exercise_any,621e326767b776a24012e179,2
exercise_any,621e326767b776a24012e179,4
exercise_any,621e326767b776a24012e179,9
exercise_any,621e326767b776a24012e179,1
exercise_any,621e326767b776a24012e179,5
exercise_any,621e326767b776a24012e179,8
exercise_any,621e326767b776a24012e179,2
exercise_any,621e326767b776a24012e179,3
exercise_any,621e326767b776a24012e179,11
exercise_any,621e328667b776a240281372,41
exercise_any,621e328667b776a240281372,44
exercise_any,621e328667b776a240281372,4
exercise_any,621e328667b776a240281372,21
exercise_any,621e328667b776a240281372,26
exercise_any,621e328667b776a240281372,42
exercise_any,621e328667b776a240281372,48
exercise_any,621e328667b776a240281372,70
exercise_any,621e328667b776a240281372,3
exercise_any,621e328667b776a240281372,116
exercise_any,621e328667b776a240281372,122
exercise_any,621e328667b776a240281372,138
exercise_any,621e329067b776a2402ffad2,2
exercise_any,621e329067b776a2402ffad2,5
exercise_any,621e329067b776a2402ffad2,1
exercise_any,621e329067b776a2402ffad2,0
exercise_any,621e329067b776a2402ffad2,2
exercise_any,621e329067b776a2402ffad2,4
exercise_any,621e329067b776a2402ffad2,2
exercise_any,621e329067b776a2402ffad2,18
exercise_any,621e329067b776a2402ffad2,23
exercise_any,621e329067b776a2402ffad2,1
exercise_any,621e329067b776a2402ffad2,14
exercise_any,621e329067b776a2402ffad2,21
exercise_any,621e329067b776a2402ffad2,23
exercise_any,621e329067b776a2402ffad2,40
exercise_any,621e329067b776a2402ffad2,48
exercise_any,621e329067b776a2402ffad2,1
exercise_any,621e329067b776a2402ffad2,7
exercise_any,621e329067b776a2402ffad2,1
exercise_any,621e329067b776a2402ffad2,6
exercise_any,621e329067b776a2402ffad2,2
exercise_any,621e329067b776a2402ffad2,18
exercise_any,621e329067b776a2402ffad2,21
exercise_any,621e329067b776a2402ffad2,26
exercise_any,621e329067b776a2402ffad2,1
exercise_any,621e329067b776a2402ffad2,5
exercise_any,621e329067b776a2402ffad2,4
exercise_any,621e329067b776a2402ffad2,18
exercise_any,621e329067b776a2402ffad2,24
exercise_any,621e329067b776a2402ffad2,28
exercise_any,621e329067b776a2402ffad2,45
exercise_any,621e329067b776a2402ffad2,50
exercise_any,621e329067b776a2402ffad2,53
exercise_any,621e329067b776a2402ffad2,69
exercise_any,621e329067b776a2402ffad2,2
exercise_any,621e329067b776a2402ffad2,7
exercise_any,621e329067b776a2402ffad2,2
exercise_any,621e329067b776a2402ffad2,3
exercise_any,621e329067b776a2402ffad2,7
exercise_any,621e329067b776a2402ffad2,3
exercise_any,621e329067b776a2402ffad2,7
exercise_any,621e329067b776a2402ffad2,3
exercise_any,621e329067b776a2402ffad2,0
exercise_any,621e329067b776a2402ffad2,6
exercise_any,621e329067b776a2402ffad2,3
exercise_any,621e329067b776a2402ffad2,1
exercise_any,621e329067b776a2402ffad2,0
exercise_any,621e329067b776a2402ffad2,5
exercise_any,621e329067b776a2402ffad2,25
exercise_any,621e329067b776a2402ffad2,28
exercise_any,621e329067b776a2402ffad2,47
exercise_any,621e329067b776a2402ffad2,1
exercise_any,621e329067b776a2402ffad2,5
exercise_any,621e329067b776a2402ffad2,2
exercise_any,621e329067b776a2402ffad2,0
exercise_any,621e329067b776a2402ffad2,5
exercise_any,621e329067b776a2402ffad2,4
exercise_any,621e329067b776a2402ffad2,0
exercise_any,621e329067b776a2402ffad2,0
exercise_any,621e329067b776a2402ffad2,5
exercise_any,621e329067b776a2402ffad2,19
exercise_any,621e329067b776a2402ffad2,28
exercise_any,621e329067b776a2402ffad2,43
exercise_any,621e329067b776a2402ffad2,51
exercise_any,621e329067b776a2402ffad2,53
exercise_any,621e329067b776a2402ffad2,68
exercise_any,621e329067b776a2402ffad2,89
exercise_any,621e329067b776a2402ffad2,1
exercise_any,621e329067b776a2402ffad2,5
exercise_any,621e329067b776a2402ffad2,1
exercise_any,621e329067b776a2402ffad2,0
exercise_any,621e329067b776a2402ffad2,3
exercise_any,621e329067b776a2402ffad2,0
exercise_any,621e329067b776a2402ffad2,0
exercise_any,621e329067b776a2402ffad2,3
exercise_any,621e329067b776a2402ffad2,0
exercise_any,621e329067b776a2402ffad2,6
exercise_any,621e329067b776a2402ffad2,14
exercise_any,621e329067b776a2402ffad2,20
exercise_any,621e329067b776a2402ffad2,26
exercise_any,621e329067b776a2402ffad2,42
exercise_any,621e329067b776a2402ffad2,47
exercise_any,621e329067b776a2402ffad2,50
exercise_any,621e329067b776a2402ffad2,64
exercise_any,621e329067b776a2402ffad2,70
exercise_any,621e329067b776a2402ffad2,0
exercise_any,621e329067b776a2402ffad2,1
exercise_any,621e329067b776a2402ffad2,12
exercise_any,621e329067b776a2402ffad2,2
exercise_any,621e329067b776a2402ffad2,0
exercise_any,621e329067b776a2402ffad2,17
exercise_any,621e329067b776a2402ffad2,25
exercise_any,621e329067b776a2402ffad2,27
exercise_any,621e329067b776a2402ffad2,1
exercise_any,621e329067b776a2402ffad2,0
exercise_any,621e329067b776a2402ffad2,2
exercise_any,621e329067b776a2402ffad2,2
exercise_any,621e329067b776a2402ffad2,8
exercise_any,621e329067b776a2402ffad2,3
exercise_any,621e329067b776a2402ffad2,10
exercise_any,621e329067b776a2402ffad2,24
exercise_any,621e329067b776a2402ffad2,31
exercise_any,621e329067b776a2402ffad2,1
exercise_any,621e329067b776a2402ffad2,0
exercise_any,621e329067b776a2402ffad2,0
exercise_any,621e329067b776a2402ffad2,5
exercise_any,621e329067b776a2402ffad2,2
exercise_any,621e329067b776a2402ffad2,16
exercise_any,621e329067b776a2402ffad2,4
exercise_any,621e329067b776a2402ffad2,3
exercise_any,621e329067b776a2402ffad2,17
exercise_any,621e329067b776a2402ffad2,19
exercise_any,621e329067b776a2402ffad2,24
exercise_any,621e329067b776a2402ffad2,27
exercise_any,621e329067b776a2402ffad2,44
exercise_any,621e329067b776a2402ffad2,49
exercise_any,621e329067b776a2402ffad2,53
exercise_any,621e329067b776a2402ffad2,71
exercise_any,621e329067b776a2402ffad2,73
exercise_any,621e329067b776a2402ffad2,79
exercise_any,621e329067b776a2402ffad2,90
exercise_any,621e329067b776a2402ffad2,94
exercise_any,621e329067b776a2402ffad2,99
exercise_any,621e329067b776a2402ffad2,113
exercise_any,621e329067b776a2402ffad2,17
exercise_any,621e329067b776a2402ffad2,24
exercise_any,621e329067b776a2402ffad2,4
exercise_any,621e329067b776a2402ffad2,5
exercise_any,621e329067b776a2402ffad2,3
exercise_any,621e329067b776a2402ffad2,17
exercise_any,621e329067b776a2402ffad2,4
exercise_any,621e329067b776a2402ffad2,9
exercise_any,621e329067b776a2402ffad2,1
exercise_any,621e329067b776a2402ffad2,23
exercise_any,621e329067b776a2402ffad2,30
exercise_any,621e329067b776a2402ffad2,33
exercise_any,621e329067b776a2402ffad2,2
exercise_any,621e329067b776a2402ffad2,0
exercise_any,621e329067b776a2402ffad2,0
exercise_any,621e329067b776a2402ffad2,0
exercise_any,621e329067b776a2402ffad2,6
exercise_any,621e329067b776a2402ffad2,19
exercise_any,621e329067b776a2402ffad2,27
exercise_any,621e329067b776a2402ffad2,29
exercise_any,621e329067b776a2402ffad2,53
exercise_any,621e329067b776a2402ffad2,69
exercise_any,621e329067b776a2402ffad2,72
exercise_any,621e329067b776a2402ffad2,77
exercise_any,621e329067b776a2402ffad2,93
exercise_any,621e329067b776a2402ffad2,100
exercise_any,621e329067b776a2402ffad2,102
exercise_any,621e329067b776a2402ffad2,118
exercise_any,621e329067b776a2402ffad2,123
exercise_any,621e32af67b776a24045b4cf,3
exercise_any,621e32af67b776a24045b4cf,2
exercise_any,621e32af67b776a24045b4cf,7
exercise_any,621e32af67b776a24045b4cf,12
exercise_any,621e32af67b776a24045b4cf,11
exercise_any,621e32af67b776a24045b4cf,0
exercise_any,621e32af67b776a24045b4cf,5
exercise_any,621e32af67b776a24045b4cf,2
exercise_any,621e32af67b776a24045b4cf,7
exercise_any,621e32af67b776a24045b4cf,12
exercise_any,621e32af67b776a24045b4cf,2
exercise_any,621e32af67b776a24045b4cf,7
exercise_any,621e32af67b776a24045b4cf,2
exercise_any,621e32af67b776a24045b4cf,18
exercise_any,621e32af67b776a24045b4cf,0
exercise_any,621e32af67b776a24045b4cf,3
exercise_any,621e32af67b776a24045b4cf,17
exercise_any,621e32af67b776a24045b4cf,24
exercise_any,621e32af67b776a24045b4cf,27
exercise_any,621e32af67b776a24045b4cf,2
exercise_any,621e32af67b776a24045b4cf,7
exercise_any,621e32af67b776a24045b4cf,3
exercise_any,621e32af67b776a24045b4cf,3
exercise_any,621e32af67b776a24045b4cf,8
exercise_any,621e32af67b776a24045b4cf,13
exercise_any,621e32af67b776a24045b4cf,2
exercise_any,621e32af67b776a24045b4cf,7
exercise_any,621e32af67b776a24045b4cf,1
exercise_any,621e32af67b776a24045b4cf,2
exercise_any,621e32af67b776a24045b4cf,10
exercise_any,621e32af67b776a24045b4cf,12
exercise_any,621e32af67b776a24045b4cf,26
exercise_any,621e32af67b776a24045b4cf,31
exercise_any,621e32af67b776a24045b4cf,2
exercise_any,621e32af67b776a24045b4cf,1
exercise_any,621e32af67b776a24045b4cf,0
exercise_any,621e32af67b776a24045b4cf,3
exercise_any,621e32af67b776a24045b4cf,2
exercise_any,621e32af67b776a24045b4cf,6
exercise_any,621e32af67b776a24045b4cf,9
exercise_any,621e32af67b776a24045b4cf,2
exercise_any,621e32af67b776a24045b4cf,7
exercise_any,621e32af67b776a24045b4cf,3
exercise_any,621e32af67b776a24045b4cf,2
exercise_any,621e32af67b776a24045b4cf,7
exercise_any,621e32af67b776a24045b4cf,12
exercise_any,621e32af67b776a24045b4cf,2
exercise_any,621e32af67b776a24045b4cf,7
exercise_any,621e32af67b776a24045b4cf,1
exercise_any,621e32af67b776a24045b4cf,2
exercise_any,621e32af67b776a24045b4cf,9
exercise_any,621e32af67b776a24045b4cf,12
exercise_any,621e32af67b776a24045b4cf,4
exercise_any,621e32af67b776a24045b4cf,7
exercise_any,621e32af67b776a24045b4cf,0
exercise_any,621e32af67b776a24045b4cf,1
exercise_any,621e32af67b776a24045b4cf,8
exercise_any,621e32af67b776a24045b4cf,11
exercise_any,621e32af67b776a24045b4cf,4
exercise_any,621e32af67b776a24045b4cf,10
exercise_any,621e32af67b776a24045b4cf,14
exercise_any,621e32af67b776a24045b4cf,2
exercise_any,621e32af67b776a24045b4cf,3
exercise_any,621e32af67b776a24045b4cf,2
exercise_any,621e32af67b776a24045b4cf,8
exercise_any,621e32af67b776a24045b4cf,12
exercise_any,621e32af67b776a24045b4cf,3
exercise_any,621e32af67b776a24045b4cf,7
exercise_any,621e32af67b776a24045b4cf,2
exercise_any,621e32af67b776a24045b4cf,1
exercise_any,621e32af67b776a24045b4cf,6
exercise_any,621e32af67b776a24045b4cf,3
exercise_any,621e32af67b776a24045b4cf,2
exercise_any,621e32af67b776a24045b4cf,7
exercise_any,621e32af67b776a24045b4cf,4
exercise_any,621e32af67b776a24045b4cf,19
exercise_any,621e32af67b776a24045b4cf,4
exercise_any,621e32af67b776a24045b4cf,8
exercise_any,621e32af67b776a24045b4cf,0
exercise_any,621e32af67b776a24045b4cf,5
exercise_any,621e32af67b776a24045b4cf,7
exercise_any,621e32af67b776a24045b4cf,22
exercise_any,621e32af67b776a24045b4cf,4
exercise_any,621e32af67b776a24045b4cf,20
exercise_any,621e32af67b776a24045b4cf,24
exercise_any,621e32af67b776a24045b4cf,29
exercise_any,621e32af67b776a24045b4cf,2
exercise_any,621e32af67b776a24045b4cf,8
exercise_any,621e32af67b776a24045b4cf,12
exercise_any,621e32af67b776a24045b4cf,2
exercise_any,621e32af67b776a24045b4cf,7
exercise_any,621e32af67b776a24045b4cf,2
exercise_any,621e32af67b776a24045b4cf,3
exercise_any,621e32af67b776a24045b4cf,7
exercise_any,621e32af67b776a24045b4cf,4
exercise_any,621e32af67b776a24045b4cf,3
exercise_any,621e32af67b776a24045b4cf,6
exercise_any,621e32af67b776a24045b4cf,9
exercise_any,621e32af67b776a24045b4cf,24
exercise_any,621e32af67b776a24045b4cf,30
exercise_any,621e32af67b776a24045b4cf,35
exercise_any,621e32af67b776a24045b4cf,2
exercise_any,621e32af67b776a24045b4cf,7
exercise_any,621e32af67b776a24045b4cf,3
exercise_any,621e32af67b776a24045b4cf,3
exercise_any,621e32af67b776a24045b4cf,7
exercise_any,621e32af67b776a24045b4cf,12
exercise_any,621e32af67b776a24045b4cf,26
exercise_any,621e32af67b776a24045b4cf,31
exercise_any,621e32af67b776a24045b4cf,36
exercise_any,621e32af67b776a24045b4cf,2
exercise_any,621e32af67b776a24045b4cf,3
exercise_any,621e32af67b776a24045b4cf,2
exercise_any,621e32af67b776a24045b4cf,0
exercise_any,621e32af67b776a24045b4cf,2
exercise_any,621e32af67b776a24045b4cf,10
exercise_any,621e32af67b776a24045b4cf,17
exercise_any,621e32af67b776a24045b4cf,20
exercise_any,621e32af67b776a24045b4cf,34
exercise_any,621e32af67b776a24045b4cf,41
exercise_any,621e32af67b776a24045b4cf,43
exercise_any,621e32af67b776a24045b4cf,4
exercise_any,621e32af67b776a24045b4cf,8
exercise_any,621e32af67b776a24045b4cf,1
exercise_any,621e32af67b776a24045b4cf,16
exercise_any,621e32af67b776a24045b4cf,22
exercise_any,621e32af67b776a24045b4cf,37
exercise_any,621e32af67b776a24045b4cf,41
exercise_any,621e32af67b776a24045b4cf,1
exercise_any,621e32af67b776a24045b4cf,5
exercise_any,621e32af67b776a24045b4cf,10
exercise_any,621e32af67b776a24045b4cf,27
exercise_any,621e32af67b776a24045b4cf,34
exercise_any,621e32af67b776a24045b4cf,50
exercise_any,621e32af67b776a24045b4cf,7
exercise_any,621e32af67b776a24045b4cf,24
exercise_any,621e32af67b776a24045b4cf,1
exercise_any,621e32af67b776a24045b4cf,5
exercise_any,621e32af67b776a24045b4cf,17
exercise_any,621e32af67b776a24045b4cf,23
exercise_any,621e32af67b776a24045b4cf,30
exercise_any,621e32af67b776a24045b4cf,1
exercise_any,621e32af67b776a24045b4cf,6
exercise_any,621e32af67b776a24045b4cf,1
exercise_any,621e32af67b776a24045b4cf,19
exercise_any,621e32af67b776a24045b4cf,24
exercise_any,621e32af67b776a24045b4cf,2
exercise_any,621e32af67b776a24045b4cf,1
exercise_any,621e32af67b776a24045b4cf,4
exercise_any,621e32af67b776a24045b4cf,17
exercise_any,621e32af67b776a24045b4cf,22
exercise_any,621e32af67b776a24045b4cf,28
exercise_any,621e32af67b776a24045b4cf,1
exercise_any,621e32af67b776a24045b4cf,5
exercise_any,621e32af67b776a24045b4cf,9
exercise_any,621e32af67b776a24045b4cf,7
exercise_any,621e32af67b776a24045b4cf,2
exercise_any,621e32af67b776a24045b4cf,3
exercise_any,621e32af67b776a24045b4cf,17
exercise_any,621e32af67b776a24045b4cf,2
exercise_any,621e32af67b776a24045b4cf,9
exercise_any,621e32af67b776a24045b4cf,23
exercise_any,621e32af67b776a24045b4cf,28
exercise_any,621e32af67b776a24045b4cf,32
exercise_any,621e32af67b776a24045b4cf,2
exercise_any,621e32af67b776a24045b4cf,0
exercise_any,621e32af67b776a24045b4cf,17
exercise_any,621e32af67b776a24045b4cf,23
exercise_any,621e32af67b776a24045b4cf,27
exercise_any,621e32af67b776a24045b4cf,41
exercise_any,621e32af67b776a24045b4cf,3
exercise_any,621e32af67b776a24045b4cf,6
exercise_any,621e32af67b776a24045b4cf,2
exercise_any,621e32d067b776a2405b7d54,142
exercise_any,621e32d067b776a2405b7d54,147
exercise_any,621e32d067b776a2405b7d54,161
exercise_any,621e32d067b776a2405b7d54,3
exercise_any,621e32d067b776a2405b7d54,8
exercise_any,621e32d067b776a2405b7d54,22
exercise_any,621e32d067b776a2405b7d54,29
exercise_any,621e32d067b776a2405b7d54,34
exercise_any,621e32d067b776a2405b7d54,47
exercise_any,621e32d067b776a2405b7d54,51
exercise_any,621e32d067b776a2405b7d54,58
exercise_any,621e32d067b776a2405b7d54,71
exercise_any,621e32d067b776a2405b7d54,79
exercise_any,621e32d067b776a2405b7d54,81
exercise_any,621e32d067b776a2405b7d54,96
exercise_any,621e32d067b776a2405b7d54,105
exercise_any,621e32d067b776a2405b7d54,121
exercise_any,621e32d067b776a2405b7d54,127
exercise_any,621e32d067b776a2405b7d54,130
exercise_any,621e32d067b776a2405b7d54,142
exercise_any,621e32d067b776a2405b7d54,147
exercise_any,621e32d067b776a2405b7d54,153
exercise_any,621e32d067b776a2405b7d54,166
exercise_any,621e32d067b776a2405b7d54,173
exercise_any,621e32d067b776a2405b7d54,178
exercise_any,621e32d067b776a2405b7d54,190
exercise_any,621e32d067b776a2405b7d54,197
exercise_any,621e32d067b776a2405b7d54,200
exercise_any,621e32d067b776a2405b7d54,215
exercise_any,621e32d067b776a2405b7d54,219
exercise_any,621e32d067b776a2405b7d54,226
exercise_any,621e32d067b776a2405b7d54,240
exercise_any,621e32d067b776a2405b7d54,245
exercise_any,621e32d067b776a2405b7d54,264
exercise_any,621e32d067b776a2405b7d54,270
exercise_any,621e32d067b776a2405b7d54,292
exercise_any,621e32d067b776a2405b7d54,295
exercise_any,621e32d067b776a2405b7d54,297
exercise_any,621e32d067b776a2405b7d54,311
exercise_any,621e32d067b776a2405b7d54,319
exercise_any,621e32d067b776a2405b7d54,334
exercise_any,621e32d067b776a2405b7d54,340
exercise_any,621e32d067b776a2405b7d54,344
exercise_any,621e32d067b776a2405b7d54,360
exercise_any,621e32d067b776a2405b7d54,365
exercise_any,621e32d067b776a2405b7d54,368
exercise_any,621e32d067b776a2405b7d54,382
exercise_any,621e32d067b776a2405b7d54,388
exercise_any,621e32d067b776a2405b7d54,394
exercise_any,621e32d067b776a2405b7d54,407
exercise_any,621e32d067b776a2405b7d54,413
exercise_any,621e32d067b776a2405b7d54,416
exercise_any,621e32d067b776a2405b7d54,433
exercise_any,621e32d067b776a2405b7d54,438
exercise_any,621e32d067b776a2405b7d54,457
exercise_any,621e32d067b776a2405b7d54,466
exercise_any,621e32d067b776a2405b7d54,478
exercise_any,621e32d067b776a2405b7d54,484
exercise_any,621e32d067b776a2405b7d54,490
exercise_any,621e32d067b776a2405b7d54,504
exercise_any,621e32d067b776a2405b7d54,512
exercise_any,621e32d067b776a2405b7d54,527
exercise_any,621e32d067b776a2405b7d54,533
exercise_any,621e32d067b776a2405b7d54,553
exercise_any,621e32d067b776a2405b7d54,2
exercise_any,621e32d067b776a2405b7d54,6
exercise_any,621e32d067b776a2405b7d54,20
exercise_any,621e32d067b776a2405b7d54,27
exercise_any,621e32d067b776a2405b7d54,30
exercise_any,621e32d067b776a2405b7d54,46
exercise_any,621e32d067b776a2405b7d54,52
exercise_any,621e32d067b776a2405b7d54,70
exercise_any,621e32d067b776a2405b7d54,3
exercise_any,621e32d067b776a2405b7d54,15
exercise_any,621e32d067b776a2405b7d54,20
exercise_any,621e32d067b776a2405b7d54,27
exercise_any,621e32d067b776a2405b7d54,39
exercise_any,621e32d067b776a2405b7d54,46
exercise_any,621e32d067b776a2405b7d54,51
exercise_any,621e32d067b776a2405b7d54,64
exercise_any,621e32d067b776a2405b7d54,73
exercise_any,621e32d067b776a2405b7d54,89
exercise_any,621e32d067b776a2405b7d54,92
exercise_any,621e32d067b776a2405b7d54,98
exercise_any,621e32d067b776a2405b7d54,111
exercise_any,621e32d067b776a2405b7d54,123
exercise_any,621e32d067b776a2405b7d54,137
exercise_any,621e32d067b776a2405b7d54,149
exercise_any,621e32d067b776a2405b7d54,161
exercise_any,621e32d067b776a2405b7d54,167
exercise_any,621e32d067b776a2405b7d54,172
exercise_any,621e32d067b776a2405b7d54,184
exercise_any,621e32d067b776a2405b7d54,1
exercise_any,621e32d067b776a2405b7d54,5
exercise_any,621e32d067b776a2405b7d54,20
exercise_any,621e32d067b776a2405b7d54,24
exercise_any,621e32d067b776a2405b7d54,29
exercise_any,621e32d067b776a2405b7d54,45
exercise_any,621e32d067b776a2405b7d54,49
exercise_any,621e32d067b776a2405b7d54,54
exercise_any,621e32d067b776a2405b7d54,76
exercise_any,621e32d067b776a2405b7d54,92
exercise_any,621e32d067b776a2405b7d54,101
exercise_any,621e32d067b776a2405b7d54,119
exercise_any,621e32d067b776a2405b7d54,123
exercise_any,621e32d067b776a2405b7d54,127
exercise_any,621e32d067b776a2405b7d54,141
exercise_any,621e32d067b776a2405b7d54,150
exercise_any,621e32d067b776a2405b7d54,164
exercise_any,621e32d067b776a2405b7d54,168
exercise_any,621e32d067b776a2405b7d54,173
exercise_any,621e32d067b776a2405b7d54,191
exercise_any,621e32d067b776a2405b7d54,197
exercise_any,621e32d067b776a2405b7d54,212
exercise_any,621e32d067b776a2405b7d54,248
exercise_any,621e32d067b776a2405b7d54,265
exercise_any,621e32d067b776a2405b7d54,371
exercise_any,621e32d067b776a2405b7d54,577
exercise_any,621e32d967b776a240627414,1
exercise_any,621e32d967b776a240627414,0
exercise_any,621e32d967b776a240627414,7
exercise_any,621e32d967b776a240627414,22
exercise_any,621e32d967b776a240627414,30
exercise_any,621e32d967b776a240627414,33
exercise_any,621e32d967b776a240627414,46
exercise_any,621e32d967b776a240627414,2
exercise_any,621e32d967b776a240627414,3
exercise_any,621e32d967b776a240627414,3
exercise_any,621e32d967b776a240627414,2
exercise_any,621e32d967b776a240627414,2
exercise_any,621e32d967b776a240627414,4
exercise_any,621e32d967b776a240627414,1
exercise_any,621e32d967b776a240627414,16
exercise_any,621e32d967b776a240627414,19
exercise_any,621e32d967b776a240627414,3
exercise_any,621e32d967b776a240627414,8
exercise_any,621e32d967b776a240627414,19
exercise_any,621e32d967b776a240627414,1
exercise_any,621e32d967b776a240627414,0
exercise_any,621e32d967b776a240627414,15
exercise_any,621e32d967b776a240627414,0
exercise_any,621e32d967b776a240627414,3
exercise_any,621e32d967b776a240627414,15
exercise_any,621e32d967b776a240627414,20
exercise_any,621e32d967b776a240627414,1
exercise_any,621e32d967b776a240627414,17
exercise_any,621e32d967b776a240627414,21
exercise_any,621e32d967b776a240627414,28
exercise_any,621e32d967b776a240627414,42
exercise_any,621e32d967b776a240627414,1
exercise_any,621e32d967b776a240627414,3
exercise_any,621e32d967b776a240627414,1
exercise_any,621e32d967b776a240627414,1
exercise_any,621e32d967b776a240627414,2
exercise_any,621e32d967b776a240627414,7
exercise_any,621e32d967b776a240627414,9
exercise_any,621e32d967b776a240627414,0
exercise_any,621e32d967b776a240627414,18
exercise_any,621e32d967b776a240627414,5
exercise_any,621e32d967b776a240627414,4
exercise_any,621e32d967b776a240627414,0
exercise_any,621e32d967b776a240627414,5
exercise_any,621e32d967b776a240627414,1
exercise_any,621e32d967b776a240627414,24
exercise_any,621e32d967b776a240627414,29
exercise_any,621e32d967b776a240627414,2
exercise_any,621e32d967b776a240627414,3
exercise_any,621e32d967b776a240627414,6
exercise_any,621e32d967b776a240627414,15
exercise_any,621e32d967b776a240627414,20
exercise_any,621e32d967b776a240627414,16
exercise_any,621e32d967b776a240627414,21
exercise_any,621e32d967b776a240627414,27
exercise_any,621e32d967b776a240627414,3
exercise_any,621e32d967b776a240627414,0
exercise_any,621e32d967b776a240627414,20
exercise_any,621e32d967b776a240627414,24
exercise_any,621e32d967b776a240627414,93
exercise_any,621e32d967b776a240627414,117
exercise_any,621e32d967b776a240627414,140
exercise_any,621e32d967b776a240627414,143
exercise_any,621e32d967b776a240627414,149
exercise_any,621e32e667b776a2406d2f1c,49
exercise_any,621e32e667b776a2406d2f1c,56
exercise_any,621e32e667b776a2406d2f1c,104
exercise_any,621e32e667b776a2406d2f1c,151
exercise_any,621e32e667b776a2406d2f1c,192
exercise_any,621e32e667b776a2406d2f1c,15
exercise_any,621e32e667b776a2406d2f1c,1
exercise_any,621e32e667b776a2406d2f1c,43
exercise_any,621e32e667b776a2406d2f1c,1
exercise_any,621e331067b776a24085dd3f,4
exercise_any,621e331067b776a24085dd3f,7
exercise_any,621e331067b776a24085dd3f,28
exercise_any,621e331067b776a24085dd3f,32
exercise_any,621e331067b776a24085dd3f,43
exercise_any,621e331067b776a24085dd3f,48
exercise_any,621e331067b776a24085dd3f,55
exercise_any,621e331067b776a24085dd3f,67
exercise_any,621e331067b776a24085dd3f,72
exercise_any,621e331067b776a24085dd3f,79
exercise_any,621e331067b776a24085dd3f,91
exercise_any,621e331067b776a24085dd3f,97
exercise_any,621e331067b776a24085dd3f,102
exercise_any,621e331067b776a24085dd3f,115
exercise_any,621e331067b776a24085dd3f,120
exercise_any,621e331067b776a24085dd3f,128
exercise_any,621e331067b776a24085dd3f,139
exercise_any,621e331067b776a24085dd3f,144
exercise_any,621e331067b776a24085dd3f,151
exercise_any,621e331067b776a24085dd3f,166
exercise_any,621e331067b776a24085dd3f,176
exercise_any,621e331067b776a24085dd3f,189
exercise_any,621e331067b776a24085dd3f,195
exercise_any,621e331067b776a24085dd3f,199
exercise_any,621e331067b776a24085dd3f,211
exercise_any,621e331067b776a24085dd3f,216
exercise_any,621e331067b776a24085dd3f,222
exercise_any,621e331067b776a24085dd3f,235
exercise_any,621e331067b776a24085dd3f,240
exercise_any,621e331067b776a24085dd3f,245
exercise_any,621e331067b776a24085dd3f,261
exercise_any,621e331067b776a24085dd3f,266
exercise_any,621e331067b776a24085dd3f,269
exercise_any,621e331067b776a24085dd3f,283
exercise_any,621e331067b776a24085dd3f,295
exercise_any,621e331067b776a24085dd3f,307
exercise_any,621e331067b776a24085dd3f,313
exercise_any,621e331067b776a24085dd3f,319
exercise_any,621e331067b776a24085dd3f,339
exercise_any,621e331067b776a24085dd3f,343
exercise_any,621e331067b776a24085dd3f,357
exercise_any,621e331067b776a24085dd3f,380
exercise_any,621e331067b776a24085dd3f,403
exercise_any,621e331067b776a24085dd3f,413
exercise_any,621e331067b776a24085dd3f,428
exercise_any,621e331067b776a24085dd3f,432
exercise_any,621e331067b776a24085dd3f,437
exercise_any,621e331067b776a24085dd3f,452
exercise_any,621e331067b776a24085dd3f,456
exercise_any,621e331067b776a24085dd3f,463
exercise_any,621e331067b776a24085dd3f,475
exercise_any,621e331067b776a24085dd3f,480
exercise_any,621e331067b776a24085dd3f,487
exercise_any,621e331067b776a24085dd3f,511
exercise_any,621e331067b776a24085dd3f,525
exercise_any,621e331067b776a24085dd3f,532
exercise_any,621e331067b776a24085dd3f,547
exercise_any,621e331067b776a24085dd3f,554
exercise_any,621e331067b776a24085dd3f,559
exercise_any,621e331067b776a24085dd3f,571
exercise_any,621e331067b776a24085dd3f,576
exercise_any,621e331067b776a24085dd3f,581
exercise_any,621e331067b776a24085dd3f,595
exercise_any,621e331067b776a24085dd3f,602
exercise_any,621e331067b776a24085dd3f,607
exercise_any,621e331067b776a24085dd3f,620
exercise_any,621e331067b776a24085dd3f,624
exercise_any,621e331067b776a24085dd3f,629
exercise_any,621e331067b776a24085dd3f,646
exercise_any,621e331067b776a24085dd3f,648
exercise_any,621e331067b776a24085dd3f,654
exercise_any,621e331067b776a24085dd3f,670
exercise_any,621e331067b776a24085dd3f,677
exercise_any,621e331067b776a24085dd3f,679
exercise_any,621e331067b776a24085dd3f,694
exercise_any,621e331067b776a24085dd3f,700
exercise_any,621e331067b776a24085dd3f,704
exercise_any,621e331067b776a24085dd3f,715
exercise_any,621e331067b776a24085dd3f,720
exercise_any,621e331067b776a24085dd3f,729
exercise_any,621e331067b776a24085dd3f,739
exercise_any,621e331067b776a24085dd3f,744
exercise_any,621e331067b776a24085dd3f,751
exercise_any,621e331067b776a24085dd3f,763
exercise_any,621e331067b776a24085dd3f,768
exercise_any,621e331067b776a24085dd3f,775
exercise_any,621e331067b776a24085dd3f,787
exercise_any,621e331067b776a24085dd3f,792
exercise_any,621e331067b776a24085dd3f,799
exercise_any,621e331067b776a24085dd3f,811
exercise_any,621e331067b776a24085dd3f,841
exercise_any,621e331067b776a24085dd3f,844
exercise_any,621e331067b776a24085dd3f,846
exercise_any,621e331067b776a24085dd3f,862
exercise_any,621e331067b776a24085dd3f,871
exercise_any,621e331067b776a24085dd3f,885
exercise_any,621e331067b776a24085dd3f,893
exercise_any,621e331067b776a24085dd3f,909
exercise_any,621e331067b776a24085dd3f,3
exercise_any,621e331067b776a24085dd3f,7
exercise_any,621e331067b776a24085dd3f,22
exercise_any,621e331067b776a24085dd3f,6
exercise_any,621e331067b776a24085dd3f,7
exercise_any,621e331067b776a24085dd3f,23
exercise_any,621e331067b776a24085dd3f,27
exercise_any,621e331067b776a24085dd3f,32
exercise_any,621e331067b776a24085dd3f,46
exercise_any,621e331067b776a24085dd3f,2
exercise_any,621e331067b776a24085dd3f,7
exercise_any,621e331067b776a24085dd3f,22
exercise_any,621e331067b776a24085dd3f,28
exercise_any,621e331067b776a24085dd3f,32
exercise_any,621e331067b776a24085dd3f,46
exercise_any,621e331067b776a24085dd3f,53
exercise_any,621e331067b776a24085dd3f,57
exercise_any,621e331067b776a24085dd3f,68
exercise_any,621e331067b776a24085dd3f,73
exercise_any,621e331067b776a24085dd3f,92
exercise_any,621e331067b776a24085dd3f,97
exercise_any,621e331067b776a24085dd3f,103
exercise_any,621e331067b776a24085dd3f,116
exercise_any,621e331067b776a24085dd3f,140
exercise_any,621e331067b776a24085dd3f,3
exercise_any,621e331067b776a24085dd3f,5
exercise_any,621e331067b776a24085dd3f,19
exercise_any,621e331067b776a24085dd3f,24
exercise_any,621e331067b776a24085dd3f,29
exercise_any,621e331067b776a24085dd3f,52
exercise_any,621e331067b776a24085dd3f,55
exercise_any,621e331067b776a24085dd3f,69
exercise_any,621e331067b776a24085dd3f,77
exercise_any,621e331067b776a24085dd3f,79
exercise_any,621e331067b776a24085dd3f,92
exercise_any,621e331067b776a24085dd3f,96
exercise_any,621e331067b776a24085dd3f,102
exercise_any,621e331067b776a24085dd3f,115
exercise_any,621e331067b776a24085dd3f,121
exercise_any,621e331067b776a24085dd3f,127
exercise_any,621e331067b776a24085dd3f,139
exercise_any,621e331067b776a24085dd3f,144
exercise_any,621e331067b776a24085dd3f,149
exercise_any,621e331067b776a24085dd3f,164
exercise_any,621e331067b776a24085dd3f,168
exercise_any,621e331067b776a24085dd3f,173
exercise_any,621e331067b776a24085dd3f,187
exercise_any,621e331067b776a24085dd3f,199
exercise_any,621e331067b776a24085dd3f,220
exercise_any,621e331067b776a24085dd3f,223
exercise_any,621e331067b776a24085dd3f,237
exercise_any,621e331067b776a24085dd3f,244
exercise_any,621e331067b776a24085dd3f,248
exercise_any,621e331067b776a24085dd3f,259
exercise_any,621e332267b776a24092a584,22
exercise_any,621e332267b776a24092a584,26
exercise_any,621e332267b776a24092a584,27
exercise_any,621e332267b776a24092a584,51
exercise_any,621e332267b776a24092a584,3
exercise_any,621e332267b776a24092a584,23
exercise_any,621e332267b776a24092a584,41
exercise_any,621e332267b776a24092a584,70
exercise_any,621e332267b776a24092a584,73
exercise_any,621e332267b776a24092a584,77
exercise_any,621e332267b776a24092a584,0
exercise_any,621e332267b776a24092a584,6
exercise_any,621e332267b776a24092a584,16
exercise_any,621e332267b776a24092a584,1
exercise_any,621e332267b776a24092a584,3
exercise_any,621e332267b776a24092a584,0
exercise_any,621e332267b776a24092a584,10
exercise_any,621e332267b776a24092a584,1
exercise_any,621e332267b776a24092a584,5
exercise_any,621e332267b776a24092a584,30
exercise_any,621e332267b776a24092a584,50
exercise_any,621e332267b776a24092a584,67
exercise_any,621e332267b776a24092a584,24
exercise_any,621e332267b776a24092a584,21
exercise_any,621e332267b776a24092a584,1
exercise_any,621e332267b776a24092a584,7
exercise_any,621e332267b776a24092a584,6
exercise_any,621e332267b776a24092a584,2
exercise_any,621e332267b776a24092a584,63
exercise_any,621e333967b776a240a3cd06,3
exercise_any,621e333967b776a240a3cd06,15
exercise_any,621e333967b776a240a3cd06,24
exercise_any,621e333967b776a240a3cd06,36
exercise_any,621e333967b776a240a3cd06,43
exercise_any,621e333967b776a240a3cd06,49
exercise_any,621e333967b776a240a3cd06,181
exercise_any,621e335a67b776a240bb12ff,17
exercise_any,621e335a67b776a240bb12ff,23
exercise_any,621e335a67b776a240bb12ff,27
exercise_any,621e335a67b776a240bb12ff,44
exercise_any,621e335a67b776a240bb12ff,49
exercise_any,621e335a67b776a240bb12ff,0
exercise_any,621e335a67b776a240bb12ff,5
exercise_any,621e335a67b776a240bb12ff,10
exercise_any,621e335a67b776a240bb12ff,24
exercise_any,621e335a67b776a240bb12ff,29
exercise_any,621e335a67b776a240bb12ff,34
exercise_any,621e335a67b776a240bb12ff,48
exercise_any,621e335a67b776a240bb12ff,53
exercise_any,621e335a67b776a240bb12ff,58
exercise_any,621e335a67b776a240bb12ff,72
exercise_any,621e335a67b776a240bb12ff,77
exercise_any,621e335a67b776a240bb12ff,83
exercise_any,621e335a67b776a240bb12ff,1
exercise_any,621e335a67b776a240bb12ff,7
exercise_any,621e335a67b776a240bb12ff,11
exercise_any,621e335a67b776a240bb12ff,27
exercise_any,621e335a67b776a240bb12ff,31
exercise_any,621e335a67b776a240bb12ff,35
exercise_any,621e335a67b776a240bb12ff,47
exercise_any,621e335a67b776a240bb12ff,52
exercise_any,621e335a67b776a240bb12ff,58
exercise_any,621e335a67b776a240bb12ff,71
exercise_any,621e335a67b776a240bb12ff,76
exercise_any,621e335a67b776a240bb12ff,82
exercise_any,621e335a67b776a240bb12ff,95
exercise_any,621e335a67b776a240bb12ff,100
exercise_any,621e335a67b776a240bb12ff,106
exercise_any,621e335a67b776a240bb12ff,119
exercise_any,621e335a67b776a240bb12ff,124
exercise_any,621e335a67b776a240bb12ff,131
exercise_any,621e335a67b776a240bb12ff,144
exercise_any,621e335a67b776a240bb12ff,148
exercise_any,621e335a67b776a240bb12ff,153
exercise_any,621e335a67b776a240bb12ff,170
exercise_any,621e335a67b776a240bb12ff,1
exercise_any,621e335a67b776a240bb12ff,4
exercise_any,621e335a67b776a240bb12ff,18
exercise_any,621e335a67b776a240bb12ff,24
exercise_any,621e335a67b776a240bb12ff,43
exercise_any,621e335a67b776a240bb12ff,45
exercise_any,621e335a67b776a240bb12ff,52
exercise_any,621e335a67b776a240bb12ff,64
exercise_any,621e335a67b776a240bb12ff,70
exercise_any,621e335a67b776a240bb12ff,76
exercise_any,621e335a67b776a240bb12ff,88
exercise_any,621e335a67b776a240bb12ff,93
exercise_any,621e335a67b776a240bb12ff,99
exercise_any,621e335a67b776a240bb12ff,112
exercise_any,621e335a67b776a240bb12ff,124
exercise_any,621e335a67b776a240bb12ff,138
exercise_any,621e335a67b776a240bb12ff,141
exercise_any,621e335a67b776a240bb12ff,148
exercise_any,621e335a67b776a240bb12ff,8
exercise_any,621e335a67b776a240bb12ff,12
exercise_any,621e335a67b776a240bb12ff,25
exercise_any,621e335a67b776a240bb12ff,31
exercise_any,621e335a67b776a240bb12ff,34
exercise_any,621e335a67b776a240bb12ff,48
exercise_any,621e335a67b776a240bb12ff,54
exercise_any,621e335a67b776a240bb12ff,71
exercise_any,621e335a67b776a240bb12ff,76
exercise_any,621e335a67b776a240bb12ff,82
exercise_any,621e335a67b776a240bb12ff,95
exercise_any,621e335a67b776a240bb12ff,100
exercise_any,621e335a67b776a240bb12ff,106
exercise_any,621e335a67b776a240bb12ff,119
exercise_any,621e335a67b776a240bb12ff,125
exercise_any,621e335a67b776a240bb12ff,130
exercise_any,621e335a67b776a240bb12ff,145
exercise_any,621e335a67b776a240bb12ff,148
exercise_any,621e335a67b776a240bb12ff,154
exercise_any,621e335a67b776a240bb12ff,0
exercise_any,621e335a67b776a240bb12ff,5
exercise_any,621e335a67b776a240bb12ff,8
exercise_any,621e335a67b776a240bb12ff,27
exercise_any,621e335a67b776a240bb12ff,29
exercise_any,621e335a67b776a240bb12ff,33
exercise_any,621e335a67b776a240bb12ff,45
exercise_any,621e335a67b776a240bb12ff,50
exercise_any,621e335a67b776a240bb12ff,55
exercise_any,621e335a67b776a240bb12ff,69
exercise_any,621e335a67b776a240bb12ff,74
exercise_any,621e335a67b776a240bb12ff,80
exercise_any,621e335a67b776a240bb12ff,95
exercise_any,621e335a67b776a240bb12ff,98
exercise_any,621e335a67b776a240bb12ff,103
exercise_any,621e335a67b776a240bb12ff,120
exercise_any,621e335a67b776a240bb12ff,122
exercise_any,621e335a67b776a240bb12ff,1
exercise_any,621e335a67b776a240bb12ff,7
exercise_any,621e335a67b776a240bb12ff,12
exercise_any,621e335a67b776a240bb12ff,31
exercise_any,621e335a67b776a240bb12ff,35
exercise_any,621e335a67b776a240bb12ff,47
exercise_any,621e335a67b776a240bb12ff,52
exercise_any,621e335a67b776a240bb12ff,58
exercise_any,621e335a67b776a240bb12ff,71
exercise_any,621e335a67b776a240bb12ff,76
exercise_any,621e335a67b776a240bb12ff,81
exercise_any,621e335a67b776a240bb12ff,95
exercise_any,621e335a67b776a240bb12ff,1
exercise_any,621e335a67b776a240bb12ff,6
exercise_any,621e335a67b776a240bb12ff,20
exercise_any,621e335a67b776a240bb12ff,25
exercise_any,621e335a67b776a240bb12ff,44
exercise_any,621e335a67b776a240bb12ff,50
exercise_any,621e335a67b776a240bb12ff,57
exercise_any,621e335a67b776a240bb12ff,8
exercise_any,621e335a67b776a240bb12ff,13
exercise_any,621e335a67b776a240bb12ff,26
exercise_any,621e335a67b776a240bb12ff,32
exercise_any,621e335a67b776a240bb12ff,36
exercise_any,621e335a67b776a240bb12ff,49
exercise_any,621e335a67b776a240bb12ff,59
exercise_any,621e335a67b776a240bb12ff,77
exercise_any,621e335a67b776a240bb12ff,83
exercise_any,621e335a67b776a240bb12ff,96
exercise_any,621e335a67b776a240bb12ff,107
exercise_any,621e335a67b776a240bb12ff,121
exercise_any,621e335a67b776a240bb12ff,125
exercise_any,621e335a67b776a240bb12ff,132
exercise_any,621e335a67b776a240bb12ff,144
exercise_any,621e335a67b776a240bb12ff,150
exercise_any,621e335a67b776a240bb12ff,154
exercise_any,621e335a67b776a240bb12ff,171
exercise_any,621e335a67b776a240bb12ff,1
exercise_any,621e335a67b776a240bb12ff,4
exercise_any,621e335a67b776a240bb12ff,18
exercise_any,621e335a67b776a240bb12ff,28
exercise_any,621e335a67b776a240bb12ff,45
exercise_any,621e335a67b776a240bb12ff,52
exercise_any,621e335a67b776a240bb12ff,64
exercise_any,621e335a67b776a240bb12ff,69
exercise_any,621e335a67b776a240bb12ff,2
exercise_any,621e335a67b776a240bb12ff,17
exercise_any,621e337667b776a240ce78ab,4
exercise_any,621e337667b776a240ce78ab,26
exercise_any,621e337667b776a240ce78ab,3
exercise_any,621e337667b776a240ce78ab,16
exercise_any,621e337667b776a240ce78ab,20
exercise_any,621e337667b776a240ce78ab,25
exercise_any,621e337667b776a240ce78ab,39
exercise_any,621e337667b776a240ce78ab,44
exercise_any,621e337667b776a240ce78ab,50
exercise_any,621e337667b776a240ce78ab,63
exercise_any,621e337667b776a240ce78ab,68
exercise_any,621e337667b776a240ce78ab,6
exercise_any,621e337667b776a240ce78ab,22
exercise_any,621e337667b776a240ce78ab,0
exercise_any,621e337667b776a240ce78ab,3
exercise_any,621e337667b776a240ce78ab,18
exercise_any,621e337667b776a240ce78ab,25
exercise_any,621e337667b776a240ce78ab,29
exercise_any,621e337667b776a240ce78ab,40
exercise_any,621e337667b776a240ce78ab,48
exercise_any,621e337667b776a240ce78ab,1
exercise_any,621e337667b776a240ce78ab,1
exercise_any,621e337667b776a240ce78ab,4
exercise_any,621e337667b776a240ce78ab,2
exercise_any,621e337667b776a240ce78ab,0
exercise_any,621e337667b776a240ce78ab,5
exercise_any,621e337667b776a240ce78ab,18
exercise_any,621e337667b776a240ce78ab,23
exercise_any,621e337667b776a240ce78ab,30
exercise_any,621e337667b776a240ce78ab,44
exercise_any,621e337667b776a240ce78ab,0
exercise_any,621e337667b776a240ce78ab,5
exercise_any,621e337667b776a240ce78ab,20
exercise_any,621e337667b776a240ce78ab,1
exercise_any,621e337667b776a240ce78ab,3
exercise_any,621e337667b776a240ce78ab,8
exercise_any,621e337667b776a240ce78ab,12
exercise_any,621e337667b776a240ce78ab,1
exercise_any,621e337667b776a240ce78ab,2
exercise_any,621e337667b776a240ce78ab,7
exercise_any,621e337667b776a240ce78ab,3
exercise_any,621e337667b776a240ce78ab,6
exercise_any,621e337667b776a240ce78ab,12
exercise_any,621e337667b776a240ce78ab,1
exercise_any,621e337667b776a240ce78ab,2
exercise_any,621e337667b776a240ce78ab,0
exercise_any,621e337667b776a240ce78ab,1
exercise_any,621e337667b776a240ce78ab,3
exercise_any,621e337667b776a240ce78ab,8
exercise_any,621e337667b776a240ce78ab,3
exercise_any,621e337667b776a240ce78ab,6
exercise_any,621e337667b776a240ce78ab,4
exercise_any,621e337667b776a240ce78ab,20
exercise_any,621e337667b776a240ce78ab,25
exercise_any,621e337667b776a240ce78ab,0
exercise_any,621e337667b776a240ce78ab,0
exercise_any,621e337667b776a240ce78ab,2
exercise_any,621e337667b776a240ce78ab,14
exercise_any,621e337667b776a240ce78ab,21
exercise_any,621e337667b776a240ce78ab,24
exercise_any,621e337667b776a240ce78ab,38
exercise_any,621e337667b776a240ce78ab,43
exercise_any,621e337667b776a240ce78ab,48
exercise_any,621e337667b776a240ce78ab,1
exercise_any,621e337667b776a240ce78ab,0
exercise_any,621e337667b776a240ce78ab,19
exercise_any,621e337667b776a240ce78ab,25
exercise_any,621e337667b776a240ce78ab,28
exercise_any,621e337667b776a240ce78ab,1
exercise_any,621e337667b776a240ce78ab,2
exercise_any,621e337667b776a240ce78ab,2
exercise_any,621e337667b776a240ce78ab,20
exercise_any,621e337667b776a240ce78ab,24
exercise_any,621e337667b776a240ce78ab,28
exercise_any,621e337667b776a240ce78ab,4
exercise_any,621e337667b776a240ce78ab,8
exercise_any,621e337667b776a240ce78ab,2
exercise_any,621e337667b776a240ce78ab,0
exercise_any,621e337667b776a240ce78ab,3
exercise_any,621e337667b776a240ce78ab,1
exercise_any,621e337667b776a240ce78ab,24
exercise_any,621e337667b776a240ce78ab,0
exercise_any,621e337667b776a240ce78ab,6
exercise_any,621e337667b776a240ce78ab,19
exercise_any,621e337667b776a240ce78ab,26
exercise_any,621e337667b776a240ce78ab,2
exercise_any,621e337667b776a240ce78ab,6
exercise_any,621e337667b776a240ce78ab,1
exercise_any,621e337667b776a240ce78ab,7
exercise_any,621e337667b776a240ce78ab,11
exercise_any,621e337667b776a240ce78ab,3
exercise_any,621e337667b776a240ce78ab,0
exercise_any,621e337667b776a240ce78ab,1
exercise_any,621e337667b776a240ce78ab,8
exercise_any,621e337667b776a240ce78ab,11
exercise_any,621e337667b776a240ce78ab,2
exercise_any,621e337667b776a240ce78ab,1
exercise_any,621e337667b776a240ce78ab,17
exercise_any,621e337667b776a240ce78ab,21
exercise_any,621e337667b776a240ce78ab,4
exercise_any,621e337667b776a240ce78ab,1
exercise_any,621e337667b776a240ce78ab,19
exercise_any,621e337667b776a240ce78ab,25
exercise_any,621e337667b776a240ce78ab,42
exercise_any,621e337667b776a240ce78ab,1
exercise_any,621e337667b776a240ce78ab,24
exercise_any,621e337667b776a240ce78ab,30
exercise_any,621e337667b776a240ce78ab,2
exercise_any,621e337667b776a240ce78ab,5
exercise_any,621e337667b776a240ce78ab,0
exercise_any,621e337667b776a240ce78ab,0
exercise_any,621e337667b776a240ce78ab,4
exercise_any,621e337667b776a240ce78ab,26
exercise_any,621e337667b776a240ce78ab,28
exercise_any,621e337667b776a240ce78ab,42
exercise_any,621e337667b776a240ce78ab,5
exercise_any,621e337667b776a240ce78ab,8
exercise_any,621e337667b776a240ce78ab,0
exercise_any,621e337667b776a240ce78ab,6
exercise_any,621e337667b776a240ce78ab,2
exercise_any,621e337667b776a240ce78ab,0
exercise_any,621e337667b776a240ce78ab,7
exercise_any,621e337667b776a240ce78ab,12
exercise_any,621e337667b776a240ce78ab,3
exercise_any,621e337667b776a240ce78ab,1
exercise_any,621e337667b776a240ce78ab,20
exercise_any,621e337667b776a240ce78ab,26
exercise_any,621e337667b776a240ce78ab,1
exercise_any,621e337667b776a240ce78ab,0
exercise_any,621e337667b776a240ce78ab,5
exercise_any,621e337667b776a240ce78ab,23
exercise_any,621e337667b776a240ce78ab,2
exercise_any,621e337667b776a240ce78ab,4
exercise_any,621e337667b776a240ce78ab,13
exercise_any,621e337667b776a240ce78ab,27
exercise_any,621e337667b776a240ce78ab,2
exercise_any,621e337667b776a240ce78ab,7
exercise_any,621e337667b776a240ce78ab,1
exercise_any,621e337667b776a240ce78ab,4
exercise_any,621e337667b776a240ce78ab,2
exercise_any,621e337667b776a240ce78ab,2
exercise_any,621e337667b776a240ce78ab,7
exercise_any,621e337667b776a240ce78ab,25
exercise_any,621e337667b776a240ce78ab,28
exercise_any,621e337667b776a240ce78ab,13
exercise_any,621e337667b776a240ce78ab,6
exercise_any,621e337667b776a240ce78ab,2
exercise_any,621e337667b776a240ce78ab,6
exercise_any,621e337667b776a240ce78ab,22
exercise_any,621e337667b776a240ce78ab,6
exercise_any,621e337667b776a240ce78ab,1
exercise_any,621e339967b776a240e502de,935
exercise_any,621e339967b776a240e502de,941
exercise_any,621e339967b776a240e502de,961
exercise_any,621e339967b776a240e502de,1013
exercise_any,621e339967b776a240e502de,2
exercise_any,621e339967b776a240e502de,7
exercise_any,621e339967b776a240e502de,2
exercise_any,621e339967b776a240e502de,1
exercise_any,621e339967b776a240e502de,18
exercise_any,621e339967b776a240e502de,20
exercise_any,621e339967b776a240e502de,9
exercise_any,621e339967b776a240e502de,4
exercise_any,621e339967b776a240e502de,6
exercise_any,621e339967b776a240e502de,0
exercise_any,621e339967b776a240e502de,2
exercise_any,621e339967b776a240e502de,21
exercise_any,621e339967b776a240e502de,1
exercise_any,621e339967b776a240e502de,15
exercise_any,621e339967b776a240e502de,2
exercise_any,621e339967b776a240e502de,2
exercise_any,621e339967b776a240e502de,2
exercise_any,621e339967b776a240e502de,3
exercise_any,621e339967b776a240e502de,6
exercise_any,621e339967b776a240e502de,1
exercise_any,621e339967b776a240e502de,4
exercise_any,621e339967b776a240e502de,4
exercise_any,621e33b067b776a240f39e56,42
exercise_any,621e33b067b776a240f39e56,70
exercise_any,621e33b067b776a240f39e56,73
exercise_any,621e33b067b776a240f39e56,86
exercise_any,621e33b067b776a240f39e56,91
exercise_any,621e33b067b776a240f39e56,3
exercise_any,621e33b067b776a240f39e56,20
exercise_any,621e33b067b776a240f39e56,25
exercise_any,621e33b067b776a240f39e56,29
exercise_any,621e33b067b776a240f39e56,43
exercise_any,621e33b067b776a240f39e56,49
exercise_any,621e33b067b776a240f39e56,53
exercise_any,621e33b067b776a240f39e56,65
exercise_any,621e33b067b776a240f39e56,70
exercise_any,621e33b067b776a240f39e56,75
exercise_any,621e33b067b776a240f39e56,90
exercise_any,621e33b067b776a240f39e56,94
exercise_any,621e33b067b776a240f39e56,99
exercise_any,621e33b067b776a240f39e56,1
exercise_any,621e33b067b776a240f39e56,6
exercise_any,621e33b067b776a240f39e56,11
exercise_any,621e33b067b776a240f39e56,25
exercise_any,621e33b067b776a240f39e56,30
exercise_any,621e33b067b776a240f39e56,35
exercise_any,621e33b067b776a240f39e56,49
exercise_any,621e33b067b776a240f39e56,55
exercise_any,621e33b067b776a240f39e56,60
exercise_any,621e33b067b776a240f39e56,1
exercise_any,621e33b067b776a240f39e56,17
exercise_any,621e33b067b776a240f39e56,1
exercise_any,621e33b067b776a240f39e56,5
exercise_any,621e33b067b776a240f39e56,17
exercise_any,621e33b067b776a240f39e56,0
exercise_any,621e33b067b776a240f39e56,2
exercise_any,621e33b067b776a240f39e56,15
exercise_any,621e33b067b776a240f39e56,20
exercise_any,621e33b067b776a240f39e56,25
exercise_any,621e33b067b776a240f39e56,39
exercise_any,621e33b067b776a240f39e56,44
exercise_any,621e33b067b776a240f39e56,16
exercise_any,621e33b067b776a240f39e56,21
exercise_any,621e33b067b776a240f39e56,27
exercise_any,621e33b067b776a240f39e56,40
exercise_any,621e33b067b776a240f39e56,45
exercise_any,621e33b067b776a240f39e56,50
exercise_any,621e33b067b776a240f39e56,4
exercise_any,621e33b067b776a240f39e56,9
exercise_any,621e33b067b776a240f39e56,12
exercise_any,621e33b067b776a240f39e56,26
exercise_any,621e33b067b776a240f39e56,32
exercise_any,621e33b067b776a240f39e56,35
exercise_any,621e33b067b776a240f39e56,48
exercise_any,621e33b067b776a240f39e56,1
exercise_any,621e33b067b776a240f39e56,0
exercise_any,621e33b067b776a240f39e56,14
exercise_any,621e33b067b776a240f39e56,2
exercise_any,621e33b067b776a240f39e56,8
exercise_any,621e33b067b776a240f39e56,12
exercise_any,621e33b067b776a240f39e56,17
exercise_any,621e33b067b776a240f39e56,22
exercise_any,621e33b067b776a240f39e56,36
exercise_any,621e33b067b776a240f39e56,41
exercise_any,621e33b067b776a240f39e56,46
exercise_any,621e33b067b776a240f39e56,61
exercise_any,621e33b067b776a240f39e56,65
exercise_any,621e33b067b776a240f39e56,70
exercise_any,621e33b067b776a240f39e56,14
exercise_any,621e33b067b776a240f39e56,20
exercise_any,621e33b067b776a240f39e56,24
exercise_any,621e33b067b776a240f39e56,0
exercise_any,621e33b067b776a240f39e56,5
exercise_any,621e33b067b776a240f39e56,7
exercise_any,621e33b067b776a240f39e56,22
exercise_any,621e33b067b776a240f39e56,27
exercise_any,621e33b067b776a240f39e56,32
exercise_any,621e33b067b776a240f39e56,49
exercise_any,621e33b067b776a240f39e56,54
exercise_any,621e33b067b776a240f39e56,68
exercise_any,621e33b067b776a240f39e56,74
exercise_any,621e33b067b776a240f39e56,78
exercise_any,621e33b067b776a240f39e56,92
exercise_any,621e33b067b776a240f39e56,97
exercise_any,621e33b067b776a240f39e56,102
exercise_any,621e33b067b776a240f39e56,116
exercise_any,621e33b067b776a240f39e56,121
exercise_any,621e33b067b776a240f39e56,0
exercise_any,621e33b067b776a240f39e56,16
exercise_any,621e33b067b776a240f39e56,23
exercise_any,621e33b067b776a240f39e56,26
exercise_any,621e33b067b776a240f39e56,42
exercise_any,621e33b067b776a240f39e56,46
exercise_any,621e33b067b776a240f39e56,50
exercise_any,621e33b067b776a240f39e56,63
exercise_any,621e33b067b776a240f39e56,67
exercise_any,621e33b067b776a240f39e56,72
exercise_any,621e33b067b776a240f39e56,13
exercise_any,621e33b067b776a240f39e56,18
exercise_any,621e33b067b776a240f39e56,37
exercise_any,621e33b067b776a240f39e56,44
exercise_any,621e33b067b776a240f39e56,47
exercise_any,621e33b067b776a240f39e56,63
exercise_any,621e33b067b776a240f39e56,66
exercise_any,621e33b067b776a240f39e56,72
exercise_any,621e33b067b776a240f39e56,88
exercise_any,621e33b067b776a240f39e56,95
exercise_any,621e33b067b776a240f39e56,111
exercise_any,621e33b067b776a240f39e56,121
exercise_any,621e33b067b776a240f39e56,136
exercise_any,621e33b067b776a240f39e56,142
exercise_any,621e33b067b776a240f39e56,145
exercise_any,621e33b067b776a240f39e56,158
exercise_any,621e33b067b776a240f39e56,164
exercise_any,621e33b067b776a240f39e56,167
exercise_any,621e33b067b776a240f39e56,184
exercise_any,621e33b067b776a240f39e56,187
exercise_any,621e33b067b776a240f39e56,192
exercise_any,621e33b067b776a240f39e56,205
exercise_any,621e33b067b776a240f39e56,210
exercise_any,621e33b067b776a240f39e56,216
exercise_any,621e33b067b776a240f39e56,231
exercise_any,621e33b067b776a240f39e56,234
exercise_any,621e33b067b776a240f39e56,239
exercise_any,621e33b067b776a240f39e56,254
exercise_any,621e33b067b776a240f39e56,260
exercise_any,621e33b067b776a240f39e56,263
exercise_any,621e33b067b776a240f39e56,7
exercise_any,621e33b067b776a240f39e56,23
exercise_any,621e33b067b776a240f39e56,14
exercise_any,621e33b067b776a240f39e56,24
exercise_any,621e33b067b776a240f39e56,39
exercise_any,621e33b067b776a240f39e56,2
exercise_any,621e33b067b776a240f39e56,8
exercise_any,621e33b067b776a240f39e56,20
exercise_any,621e33b067b776a240f39e56,0
exercise_any,621e33b067b776a240f39e56,3
exercise_any,621e33b067b776a240f39e56,16
exercise_any,621e33b067b776a240f39e56,5
exercise_any,621e33b067b776a240f39e56,9
exercise_any,621e33b067b776a240f39e56,24
exercise_any,621e33b067b776a240f39e56,3
exercise_any,621e33b067b776a240f39e56,8
exercise_any,621e33b067b776a240f39e56,24
exercise_any,621e33b067b776a240f39e56,2
exercise_any,621e33b067b776a240f39e56,1
exercise_any,621e33b067b776a240f39e56,16
exercise_any,621e33b067b776a240f39e56,23
exercise_any,621e33b067b776a240f39e56,25
exercise_any,621e33b067b776a240f39e56,39
exercise_any,621e33b067b776a240f39e56,43
exercise_any,621e33b067b776a240f39e56,5
exercise_any,621e33b067b776a240f39e56,18
exercise_any,621e33b067b776a240f39e56,2
exercise_any,621e33b067b776a240f39e56,8
exercise_any,621e33b067b776a240f39e56,11
exercise_any,621e33b067b776a240f39e56,16
exercise_any,621e33b067b776a240f39e56,21
exercise_any,621e33b067b776a240f39e56,10
exercise_any,621e33b067b776a240f39e56,15
exercise_any,621e33b067b776a240f39e56,16
exercise_any,621e33b067b776a240f39e56,21
exercise_any,621e33b067b776a240f39e56,20
exercise_any,621e33b067b776a240f39e56,27
exercise_any,621e33b067b776a240f39e56,30
exercise_any,621e33b067b776a240f39e56,46
exercise_any,621e33b067b776a240f39e56,2
exercise_any,621e33b067b776a240f39e56,6
exercise_any,621e33b067b776a240f39e56,20
exercise_any,621e33cf67b776a240087de9,6
exercise_any,621e33cf67b776a240087de9,3
exercise_any,621e33cf67b776a240087de9,7
exercise_any,621e33cf67b776a240087de9,12
exercise_any,621e33cf67b776a240087de9,3
exercise_any,621e33cf67b776a240087de9,7
exercise_any,621e33cf67b776a240087de9,12
exercise_any,621e33cf67b776a240087de9,2
exercise_any,621e33cf67b776a240087de9,3
exercise_any,621e33cf67b776a240087de9,8
exercise_any,621e33cf67b776a240087de9,3
exercise_any,621e33cf67b776a240087de9,7
exercise_any,621e33cf67b776a240087de9,12
exercise_any,621e33cf67b776a240087de9,1
exercise_any,621e33cf67b776a240087de9,7
exercise_any,621e33cf67b776a240087de9,10
exercise_any,621e33cf67b776a240087de9,26
exercise_any,621e33cf67b776a240087de9,31
exercise_any,621e33cf67b776a240087de9,2
exercise_any,621e33cf67b776a240087de9,0
exercise_any,621e33cf67b776a240087de9,5
exercise_any,621e33cf67b776a240087de9,3
exercise_any,621e33cf67b776a240087de9,7
exercise_any,621e33cf67b776a240087de9,13
exercise_any,621e33cf67b776a240087de9,3
exercise_any,621e33cf67b776a240087de9,8
exercise_any,621e33cf67b776a240087de9,14
exercise_any,621e33cf67b776a240087de9,27
exercise_any,621e33cf67b776a240087de9,32
exercise_any,621e33cf67b776a240087de9,37
exercise_any,621e33cf67b776a240087de9,1
exercise_any,621e33cf67b776a240087de9,1
exercise_any,621e33cf67b776a240087de9,4
exercise_any,621e33cf67b776a240087de9,15
exercise_any,621e33cf67b776a240087de9,7
exercise_any,621e33cf67b776a240087de9,5
exercise_any,621e33cf67b776a240087de9,0
exercise_any,621e33cf67b776a240087de9,2
exercise_any,621e33cf67b776a240087de9,8
exercise_any,621e33cf67b776a240087de9,21
exercise_any,621e33cf67b776a240087de9,27
exercise_any,621e33cf67b776a240087de9,31
exercise_any,621e33cf67b776a240087de9,48
exercise_any,621e33cf67b776a240087de9,54
exercise_any,621e33cf67b776a240087de9,57
exercise_any,621e33cf67b776a240087de9,1
exercise_any,621e33cf67b776a240087de9,4
exercise_any,621e33cf67b776a240087de9,9
exercise_any,621e33cf67b776a240087de9,2
exercise_any,621e33cf67b776a240087de9,7
exercise_any,621e33cf67b776a240087de9,15
exercise_any,621e33cf67b776a240087de9,26
exercise_any,621e33cf67b776a240087de9,31
exercise_any,621e33cf67b776a240087de9,2
exercise_any,621e33cf67b776a240087de9,3
exercise_any,621e33cf67b776a240087de9,8
exercise_any,621e33cf67b776a240087de9,24
exercise_any,621e33cf67b776a240087de9,30
exercise_any,621e33cf67b776a240087de9,35
exercise_any,621e33cf67b776a240087de9,54
exercise_any,621e33cf67b776a240087de9,72
exercise_any,621e33cf67b776a240087de9,77
exercise_any,621e33cf67b776a240087de9,81
exercise_any,621e33cf67b776a240087de9,95
exercise_any,621e33cf67b776a240087de9,101
exercise_any,621e33cf67b776a240087de9,105
exercise_any,621e33cf67b776a240087de9,119
exercise_any,621e33cf67b776a240087de9,129
exercise_any,621e33cf67b776a240087de9,143
exercise_any,621e33cf67b776a240087de9,170
exercise_any,621e33cf67b776a240087de9,172
exercise_any,621e33cf67b776a240087de9,193
exercise_any,621e33cf67b776a240087de9,198
exercise_any,621e33cf67b776a240087de9,202
exercise_any,621e33cf67b776a240087de9,218
exercise_any,621e33cf67b776a240087de9,2
exercise_any,621e33cf67b776a240087de9,4
exercise_any,621e33cf67b776a240087de9,7
exercise_any,621e33cf67b776a240087de9,10
exercise_any,621e33cf67b776a240087de9,27
exercise_any,621e33cf67b776a240087de9,0
exercise_any,621e33cf67b776a240087de9,22
exercise_any,621e33cf67b776a240087de9,26
exercise_any,621e33cf67b776a240087de9,30
exercise_any,621e33cf67b776a240087de9,45
exercise_any,621e33cf67b776a240087de9,3
exercise_any,621e33cf67b776a240087de9,21
exercise_any,621e33cf67b776a240087de9,27
exercise_any,621e33cf67b776a240087de9,20
exercise_any,621e33cf67b776a240087de9,25
exercise_any,621e33cf67b776a240087de9,39
exercise_any,621e33cf67b776a240087de9,44
exercise_any,621e33cf67b776a240087de9,63
exercise_any,621e33cf67b776a240087de9,5
exercise_any,621e33cf67b776a240087de9,9
exercise_any,621e33cf67b776a240087de9,22
exercise_any,621e33cf67b776a240087de9,26
exercise_any,621e33cf67b776a240087de9,33
exercise_any,621e33cf67b776a240087de9,45
exercise_any,621e33cf67b776a240087de9,51
exercise_any,621e33cf67b776a240087de9,57
exercise_any,621e33cf67b776a240087de9,71
exercise_any,621e33cf67b776a240087de9,82
exercise_any,621e33cf67b776a240087de9,96
exercise_any,621e33cf67b776a240087de9,101
exercise_any,621e33cf67b776a240087de9,106
exercise_any,621e33cf67b776a240087de9,117
exercise_any,621e33cf67b776a240087de9,3
exercise_any,621e33cf67b776a240087de9,4
exercise_any,621e33cf67b776a240087de9,18
exercise_any,621e33cf67b776a240087de9,45
exercise_any,621e33cf67b776a240087de9,47
exercise_any,621e33cf67b776a240087de9,65
exercise_any,621e33cf67b776a240087de9,71
exercise_any,621e33cf67b776a240087de9,78
exercise_any,621e33cf67b776a240087de9,90
exercise_any,621e33cf67b776a240087de9,96
exercise_any,621e33cf67b776a240087de9,101
exercise_any,621e33cf67b776a240087de9,115
exercise_any,621e33cf67b776a240087de9,140
exercise_any,621e33cf67b776a240087de9,146
exercise_any,621e33cf67b776a240087de9,148
exercise_any,621e33cf67b776a240087de9,1
exercise_any,621e33cf67b776a240087de9,6
exercise_any,621e33cf67b776a240087de9,4
exercise_any,621e33cf67b776a240087de9,2
exercise_any,621e33cf67b776a240087de9,7
exercise_any,621e33cf67b776a240087de9,12
exercise_any,621e33cf67b776a240087de9,2
exercise_any,621e33cf67b776a240087de9,9
exercise_any,621e33cf67b776a240087de9,1
exercise_any,621e33cf67b776a240087de9,1
exercise_any,621e33cf67b776a240087de9,8
exercise_any,621e33cf67b776a240087de9,4
exercise_any,621e33cf67b776a240087de9,7
exercise_any,621e33cf67b776a240087de9,13
exercise_any,621e33cf67b776a240087de9,2
exercise_any,621e33cf67b776a240087de9,8
exercise_any,621e33cf67b776a240087de9,13
exercise_any,621e33cf67b776a240087de9,26
exercise_any,621e33cf67b776a240087de9,33
exercise_any,621e33cf67b776a240087de9,36
exercise_any,621e33ed67b776a2401cf5f7,40
exercise_any,621e33ed67b776a2401cf5f7,46
exercise_any,621e33ed67b776a2401cf5f7,1
exercise_any,621e33ed67b776a2401cf5f7,20
exercise_any,621e33ed67b776a2401cf5f7,24
exercise_any,621e33ed67b776a2401cf5f7,42
exercise_any,621e33ed67b776a2401cf5f7,0
exercise_any,621e33ed67b776a2401cf5f7,2
exercise_any,621e33ed67b776a2401cf5f7,20
exercise_any,621e33ed67b776a2401cf5f7,45
exercise_any,621e33ed67b776a2401cf5f7,1
exercise_any,621e33ed67b776a2401cf5f7,2
exercise_any,621e33ed67b776a2401cf5f7,47
exercise_any,621e33ed67b776a2401cf5f7,2
exercise_any,621e33ed67b776a2401cf5f7,19
exercise_any,621e33ed67b776a2401cf5f7,1
exercise_any,621e33ed67b776a2401cf5f7,7
exercise_any,621e33ed67b776a2401cf5f7,0
exercise_any,621e33ed67b776a2401cf5f7,71
exercise_any,621e33ed67b776a2401cf5f7,0
exercise_any,621e33ed67b776a2401cf5f7,73
exercise_any,621e33ed67b776a2401cf5f7,160
exercise_any,621e340467b776a2402d7982,5
exercise_any,621e340467b776a2402d7982,17
exercise_any,621e340467b776a2402d7982,42
exercise_any,621e340467b776a2402d7982,67
exercise_any,621e340467b776a2402d7982,136
exercise_any,621e340467b776a2402d7982,146
exercise_any,621e340467b776a2402d7982,161
exercise_any,621e340467b776a2402d7982,237
exercise_any,621e340467b776a2402d7982,3
exercise_any,621e340467b776a2402d7982,22
exercise_any,621e340467b776a2402d7982,6
exercise_any,621e340467b776a2402d7982,17
exercise_any,621e340467b776a2402d7982,43
exercise_any,621e340467b776a2402d7982,55
exercise_any,621e340467b776a2402d7982,67
exercise_any,621e340467b776a2402d7982,89
exercise_any,621e340467b776a2402d7982,4
exercise_any,621e340467b776a2402d7982,20
exercise_any,621e340467b776a2402d7982,1
exercise_any,621e340467b776a2402d7982,21
exercise_any,621e340467b776a2402d7982,64
exercise_any,621e340467b776a2402d7982,88
exercise_any,621e340467b776a2402d7982,160
exercise_any,621e340467b776a2402d7982,183
exercise_any,621e340467b776a2402d7982,235
exercise_any,621e340467b776a2402d7982,19
exercise_any,621e340467b776a2402d7982,35
exercise_any,621e340467b776a2402d7982,58
exercise_any,621e340467b776a2402d7982,68
exercise_any,621e340467b776a2402d7982,94
exercise_any,621e340467b776a2402d7982,107
exercise_any,621e340467b776a2402d7982,116
exercise_any,621e340467b776a2402d7982,131
exercise_any,621e340467b776a2402d7982,154
exercise_any,621e340467b776a2402d7982,228
exercise_any,621e340467b776a2402d7982,252
exercise_any,621e340467b776a2402d7982,309
exercise_any,621e340467b776a2402d7982,323
exercise_any,621e340467b776a2402d7982,347
exercise_any,621e340467b776a2402d7982,357
exercise_any,621e340467b776a2402d7982,371
exercise_any,621e340467b776a2402d7982,449
exercise_any,621e340467b776a2402d7982,491
exercise_any,621e340467b776a2402d7982,543
exercise_any,621e340467b776a2402d7982,16
exercise_any,621e341067b776a24037b105,25
exercise_any,621e341067b776a24037b105,30
exercise_any,621e341067b776a24037b105,33
exercise_any,621e341067b776a24037b105,47
exercise_any,621e341067b776a24037b105,3
exercise_any,621e341067b776a24037b105,6
exercise_any,621e341067b776a24037b105,60
exercise_any,621e341067b776a24037b105,0
exercise_any,621e341067b776a24037b105,18
exercise_any,621e341067b776a24037b105,45
exercise_any,621e341067b776a24037b105,72
exercise_any,621e341067b776a24037b105,27
exercise_any,621e341067b776a24037b105,49
exercise_any,621e341067b776a24037b105,39
exercise_any,621e341067b776a24037b105,64
exercise_any,621e341067b776a24037b105,71
exercise_any,621e341067b776a24037b105,20
exercise_any,621e341067b776a24037b105,14
exercise_any,621e341067b776a24037b105,156
exercise_any,621e345c67b776a2407146a8,1
exercise_any,621e345c67b776a2407146a8,136
exercise_any,621e345c67b776a2407146a8,20
exercise_any,621e345c67b776a2407146a8,44
exercise_any,621e345c67b776a2407146a8,282
exercise_any,621e345c67b776a2407146a8,67
exercise_any,621e346f67b776a24081744f,87
exercise_any,621e346f67b776a24081744f,4
exercise_any,621e346f67b776a24081744f,20
exercise_any,621e346f67b776a24081744f,47
exercise_any,621e346f67b776a24081744f,50
exercise_any,621e346f67b776a24081744f,68
exercise_any,621e346f67b776a24081744f,1
exercise_any,621e346f67b776a24081744f,21
exercise_any,621e346f67b776a24081744f,95
exercise_any,621e346f67b776a24081744f,4
exercise_any,621e346f67b776a24081744f,72
exercise_any,621e346f67b776a24081744f,6
exercise_any,621e346f67b776a24081744f,22
exercise_any,621e346f67b776a24081744f,67
exercise_any,621e346f67b776a24081744f,91
exercise_any,621e346f67b776a24081744f,112
exercise_any,621e346f67b776a24081744f,169
exercise_any,621e346f67b776a24081744f,209
exercise_any,621e346f67b776a24081744f,45
exercise_any,621e346f67b776a24081744f,161
exercise_any,621e346f67b776a24081744f,189
exercise_any,621e346f67b776a24081744f,22
exercise_any,621e34ca67b776a240be3b69,21
exercise_any,621e34ca67b776a240be3b69,1
exercise_any,621e34ca67b776a240be3b69,19
exercise_any,621e34ca67b776a240be3b69,26
exercise_any,621e34ca67b776a240be3b69,43
exercise_any,621e34ca67b776a240be3b69,68
exercise_any,621e34ca67b776a240be3b69,44
exercise_any,621e34ca67b776a240be3b69,6
exercise_any,621e34ca67b776a240be3b69,1
exercise_any,621e34ca67b776a240be3b69,47
exercise_any,621e34ca67b776a240be3b69,89
exercise_any,621e34db67b776a240c9c2be,0
exercise_any,621e34db67b776a240c9c2be,3
exercise_any,621e34db67b776a240c9c2be,17
exercise_any,621e34db67b776a240c9c2be,2
exercise_any,621e34db67b776a240c9c2be,14
exercise_any,621e34db67b776a240c9c2be,18
exercise_any,621e34db67b776a240c9c2be,9
exercise_any,621e34db67b776a240c9c2be,27
exercise_any,621e34db67b776a240c9c2be,2
exercise_any,621e34db67b776a240c9c2be,6
exercise_any,621e34db67b776a240c9c2be,20
exercise_any,621e34db67b776a240c9c2be,31
exercise_any,621e34db67b776a240c9c2be,44
exercise_any,621e34db67b776a240c9c2be,52
exercise_any,621e34db67b776a240c9c2be,68
exercise_any,621e34db67b776a240c9c2be,91
exercise_any,621e34db67b776a240c9c2be,98
exercise_any,621e34db67b776a240c9c2be,101
exercise_any,621e34db67b776a240c9c2be,116
exercise_any,621e34db67b776a240c9c2be,120
exercise_any,621e34db67b776a240c9c2be,126
exercise_any,621e34db67b776a240c9c2be,138
exercise_any,621e34db67b776a240c9c2be,145
exercise_any,621e34db67b776a240c9c2be,149
exercise_any,621e34db67b776a240c9c2be,164
exercise_any,621e34db67b776a240c9c2be,2
exercise_any,621e34db67b776a240c9c2be,20
exercise_any,621e34db67b776a240c9c2be,30
exercise_any,621e34db67b776a240c9c2be,45
exercise_any,621e34db67b776a240c9c2be,46
exercise_any,621e34db67b776a240c9c2be,2
exercise_any,621e34db67b776a240c9c2be,42
exercise_any,621e34db67b776a240c9c2be,44
exercise_any,621e34db67b776a240c9c2be,1
exercise_any,621e34db67b776a240c9c2be,16
exercise_any,621e34db67b776a240c9c2be,20
exercise_any,621e34db67b776a240c9c2be,41
exercise_any,621e34db67b776a240c9c2be,51
exercise_any,621e34db67b776a240c9c2be,67
exercise_any,621e34db67b776a240c9c2be,75
exercise_any,621e34db67b776a240c9c2be,93
exercise_any,621e34db67b776a240c9c2be,1
exercise_any,621e34db67b776a240c9c2be,16
exercise_any,621e34db67b776a240c9c2be,22
exercise_any,621e34db67b776a240c9c2be,26
exercise_any,621e34db67b776a240c9c2be,41
exercise_any,621e34db67b776a240c9c2be,50
exercise_any,621e34db67b776a240c9c2be,65
exercise_any,621e34db67b776a240c9c2be,74
exercise_any,621e34db67b776a240c9c2be,98
exercise_any,621e34db67b776a240c9c2be,111
exercise_any,621e34ec67b776a240d60873,11
exercise_any,621e34ec67b776a240d60873,52
exercise_any,621e34ec67b776a240d60873,0
exercise_any,621e34ec67b776a240d60873,14
exercise_any,621e34ec67b776a240d60873,15
exercise_any,621e34f767b776a240de4e1a,16
exercise_any,621e34ff67b776a240e446d6,2
exercise_any,621e34ff67b776a240e446d6,17
exercise_any,621e34ff67b776a240e446d6,25
exercise_any,621e34ff67b776a240e446d6,26
exercise_any,621e34ff67b776a240e446d6,40
exercise_any,621e34ff67b776a240e446d6,45
exercise_any,621e34ff67b776a240e446d6,0
exercise_any,621e34ff67b776a240e446d6,14
exercise_any,621e34ff67b776a240e446d6,0
exercise_any,621e34ff67b776a240e446d6,7
exercise_any,621e34ff67b776a240e446d6,23
exercise_any,621e34ff67b776a240e446d6,29
exercise_any,621e34ff67b776a240e446d6,31
exercise_any,621e34ff67b776a240e446d6,46
exercise_any,621e34ff67b776a240e446d6,51
exercise_any,621e34ff67b776a240e446d6,3
exercise_any,621e34ff67b776a240e446d6,16
exercise_any,621e34ff67b776a240e446d6,23
exercise_any,621e34ff67b776a240e446d6,26
exercise_any,621e34ff67b776a240e446d6,2
exercise_any,621e34ff67b776a240e446d6,14
exercise_any,621e34ff67b776a240e446d6,19
exercise_any,621e34ff67b776a240e446d6,2
exercise_any,621e34ff67b776a240e446d6,6
exercise_any,621e34ff67b776a240e446d6,1
exercise_any,621e34ff67b776a240e446d6,0
exercise_any,621e34ff67b776a240e446d6,6
exercise_any,621e34ff67b776a240e446d6,9
exercise_any,621e34ff67b776a240e446d6,28
exercise_any,621e34ff67b776a240e446d6,4
exercise_any,621e34ff67b776a240e446d6,7
exercise_any,621e34ff67b776a240e446d6,9
exercise_any,621e34ff67b776a240e446d6,0
exercise_any,621e34ff67b776a240e446d6,3
exercise_any,621e34ff67b776a240e446d6,2
exercise_any,621e34ff67b776a240e446d6,4
exercise_any,621e34ff67b776a240e446d6,22
exercise_any,621e34ff67b776a240e446d6,42
exercise_any,621e34ff67b776a240e446d6,47
exercise_any,621e34ff67b776a240e446d6,71
exercise_any,621e34ff67b776a240e446d6,78
exercise_any,621e34ff67b776a240e446d6,91
exercise_any,621e34ff67b776a240e446d6,116
exercise_any,621e34ff67b776a240e446d6,12
exercise_any,621e34ff67b776a240e446d6,1
exercise_any,621e34ff67b776a240e446d6,0
exercise_any,621e34ff67b776a240e446d6,20
exercise_any,621e34ff67b776a240e446d6,5
exercise_any,621e34ff67b776a240e446d6,2
exercise_any,621e34ff67b776a240e446d6,24
exercise_any,621e34ff67b776a240e446d6,40
exercise_any,621e34ff67b776a240e446d6,3
exercise_any,621e34ff67b776a240e446d6,24
exercise_any,621e34ff67b776a240e446d6,35
exercise_any,621e34ff67b776a240e446d6,3
exercise_any,621e34ff67b776a240e446d6,18
exercise_any,621e34ff67b776a240e446d6,41
exercise_any,621e34ff67b776a240e446d6,17
exercise_any,621e34ff67b776a240e446d6,18
exercise_any,621e34ff67b776a240e446d6,22
exercise_any,621e34ff67b776a240e446d6,1
exercise_any,621e34ff67b776a240e446d6,4
exercise_any,621e34ff67b776a240e446d6,4
exercise_any,621e34ff67b776a240e446d6,3
exercise_any,621e34ff67b776a240e446d6,17
exercise_any,621e34ff67b776a240e446d6,22
exercise_any,621e34ff67b776a240e446d6,0
exercise_any,621e34ff67b776a240e446d6,18
exercise_any,621e34ff67b776a240e446d6,3
exercise_any,621e34ff67b776a240e446d6,16
exercise_any,621e34ff67b776a240e446d6,41
exercise_any,621e34ff67b776a240e446d6,62
exercise_any,621e34ff67b776a240e446d6,73
exercise_any,621e34ff67b776a240e446d6,84
exercise_any,621e34ff67b776a240e446d6,90
exercise_any,621e34ff67b776a240e446d6,9
exercise_any,621e34ff67b776a240e446d6,19
exercise_any,621e34ff67b776a240e446d6,40
exercise_any,621e34ff67b776a240e446d6,46
exercise_any,621e34ff67b776a240e446d6,4
exercise_any,621e34ff67b776a240e446d6,18
exercise_any,621e34ff67b776a240e446d6,4
exercise_any,621e34ff67b776a240e446d6,4
exercise_any,621e34ff67b776a240e446d6,8
exercise_any,621e34ff67b776a240e446d6,2
exercise_any,621e34ff67b776a240e446d6,5
exercise_any,621e351a67b776a240f6204b,6
exercise_any,621e351a67b776a240f6204b,7
exercise_any,621e351a67b776a240f6204b,22
exercise_any,621e351a67b776a240f6204b,26
exercise_any,621e351a67b776a240f6204b,31
exercise_any,621e351a67b776a240f6204b,13
exercise_any,621e351a67b776a240f6204b,4
exercise_any,621e351a67b776a240f6204b,1
exercise_any,621e351a67b776a240f6204b,2
exercise_any,621e351a67b776a240f6204b,14
exercise_any,621e351a67b776a240f6204b,19
exercise_any,621e351a67b776a240f6204b,25
exercise_any,621e351a67b776a240f6204b,44
exercise_any,621e351a67b776a240f6204b,47
exercise_any,621e351a67b776a240f6204b,64
exercise_any,621e351a67b776a240f6204b,3
exercise_any,621e351a67b776a240f6204b,7
exercise_any,621e351a67b776a240f6204b,21
exercise_any,621e351a67b776a240f6204b,24
exercise_any,621e351a67b776a240f6204b,30
exercise_any,621e351a67b776a240f6204b,44
exercise_any,621e351a67b776a240f6204b,48
exercise_any,621e351a67b776a240f6204b,0
exercise_any,621e351a67b776a240f6204b,18
exercise_any,621e351a67b776a240f6204b,19
exercise_any,621e351a67b776a240f6204b,24
exercise_any,621e351a67b776a240f6204b,0
exercise_any,621e351a67b776a240f6204b,5
exercise_any,621e351a67b776a240f6204b,18
exercise_any,621e351a67b776a240f6204b,4
exercise_any,621e351a67b776a240f6204b,23
exercise_any,621e351a67b776a240f6204b,42
exercise_any,621e351a67b776a240f6204b,48
exercise_any,621e351a67b776a240f6204b,50
exercise_any,621e351a67b776a240f6204b,64
exercise_any,621e351a67b776a240f6204b,3
exercise_any,621e351a67b776a240f6204b,2
exercise_any,621e351a67b776a240f6204b,0
exercise_any,621e351a67b776a240f6204b,1
exercise_any,621e351a67b776a240f6204b,17
exercise_any,621e351a67b776a240f6204b,20
exercise_any,621e351a67b776a240f6204b,0
exercise_any,621e351a67b776a240f6204b,13
exercise_any,621e351a67b776a240f6204b,7
exercise_any,621e351a67b776a240f6204b,8
exercise_any,621e351a67b776a240f6204b,24
exercise_any,621e351a67b776a240f6204b,27
exercise_any,621e351a67b776a240f6204b,18
exercise_any,621e351a67b776a240f6204b,20
exercise_any,621e351a67b776a240f6204b,23
exercise_any,621e351a67b776a240f6204b,40
exercise_any,621e351a67b776a240f6204b,45
exercise_any,621e351a67b776a240f6204b,47
exercise_any,621e351a67b776a240f6204b,0
exercise_any,621e351a67b776a240f6204b,4
exercise_any,621e351a67b776a240f6204b,16
exercise_any,621e351a67b776a240f6204b,4
exercise_any,621e351a67b776a240f6204b,4
exercise_any,621e351a67b776a240f6204b,18
exercise_any,621e351a67b776a240f6204b,23
exercise_any,621e351a67b776a240f6204b,2
exercise_any,621e351a67b776a240f6204b,3
exercise_any,621e351a67b776a240f6204b,4
exercise_any,621e351a67b776a240f6204b,2
exercise_any,621e351a67b776a240f6204b,18
exercise_any,621e351a67b776a240f6204b,21
exercise_any,621e351a67b776a240f6204b,27
exercise_any,621e351a67b776a240f6204b,44
exercise_any,621e351a67b776a240f6204b,48
exercise_any,621e351a67b776a240f6204b,51
exercise_any,621e351a67b776a240f6204b,68
exercise_any,621e351a67b776a240f6204b,76
exercise_any,621e351a67b776a240f6204b,0
exercise_any,621e351a67b776a240f6204b,0
exercise_any,621e351a67b776a240f6204b,3
exercise_any,621e351a67b776a240f6204b,19
exercise_any,621e351a67b776a240f6204b,22
exercise_any,621e351a67b776a240f6204b,27
exercise_any,621e351a67b776a240f6204b,15
exercise_any,621e351a67b776a240f6204b,18
exercise_any,621e351a67b776a240f6204b,26
exercise_any,621e351a67b776a240f6204b,39
exercise_any,621e351a67b776a240f6204b,45
exercise_any,621e351a67b776a240f6204b,48
exercise_any,621e351a67b776a240f6204b,62
exercise_any,621e351a67b776a240f6204b,66
exercise_any,621e351a67b776a240f6204b,88
exercise_any,621e351a67b776a240f6204b,96
exercise_any,621e351a67b776a240f6204b,0
exercise_any,621e351a67b776a240f6204b,13
exercise_any,621e351a67b776a240f6204b,4
exercise_any,621e351a67b776a240f6204b,5
exercise_any,621e351a67b776a240f6204b,20
exercise_any,621e351a67b776a240f6204b,6
exercise_any,621e351a67b776a240f6204b,22
exercise_any,621e351a67b776a240f6204b,25
exercise_any,621e351a67b776a240f6204b,31
exercise_any,621e351a67b776a240f6204b,44
exercise_any,621e351a67b776a240f6204b,49
exercise_any,621e351a67b776a240f6204b,54
exercise_any,621e351a67b776a240f6204b,0
exercise_any,621e351a67b776a240f6204b,6
exercise_any,621e351a67b776a240f6204b,23
exercise_any,621e351a67b776a240f6204b,28
exercise_any,621e351a67b776a240f6204b,32
exercise_any,621e351a67b776a240f6204b,48
exercise_any,621e351a67b776a240f6204b,57
exercise_any,621e351a67b776a240f6204b,0
exercise_any,621e351a67b776a240f6204b,4
exercise_any,621e351a67b776a240f6204b,2
exercise_any,621e351a67b776a240f6204b,1
exercise_any,621e351a67b776a240f6204b,5
exercise_any,621e351a67b776a240f6204b,2
exercise_any,621e351a67b776a240f6204b,16
exercise_any,621e351a67b776a240f6204b,1
exercise_any,621e351a67b776a240f6204b,3
exercise_any,621e351a67b776a240f6204b,7
exercise_any,621e351a67b776a240f6204b,4
exercise_any,621e351a67b776a240f6204b,16
exercise_any,621e351a67b776a240f6204b,22
exercise_any,621e351a67b776a240f6204b,25
exercise_any,621e351a67b776a240f6204b,43
exercise_any,621e351a67b776a240f6204b,5
exercise_any,621e351a67b776a240f6204b,2
exercise_any,621e351a67b776a240f6204b,3
exercise_any,621e351a67b776a240f6204b,15
exercise_any,621e351a67b776a240f6204b,0
exercise_any,621e351a67b776a240f6204b,0
exercise_any,621e351a67b776a240f6204b,16
exercise_any,621e351a67b776a240f6204b,0
exercise_any,621e351a67b776a240f6204b,3
exercise_any,621e351a67b776a240f6204b,19
exercise_any,621e351a67b776a240f6204b,21
exercise_any,621e351a67b776a240f6204b,26
exercise_any,621e351a67b776a240f6204b,40
exercise_any,621e351a67b776a240f6204b,45
exercise_any,621e351a67b776a240f6204b,2
exercise_any,621e351a67b776a240f6204b,16
exercise_any,621e351a67b776a240f6204b,2
exercise_any,621e351a67b776a240f6204b,19
exercise_any,621e351a67b776a240f6204b,24
exercise_any,621e351a67b776a240f6204b,29
exercise_any,621e351a67b776a240f6204b,44
exercise_any,621e351a67b776a240f6204b,48
exercise_any,621e351a67b776a240f6204b,51
exercise_any,621e351a67b776a240f6204b,65
exercise_any,621e356967b776a24027bd9f,50
exercise_any,621e362467b776a2404ad513,3
exercise_any,621e362467b776a2404ad513,10
exercise_any,621e362467b776a2404ad513,23
exercise_any,621e362467b776a2404ad513,29
exercise_any,621e362467b776a2404ad513,32
exercise_any,621e362467b776a2404ad513,46
exercise_any,621e362467b776a2404ad513,51
exercise_any,621e362467b776a2404ad513,56
exercise_any,621e362467b776a2404ad513,70
exercise_any,621e362467b776a2404ad513,75
exercise_any,621e362467b776a2404ad513,94
exercise_any,621e362467b776a2404ad513,104
exercise_any,621e362467b776a2404ad513,3
exercise_any,621e362467b776a2404ad513,5
exercise_any,621e362467b776a2404ad513,8
exercise_any,621e362467b776a2404ad513,1
exercise_any,621e362467b776a2404ad513,2
exercise_any,621e362467b776a2404ad513,6
exercise_any,621e362467b776a2404ad513,1
exercise_any,621e362467b776a2404ad513,6
exercise_any,621e362467b776a2404ad513,25
exercise_any,621e362467b776a2404ad513,32
exercise_any,621e362467b776a2404ad513,36
exercise_any,621e362467b776a2404ad513,2
exercise_any,621e362467b776a2404ad513,0
exercise_any,621e362467b776a2404ad513,5
exercise_any,621e362467b776a2404ad513,19
exercise_any,621e362467b776a2404ad513,6
exercise_any,621e362467b776a2404ad513,10
exercise_any,621e362467b776a2404ad513,12
exercise_any,621e362467b776a2404ad513,18
exercise_any,621e362467b776a2404ad513,21
exercise_any,621e362467b776a2404ad513,16
exercise_any,621e362467b776a2404ad513,20
exercise_any,621e362467b776a2404ad513,14
exercise_any,621e362467b776a2404ad513,20
exercise_any,621e362467b776a2404ad513,24
exercise_any,621e362467b776a2404ad513,38
exercise_any,621e362467b776a2404ad513,45
exercise_any,621e362467b776a2404ad513,60
exercise_any,621e362467b776a2404ad513,66
exercise_any,621e362467b776a2404ad513,72
exercise_any,621e362467b776a2404ad513,84
exercise_any,621e362467b776a2404ad513,89
exercise_any,621e362467b776a2404ad513,95
exercise_any,621e362467b776a2404ad513,108
exercise_any,621e362467b776a2404ad513,113
exercise_any,621e362467b776a2404ad513,132
exercise_any,621e362467b776a2404ad513,137
exercise_any,621e362467b776a2404ad513,142
exercise_any,621e362467b776a2404ad513,1
exercise_any,621e362467b776a2404ad513,6
exercise_any,621e362467b776a2404ad513,1
exercise_any,621e362467b776a2404ad513,14
exercise_any,621e362467b776a2404ad513,2
exercise_any,621e362467b776a2404ad513,6
exercise_any,621e362467b776a2404ad513,9
exercise_any,621e362467b776a2404ad513,16
exercise_any,621e362467b776a2404ad513,19
exercise_any,621e362467b776a2404ad513,2
exercise_any,621e362467b776a2404ad513,17
exercise_any,621e362467b776a2404ad513,20
exercise_any,621e362467b776a2404ad513,4
exercise_any,621e362467b776a2404ad513,17
exercise_any,621e362467b776a2404ad513,21
exercise_any,621e362467b776a2404ad513,26
exercise_any,621e362467b776a2404ad513,40
exercise_any,621e362467b776a2404ad513,45
exercise_any,621e362467b776a2404ad513,1
exercise_any,621e362467b776a2404ad513,15
exercise_any,621e362467b776a2404ad513,2
exercise_any,621e362467b776a2404ad513,8
exercise_any,621e362467b776a2404ad513,23
exercise_any,621e362467b776a2404ad513,30
exercise_any,621e362467b776a2404ad513,3
exercise_any,621e362467b776a2404ad513,16
exercise_any,621e362467b776a2404ad513,20
exercise_any,621e362467b776a2404ad513,1
exercise_any,621e362467b776a2404ad513,2
exercise_any,621e362467b776a2404ad513,7
exercise_any,621e362467b776a2404ad513,4
exercise_any,621e362467b776a2404ad513,17
exercise_any,621e362467b776a2404ad513,21
exercise_any,621e362467b776a2404ad513,0
exercise_any,621e362467b776a2404ad513,13
exercise_any,621e362467b776a2404ad513,2
exercise_any,621e362467b776a2404ad513,7
exercise_any,621e362467b776a2404ad513,1
exercise_any,621e362467b776a2404ad513,5
exercise_any,621e362467b776a2404ad513,8
exercise_any,621e362467b776a2404ad513,22
exercise_any,621e362467b776a2404ad513,28
exercise_any,621e362467b776a2404ad513,32
exercise_any,621e362467b776a2404ad513,1
exercise_any,621e362467b776a2404ad513,6
exercise_any,621e362467b776a2404ad513,0
exercise_any,621e362467b776a2404ad513,4
exercise_any,621e362467b776a2404ad513,9
exercise_any,621e362467b776a2404ad513,0
exercise_any,621e362467b776a2404ad513,16
exercise_any,621e362467b776a2404ad513,20
exercise_any,621e362467b776a2404ad513,1
exercise_any,621e362467b776a2404ad513,1
exercise_any,621e362467b776a2404ad513,7
exercise_any,621e362467b776a2404ad513,11
exercise_any,621e362467b776a2404ad513,25
exercise_any,621e362467b776a2404ad513,30
exercise_any,621e362467b776a2404ad513,35
exercise_any,621e362467b776a2404ad513,2
exercise_any,621e362467b776a2404ad513,6
exercise_any,621e362467b776a2404ad513,9
exercise_any,621e362467b776a2404ad513,24
exercise_any,621e362467b776a2404ad513,32
exercise_any,621e362467b776a2404ad513,45
exercise_any,621e362467b776a2404ad513,50
exercise_any,621e362467b776a2404ad513,74
exercise_any,621e362467b776a2404ad513,80
exercise_any,621e362467b776a2404ad513,94
exercise_any,621e362467b776a2404ad513,98
exercise_any,621e362467b776a2404ad513,103
exercise_any,621e362467b776a2404ad513,119
exercise_any,621e362467b776a2404ad513,122
exercise_any,621e362467b776a2404ad513,127
exercise_any,621e362467b776a2404ad513,143
exercise_any,621e362467b776a2404ad513,146
exercise_any,621e362467b776a2404ad513,154
exercise_any,621e362467b776a2404ad513,0
exercise_any,621e362467b776a2404ad513,8
exercise_any,621e362467b776a2404ad513,25
exercise_any,621e362467b776a2404ad513,31
exercise_any,621e362467b776a2404ad513,34
exercise_any,621e362467b776a2404ad513,4
exercise_any,621e362467b776a2404ad513,7
exercise_any,621e362467b776a2404ad513,12
exercise_any,621e362467b776a2404ad513,2
exercise_any,621e362467b776a2404ad513,8
exercise_any,621e362467b776a2404ad513,12
exercise_any,621e362467b776a2404ad513,26
exercise_any,621e362467b776a2404ad513,33
exercise_any,621e362467b776a2404ad513,36
exercise_any,621e362467b776a2404ad513,2
exercise_any,621e362467b776a2404ad513,6
exercise_any,621e362467b776a2404ad513,30
exercise_any,621e362467b776a2404ad513,1
exercise_any,621e362467b776a2404ad513,8
exercise_any,621e362467b776a2404ad513,25
exercise_any,621e362467b776a2404ad513,34
exercise_any,621e362467b776a2404ad513,47
exercise_any,621e362467b776a2404ad513,53
exercise_any,621e362467b776a2404ad513,71
exercise_any,621e362467b776a2404ad513,76
exercise_any,621e362467b776a2404ad513,81
exercise_any,621e366567b776a24076a727,5
exercise_any,621e366567b776a24076a727,17
exercise_any,621e366567b776a24076a727,21
exercise_any,621e366567b776a24076a727,3
exercise_any,621e366567b776a24076a727,17
exercise_any,621e366567b776a24076a727,23
exercise_any,621e366567b776a24076a727,1
exercise_any,621e366567b776a24076a727,14
exercise_any,621e366567b776a24076a727,21
exercise_any,621e366567b776a24076a727,2
exercise_any,621e366567b776a24076a727,3
exercise_any,621e366567b776a24076a727,7
exercise_any,621e366567b776a24076a727,11
exercise_any,621e366567b776a24076a727,2
exercise_any,621e366567b776a24076a727,13
exercise_any,621e366567b776a24076a727,24
exercise_any,621e366567b776a24076a727,29
exercise_any,621e366567b776a24076a727,0
exercise_any,621e366567b776a24076a727,14
exercise_any,621e366567b776a24076a727,19
exercise_any,621e366567b776a24076a727,2
exercise_any,621e366567b776a24076a727,15
exercise_any,621e366567b776a24076a727,19
exercise_any,621e366567b776a24076a727,3
exercise_any,621e366567b776a24076a727,17
exercise_any,621e366567b776a24076a727,23
exercise_any,621e366567b776a24076a727,0
exercise_any,621e366567b776a24076a727,15
exercise_any,621e366567b776a24076a727,4
exercise_any,621e366567b776a24076a727,1
exercise_any,621e366567b776a24076a727,6
exercise_any,621e366567b776a24076a727,21
exercise_any,621e366567b776a24076a727,28
exercise_any,621e366567b776a24076a727,30
exercise_any,621e366567b776a24076a727,43
exercise_any,621e366567b776a24076a727,48
exercise_any,621e366567b776a24076a727,3
exercise_any,621e366567b776a24076a727,17
exercise_any,621e366567b776a24076a727,24
exercise_any,621e366567b776a24076a727,0
exercise_any,621e366567b776a24076a727,14
exercise_any,621e366567b776a24076a727,20
exercise_any,621e366567b776a24076a727,0
exercise_any,621e366567b776a24076a727,14
exercise_any,621e366567b776a24076a727,20
exercise_any,621e366567b776a24076a727,1
exercise_any,621e366567b776a24076a727,15
exercise_any,621e366567b776a24076a727,21
exercise_any,621e366567b776a24076a727,26
exercise_any,621e366567b776a24076a727,2
exercise_any,621e366567b776a24076a727,10
exercise_any,621e366567b776a24076a727,12
exercise_any,621e366567b776a24076a727,29
exercise_any,621e366567b776a24076a727,34
exercise_any,621e366567b776a24076a727,36
exercise_any,621e366567b776a24076a727,55
exercise_any,621e366567b776a24076a727,4
exercise_any,621e366567b776a24076a727,14
exercise_any,621e366567b776a24076a727,22
exercise_any,621e366567b776a24076a727,1
exercise_any,621e366567b776a24076a727,14
exercise_any,621e366567b776a24076a727,20
exercise_any,621e366567b776a24076a727,24
exercise_any,621e366567b776a24076a727,13
exercise_any,621e366567b776a24076a727,18
exercise_any,621e366567b776a24076a727,26
exercise_any,621e366567b776a24076a727,37
exercise_any,621e366567b776a24076a727,42
exercise_any,621e366567b776a24076a727,50
exercise_any,621e366567b776a24076a727,63
exercise_any,621e366567b776a24076a727,69
exercise_any,621e366567b776a24076a727,74
exercise_any,621e366567b776a24076a727,87
exercise_any,621e366567b776a24076a727,94
exercise_any,621e366567b776a24076a727,97
exercise_any,621e366567b776a24076a727,111
exercise_any,621e366567b776a24076a727,121
exercise_any,621e366567b776a24076a727,133
exercise_any,621e366567b776a24076a727,145
exercise_any,621e366567b776a24076a727,161
exercise_any,621e366567b776a24076a727,169
exercise_any,621e366567b776a24076a727,181
exercise_any,621e366567b776a24076a727,0
exercise_any,621e366567b776a24076a727,4
exercise_any,621e366567b776a24076a727,1
exercise_any,621e366567b776a24076a727,6
exercise_any,621e366567b776a24076a727,11
exercise_any,621e366567b776a24076a727,2
exercise_any,621e366567b776a24076a727,5
exercise_any,621e366567b776a24076a727,7
exercise_any,621e366567b776a24076a727,22
exercise_any,621e366567b776a24076a727,6
exercise_any,621e366567b776a24076a727,17
exercise_any,621e366567b776a24076a727,22
exercise_any,621e366567b776a24076a727,30
exercise_any,621e366567b776a24076a727,41
exercise_any,621e366567b776a24076a727,53
exercise_any,621e366567b776a24076a727,67
exercise_any,621e366567b776a24076a727,71
exercise_any,621e366567b776a24076a727,75
exercise_any,621e366567b776a24076a727,15
exercise_any,621e366567b776a24076a727,19
exercise_any,621e366567b776a24076a727,26
exercise_any,621e366567b776a24076a727,37
exercise_any,621e366567b776a24076a727,42
exercise_any,621e366567b776a24076a727,48
exercise_any,621e366567b776a24076a727,65
exercise_any,621e366567b776a24076a727,2
exercise_any,621e366567b776a24076a727,2
exercise_any,621e366567b776a24076a727,17
exercise_any,621e366567b776a24076a727,0
exercise_any,621e366567b776a24076a727,4
exercise_any,621e366567b776a24076a727,16
exercise_any,621e366567b776a24076a727,21
exercise_any,621e366567b776a24076a727,3
exercise_any,621e366567b776a24076a727,18
exercise_any,621e366567b776a24076a727,24
exercise_any,621e366567b776a24076a727,5
exercise_any,621e366567b776a24076a727,20
exercise_any,621e366567b776a24076a727,21
exercise_any,621e366567b776a24076a727,1
exercise_any,621e366567b776a24076a727,16
exercise_any,621e366567b776a24076a727,23
exercise_any,621e366567b776a24076a727,25
exercise_any,621e366567b776a24076a727,1
exercise_any,621e366567b776a24076a727,0
exercise_any,621e366567b776a24076a727,12
exercise_any,621e366567b776a24076a727,4
exercise_any,621e366567b776a24076a727,3
exercise_any,621e366567b776a24076a727,17
exercise_any,621e366567b776a24076a727,24
exercise_any,621e366567b776a24076a727,2
exercise_any,621e366567b776a24076a727,16
exercise_any,621e366567b776a24076a727,21
exercise_any,621e366567b776a24076a727,2
exercise_any,621e366567b776a24076a727,17
exercise_any,621e366567b776a24076a727,4
exercise_any,621e366567b776a24076a727,21
exercise_any,621e366567b776a24076a727,26
exercise_any,621e366567b776a24076a727,33
exercise_any,621e366567b776a24076a727,48
exercise_any,621e366567b776a24076a727,55
exercise_any,621e366567b776a24076a727,71
exercise_any,621e366567b776a24076a727,77
exercise_any,621e366567b776a24076a727,80
exercise_any,621e366567b776a24076a727,94
exercise_any,621e366567b776a24076a727,98
exercise_any,621e366567b776a24076a727,104
exercise_any,621e366567b776a24076a727,118
exercise_any,621e366567b776a24076a727,122
exercise_any,621e366567b776a24076a727,129
exercise_any,621e366567b776a24076a727,148
exercise_any,621e366567b776a24076a727,167
exercise_any,621e366567b776a24076a727,170
exercise_any,621e366567b776a24076a727,176
exercise_any,621e366567b776a24076a727,189
exercise_any,621e366567b776a24076a727,194
exercise_any,621e366567b776a24076a727,199
exercise_any,621e366567b776a24076a727,216
exercise_any,621e366567b776a24076a727,221
exercise_any,621e366567b776a24076a727,226
exercise_any,621e366567b776a24076a727,245
exercise_any,621e366567b776a24076a727,249
exercise_any,621e367e67b776a24087d75d,517
exercise_any,621e367e67b776a24087d75d,0
exercise_any,621e367e67b776a24087d75d,6
exercise_any,621e367e67b776a24087d75d,43
exercise_any,621e367e67b776a24087d75d,68
exercise_any,621e367e67b776a24087d75d,73
exercise_any,621e36bb67b776a240b40d64,16
exercise_any,621e36bb67b776a240b40d64,38
exercise_any,621e36bb67b776a240b40d64,63
exercise_any,621e36bb67b776a240b40d64,95
exercise_any,621e36bb67b776a240b40d64,96
exercise_any,621e36bb67b776a240b40d64,111
exercise_any,621e36bb67b776a240b40d64,142
exercise_any,621e36bb67b776a240b40d64,145
exercise_any,621e36bb67b776a240b40d64,167
exercise_any,621e36bb67b776a240b40d64,190
exercise_any,621e36bb67b776a240b40d64,207
exercise_any,621e36bb67b776a240b40d64,218
exercise_any,621e36bb67b776a240b40d64,231
exercise_any,621e36bb67b776a240b40d64,259
exercise_any,621e36bb67b776a240b40d64,0
exercise_any,621e36bb67b776a240b40d64,1
exercise_any,621e36bb67b776a240b40d64,0
exercise_any,621e36bb67b776a240b40d64,41
exercise_any,621e36bb67b776a240b40d64,10
exercise_any,621e36bb67b776a240b40d64,36
exercise_any,621e36bb67b776a240b40d64,35
exercise_any,621e36bb67b776a240b40d64,61
exercise_any,621e36bb67b776a240b40d64,10
exercise_any,621e36bb67b776a240b40d64,2
exercise_any,621e36bb67b776a240b40d64,6
exercise_any,621e36bb67b776a240b40d64,18
exercise_any,621e36bb67b776a240b40d64,14
exercise_any,621e36c267b776a240ba2756,2
exercise_any,621e36c267b776a240ba2756,4
exercise_any,621e36c267b776a240ba2756,1
exercise_any,621e36c267b776a240ba2756,19
exercise_any,621e36c267b776a240ba2756,14
exercise_any,621e36c267b776a240ba2756,37
exercise_any,621e36c267b776a240ba2756,61
exercise_any,621e36c267b776a240ba2756,3
exercise_any,621e36c267b776a240ba2756,12
exercise_any,621e36c267b776a240ba2756,0
exercise_any,621e36c267b776a240ba2756,20
exercise_any,621e36c267b776a240ba2756,17
exercise_any,621e36c267b776a240ba2756,21
exercise_any,621e36c267b776a240ba2756,14
exercise_any,621e36c267b776a240ba2756,1
exercise_any,621e36c267b776a240ba2756,91
exercise_any,621e36c267b776a240ba2756,2
exercise_any,621e36c267b776a240ba2756,8
exercise_any,621e36c267b776a240ba2756,3
exercise_any,621e36c267b776a240ba2756,17
exercise_any,621e36c267b776a240ba2756,17
exercise_any,621e36dd67b776a240ce9a45,16
exercise_any,621e36dd67b776a240ce9a45,41
exercise_any,621e36dd67b776a240ce9a45,64
exercise_any,621e36dd67b776a240ce9a45,1
exercise_any,621e36dd67b776a240ce9a45,5
exercise_any,621e36dd67b776a240ce9a45,7
exercise_any,621e36dd67b776a240ce9a45,23
exercise_any,621e36dd67b776a240ce9a45,46
exercise_any,621e36dd67b776a240ce9a45,72
exercise_any,621e36dd67b776a240ce9a45,95
exercise_any,621e36dd67b776a240ce9a45,4
exercise_any,621e36dd67b776a240ce9a45,3
exercise_any,621e36dd67b776a240ce9a45,24
exercise_any,621e36dd67b776a240ce9a45,47
exercise_any,621e36dd67b776a240ce9a45,75
exercise_any,621e36dd67b776a240ce9a45,95
exercise_any,621e36dd67b776a240ce9a45,126
exercise_any,621e36dd67b776a240ce9a45,3
exercise_any,621e36dd67b776a240ce9a45,1
exercise_any,621e36dd67b776a240ce9a45,2
exercise_any,621e36dd67b776a240ce9a45,50
exercise_any,621e36dd67b776a240ce9a45,72
exercise_any,621e36dd67b776a240ce9a45,25
exercise_any,621e36dd67b776a240ce9a45,48
exercise_any,621e36f967b776a240e5e7c9,1
exercise_any,621e36f967b776a240e5e7c9,1
exercise_any,621e36f967b776a240e5e7c9,4
exercise_any,621e36f967b776a240e5e7c9,2
exercise_any,621e36f967b776a240e5e7c9,17
exercise_any,621e36f967b776a240e5e7c9,23
exercise_any,621e36f967b776a240e5e7c9,27
exercise_any,621e36f967b776a240e5e7c9,40
exercise_any,621e36f967b776a240e5e7c9,45
exercise_any,621e36f967b776a240e5e7c9,3
exercise_any,621e36f967b776a240e5e7c9,18
exercise_any,621e36f967b776a240e5e7c9,23
exercise_any,621e36f967b776a240e5e7c9,1
exercise_any,621e36f967b776a240e5e7c9,16
exercise_any,621e36f967b776a240e5e7c9,9
exercise_any,621e36f967b776a240e5e7c9,4
exercise_any,621e36f967b776a240e5e7c9,3
exercise_any,621e36f967b776a240e5e7c9,5
exercise_any,621e36f967b776a240e5e7c9,18
exercise_any,621e36f967b776a240e5e7c9,23
exercise_any,621e36f967b776a240e5e7c9,2
exercise_any,621e36f967b776a240e5e7c9,16
exercise_any,621e36f967b776a240e5e7c9,21
exercise_any,621e36f967b776a240e5e7c9,3
exercise_any,621e36f967b776a240e5e7c9,1
exercise_any,621e36f967b776a240e5e7c9,0
exercise_any,621e36f967b776a240e5e7c9,20
exercise_any,621e36f967b776a240e5e7c9,15
exercise_any,621e36f967b776a240e5e7c9,0
exercise_any,621e36f967b776a240e5e7c9,2
exercise_any,621e36f967b776a240e5e7c9,2
exercise_any,621e36f967b776a240e5e7c9,6
exercise_any,621e36f967b776a240e5e7c9,9
exercise_any,621e36f967b776a240e5e7c9,1
exercise_any,621e36f967b776a240e5e7c9,5
exercise_any,621e36f967b776a240e5e7c9,17
exercise_any,621e36f967b776a240e5e7c9,27
exercise_any,621e36f967b776a240e5e7c9,41
exercise_any,621e36f967b776a240e5e7c9,0
exercise_any,621e36f967b776a240e5e7c9,2
exercise_any,621e36f967b776a240e5e7c9,17
exercise_any,621e36f967b776a240e5e7c9,25
exercise_any,621e36f967b776a240e5e7c9,28
exercise_any,621e36f967b776a240e5e7c9,41
exercise_any,621e36f967b776a240e5e7c9,47
exercise_any,621e36f967b776a240e5e7c9,2
exercise_any,621e36f967b776a240e5e7c9,16
exercise_any,621e36f967b776a240e5e7c9,20
exercise_any,621e36f967b776a240e5e7c9,1
exercise_any,621e36f967b776a240e5e7c9,16
exercise_any,621e36f967b776a240e5e7c9,3
exercise_any,621e36f967b776a240e5e7c9,8
exercise_any,621e36f967b776a240e5e7c9,22
exercise_any,621e36f967b776a240e5e7c9,28
exercise_any,621e36f967b776a240e5e7c9,31
exercise_any,621e36f967b776a240e5e7c9,44
exercise_any,621e36f967b776a240e5e7c9,6
exercise_any,621e36f967b776a240e5e7c9,19
exercise_any,621e36f967b776a240e5e7c9,4
exercise_any,621e36f967b776a240e5e7c9,7
exercise_any,621e36f967b776a240e5e7c9,4
exercise_any,621e36f967b776a240e5e7c9,8
exercise_any,621e36f967b776a240e5e7c9,27
exercise_any,621e36f967b776a240e5e7c9,32
exercise_any,621e36f967b776a240e5e7c9,3
exercise_any,621e36f967b776a240e5e7c9,21
exercise_any,621e36f967b776a240e5e7c9,24
exercise_any,621e36f967b776a240e5e7c9,2
exercise_any,621e36f967b776a240e5e7c9,0
exercise_any,621e36f967b776a240e5e7c9,5
exercise_any,621e36f967b776a240e5e7c9,10
exercise_any,621e36f967b776a240e5e7c9,23
exercise_any,621e36f967b776a240e5e7c9,32
exercise_any,621e36f967b776a240e5e7c9,46
exercise_any,621e36f967b776a240e5e7c9,4
exercise_any,621e36f967b776a240e5e7c9,8
exercise_any,621e36f967b776a240e5e7c9,3
exercise_any,621e36f967b776a240e5e7c9,6
exercise_any,621e36f967b776a240e5e7c9,1
exercise_any,621e36f967b776a240e5e7c9,9
exercise_any,621e36f967b776a240e5e7c9,11
exercise_any,621e36f967b776a240e5e7c9,25
exercise_any,621e36f967b776a240e5e7c9,0
exercise_any,621e36f967b776a240e5e7c9,4
exercise_any,621e36f967b776a240e5e7c9,21
exercise_any,621e36f967b776a240e5e7c9,31
exercise_any,621e36f967b776a240e5e7c9,3
exercise_any,621e36f967b776a240e5e7c9,13
exercise_any,621e36f967b776a240e5e7c9,26
exercise_any,621e36f967b776a240e5e7c9,30
exercise_any,621e36f967b776a240e5e7c9,50
exercise_any,621e36f967b776a240e5e7c9,56
exercise_any,621e36f967b776a240e5e7c9,24
exercise_any,621e36f967b776a240e5e7c9,26
exercise_any,621e36f967b776a240e5e7c9,46
exercise_any,621e36f967b776a240e5e7c9,52
exercise_any,621e36f967b776a240e5e7c9,64
exercise_any,621e36f967b776a240e5e7c9,69
exercise_any,621e36f967b776a240e5e7c9,6
exercise_any,621e36f967b776a240e5e7c9,21
exercise_any,621e36f967b776a240e5e7c9,2
exercise_any,621e36f967b776a240e5e7c9,6
exercise_any,621e36f967b776a240e5e7c9,23
exercise_any,621e36f967b776a240e5e7c9,26
exercise_any,621e36f967b776a240e5e7c9,30
exercise_any,621e36f967b776a240e5e7c9,43
exercise_any,621e36f967b776a240e5e7c9,48
exercise_any,621e36f967b776a240e5e7c9,52
exercise_any,621e36f967b776a240e5e7c9,67
exercise_any,621e36f967b776a240e5e7c9,7
exercise_any,621e36f967b776a240e5e7c9,20
exercise_any,621e36f967b776a240e5e7c9,27
exercise_any,621e36f967b776a240e5e7c9,1
exercise_any,621e36f967b776a240e5e7c9,18
exercise_any,621e36f967b776a240e5e7c9,0
exercise_any,621e36f967b776a240e5e7c9,23
exercise_any,621e36f967b776a240e5e7c9,27
exercise_any,621e36f967b776a240e5e7c9,0
exercise_any,621e36f967b776a240e5e7c9,6
exercise_any,621e36f967b776a240e5e7c9,1
exercise_any,621e36f967b776a240e5e7c9,15
exercise_any,621e36f967b776a240e5e7c9,2
exercise_any,621e36f967b776a240e5e7c9,4
exercise_any,621e36f967b776a240e5e7c9,19
exercise_any,621e36f967b776a240e5e7c9,26
exercise_any,621e36f967b776a240e5e7c9,42
exercise_any,621e36f967b776a240e5e7c9,46
exercise_any,621e36f967b776a240e5e7c9,51
exercise_any,621e36f967b776a240e5e7c9,66
exercise_any,621e36f967b776a240e5e7c9,76
exercise_any,621e36f967b776a240e5e7c9,11
exercise_any,621e36f967b776a240e5e7c9,21
exercise_any,621e36f967b776a240e5e7c9,35
exercise_any,621e36f967b776a240e5e7c9,0
exercise_any,621e36f967b776a240e5e7c9,1
exercise_any,621e36f967b776a240e5e7c9,2
exercise_any,621e36f967b776a240e5e7c9,15
exercise_any,621e36f967b776a240e5e7c9,1
exercise_any,621e36f967b776a240e5e7c9,1
exercise_any,621e36f967b776a240e5e7c9,16
exercise_any,621e36f967b776a240e5e7c9,2
exercise_any,621e36f967b776a240e5e7c9,7
exercise_any,621e36f967b776a240e5e7c9,20
exercise_any,621e36f967b776a240e5e7c9,27
exercise_any,621e36f967b776a240e5e7c9,30
exercise_any,621e36f967b776a240e5e7c9,52
exercise_any,621e36f967b776a240e5e7c9,15
exercise_any,621e36f967b776a240e5e7c9,21
exercise_any,621e36f967b776a240e5e7c9,27
exercise_any,621e36f967b776a240e5e7c9,41
exercise_any,621e36f967b776a240e5e7c9,7
exercise_any,621e36f967b776a240e5e7c9,0
exercise_any,621e36f967b776a240e5e7c9,22
exercise_any,621e375367b776a24021e950,41
exercise_any,621e375367b776a24021e950,66
exercise_any,621e375367b776a24021e950,71
exercise_any,621e375b67b776a240290cdc,21
exercise_any,621e375b67b776a240290cdc,15
exercise_any,621e375b67b776a240290cdc,14
exercise_any,621e375b67b776a240290cdc,15
exercise_any,621e375b67b776a240290cdc,20
exercise_any,621e375b67b776a240290cdc,2
exercise_any,621e375b67b776a240290cdc,13
exercise_any,621e375b67b776a240290cdc,17
exercise_any,621e375b67b776a240290cdc,3
exercise_any,621e375b67b776a240290cdc,18
exercise_vigorous,621e2eaf67b776a2406b14ac,16
exercise_vigorous,621e2eaf67b776a2406b14ac,21
exercise_vigorous,621e2eaf67b776a2406b14ac,17
exercise_vigorous,621e2eaf67b776a2406b14ac,21
exercise_vigorous,621e2eaf67b776a2406b14ac,26
exercise_vigorous,621e2eaf67b776a2406b14ac,40
exercise_vigorous,621e2eaf67b776a2406b14ac,45
exercise_vigorous,621e2eaf67b776a2406b14ac,50
exercise_vigorous,621e2eaf67b776a2406b14ac,0
exercise_vigorous,621e2eaf67b776a2406b14ac,4
exercise_vigorous,621e2eaf67b776a2406b14ac,23
exercise_vigorous,621e2eaf67b776a2406b14ac,31
exercise_vigorous,621e2eaf67b776a2406b14ac,44
exercise_vigorous,621e2eaf67b776a2406b14ac,49
exercise_vigorous,621e2eaf67b776a2406b14ac,54
exercise_vigorous,621e2eaf67b776a2406b14ac,2
exercise_vigorous,621e2eaf67b776a2406b14ac,7
exercise_vigorous,621e2eaf67b776a2406b14ac,12
exercise_vigorous,621e2eaf67b776a2406b14ac,2
exercise_vigorous,621e2eaf67b776a2406b14ac,7
exercise_vigorous,621e2eaf67b776a2406b14ac,13
exercise_vigorous,621e2eaf67b776a2406b14ac,26
exercise_vigorous,621e2eaf67b776a2406b14ac,1
exercise_vigorous,621e2eaf67b776a2406b14ac,8
exercise_vigorous,621e2eaf67b776a2406b14ac,3
exercise_vigorous,621e2eaf67b776a2406b14ac,8
exercise_vigorous,621e2eaf67b776a2406b14ac,13
exercise_vigorous,621e2eaf67b776a2406b14ac,30
exercise_vigorous,621e2eaf67b776a2406b14ac,35
exercise_vigorous,621e2eaf67b776a2406b14ac,39
exercise_vigorous,621e2eaf67b776a2406b14ac,53
exercise_vigorous,621e2eaf67b776a2406b14ac,59
exercise_vigorous,621e2ed667b776a24085d8d1,7
exercise_vigorous,621e2ed667b776a24085d8d1,19
exercise_vigorous,621e2ed667b776a24085d8d1,26
exercise_vigorous,621e2ed667b776a24085d8d1,43
exercise_vigorous,621e2ed667b776a24085d8d1,50
exercise_vigorous,621e2ed667b776a24085d8d1,69
exercise_vigorous,621e2ed667b776a24085d8d1,77
exercise_vigorous,621e2ed667b776a24085d8d1,93
exercise_vigorous,621e2ed667b776a24085d8d1,101
exercise_vigorous,621e2ed667b776a24085d8d1,103
exercise_vigorous,621e2ed667b776a24085d8d1,115
exercise_vigorous,621e2ed667b776a24085d8d1,142
exercise_vigorous,621e2ed667b776a24085d8d1,144
exercise_vigorous,621e2ed667b776a24085d8d1,151
exercise_vigorous,621e2ed667b776a24085d8d1,169
exercise_vigorous,621e2ed667b776a24085d8d1,175
exercise_vigorous,621e2ed667b776a24085d8d1,193
exercise_vigorous,621e2ed667b776a24085d8d1,198
exercise_vigorous,621e2ed667b776a24085d8d1,218
exercise_vigorous,621e2ed667b776a24085d8d1,223
exercise_vigorous,621e2ed667b776a24085d8d1,268
exercise_vigorous,621e2ed667b776a24085d8d1,271
exercise_vigorous,621e2ed667b776a24085d8d1,288
exercise_vigorous,621e2ed667b776a24085d8d1,295
exercise_vigorous,621e2ed667b776a24085d8d1,309
exercise_vigorous,621e2ed667b776a24085d8d1,317
exercise_vigorous,621e2ed667b776a24085d8d1,331
exercise_vigorous,621e2ed667b776a24085d8d1,355
exercise_vigorous,621e2ed667b776a24085d8d1,380
exercise_vigorous,621e2ed667b776a24085d8d1,389
exercise_vigorous,621e2ed667b776a24085d8d1,430
exercise_vigorous,621e2ed667b776a24085d8d1,452
exercise_vigorous,621e2f1b67b776a240b3d87c,329
exercise_vigorous,621e2f1b67b776a240b3d87c,1
exercise_vigorous,621e2f1b67b776a240b3d87c,6
exercise_vigorous,621e2f1b67b776a240b3d87c,19
exercise_vigorous,621e2f1b67b776a240b3d87c,25
exercise_vigorous,621e2f1b67b776a240b3d87c,29
exercise_vigorous,621e2f1b67b776a240b3d87c,73
exercise_vigorous,621e2f1b67b776a240b3d87c,79
exercise_vigorous,621e2f1b67b776a240b3d87c,93
exercise_vigorous,621e2f1b67b776a240b3d87c,97
exercise_vigorous,621e2f1b67b776a240b3d87c,125
exercise_vigorous,621e2f1b67b776a240b3d87c,127
exercise_vigorous,621e2f1b67b776a240b3d87c,152
exercise_vigorous,621e2f1b67b776a240b3d87c,187
exercise_vigorous,621e2f1b67b776a240b3d87c,197
exercise_vigorous,621e2f1b67b776a240b3d87c,211
exercise_vigorous,621e2f1b67b776a240b3d87c,220
exercise_vigorous,621e2f1b67b776a240b3d87c,222
exercise_vigorous,621e2f1b67b776a240b3d87c,237
exercise_vigorous,621e2f1b67b776a240b3d87c,240
exercise_vigorous,621e2f1b67b776a240b3d87c,246
exercise_vigorous,621e2f1b67b776a240b3d87c,269
exercise_vigorous,621e2f1b67b776a240b3d87c,292
exercise_vigorous,621e2f1b67b776a240b3d87c,312
exercise_vigorous,621e2f1b67b776a240b3d87c,315
exercise_vigorous,621e2f1b67b776a240b3d87c,341
exercise_vigorous,621e2f1b67b776a240b3d87c,357
exercise_vigorous,621e2f1b67b776a240b3d87c,365
exercise_vigorous,621e2f1b67b776a240b3d87c,382
exercise_vigorous,621e2f1b67b776a240b3d87c,387
exercise_vigorous,621e2f1b67b776a240b3d87c,404
exercise_vigorous,621e2f1b67b776a240b3d87c,410
exercise_vigorous,621e2f1b67b776a240b3d87c,413
exercise_vigorous,621e2f1b67b776a240b3d87c,429
exercise_vigorous,621e2f1b67b776a240b3d87c,432
exercise_vigorous,621e2f1b67b776a240b3d87c,457
exercise_vigorous,621e2f1b67b776a240b3d87c,459
exercise_vigorous,621e2f1b67b776a240b3d87c,479
exercise_vigorous,621e2f1b67b776a240b3d87c,531
exercise_vigorous,621e2f1b67b776a240b3d87c,552
exercise_vigorous,621e2f1b67b776a240b3d87c,574
exercise_vigorous,621e2f1b67b776a240b3d87c,576
exercise_vigorous,621e2f1b67b776a240b3d87c,602
exercise_vigorous,621e2f1b67b776a240b3d87c,629
exercise_vigorous,621e2f1b67b776a240b3d87c,652
exercise_vigorous,621e2f1b67b776a240b3d87c,669
exercise_vigorous,621e2f1b67b776a240b3d87c,698
exercise_vigorous,621e2f1b67b776a240b3d87c,720
exercise_vigorous,621e2f1b67b776a240b3d87c,749
exercise_vigorous,621e2f1b67b776a240b3d87c,769
exercise_vigorous,621e2f1b67b776a240b3d87c,775
exercise_vigorous,621e2f1b67b776a240b3d87c,814
exercise_vigorous,621e2f1b67b776a240b3d87c,838
exercise_vigorous,621e2f1b67b776a240b3d87c,863
exercise_vigorous,621e2f1b67b776a240b3d87c,913
exercise_vigorous,621e2f1b67b776a240b3d87c,1027
exercise_vigorous,621e2f1b67b776a240b3d87c,1032
exercise_vigorous,621e2f1b67b776a240b3d87c,1051
exercise_vigorous,621e2f1b67b776a240b3d87c,1057
exercise_vigorous,621e2f1b67b776a240b3d87c,1079
exercise_vigorous,621e2f1b67b776a240b3d87c,1101
exercise_vigorous,621e2f1b67b776a240b3d87c,1111
exercise_vigorous,621e2f1b67b776a240b3d87c,1128
exercise_vigorous,621e2f1b67b776a240b3d87c,1177
exercise_vigorous,621e2f1b67b776a240b3d87c,1207
exercise_vigorous,621e2f1b67b776a240b3d87c,1225
exercise_vigorous,621e2f1b67b776a240b3d87c,1233
exercise_vigorous,621e2f1b67b776a240b3d87c,1274
exercise_vigorous,621e2f1b67b776a240b3d87c,1299
exercise_vigorous,621e2f1b67b776a240b3d87c,1317
exercise_vigorous,621e2f3967b776a240c654db,9
exercise_vigorous,621e2f3967b776a240c654db,23
exercise_vigorous,621e2f3967b776a240c654db,28
exercise_vigorous,621e2f3967b776a240c654db,33
exercise_vigorous,621e2f3967b776a240c654db,47
exercise_vigorous,621e2f3967b776a240c654db,52
exercise_vigorous,621e2f3967b776a240c654db,57
exercise_vigorous,621e2f3967b776a240c654db,72
exercise_vigorous,621e2f3967b776a240c654db,76
exercise_vigorous,621e2f3967b776a240c654db,81
exercise_vigorous,621e2f3967b776a240c654db,95
exercise_vigorous,621e2f3967b776a240c654db,100
exercise_vigorous,621e2f3967b776a240c654db,106
exercise_vigorous,621e2f3967b776a240c654db,122
exercise_vigorous,621e2f3967b776a240c654db,3
exercise_vigorous,621e2f3967b776a240c654db,6
exercise_vigorous,621e2f3967b776a240c654db,20
exercise_vigorous,621e2f3967b776a240c654db,27
exercise_vigorous,621e2f3967b776a240c654db,30
exercise_vigorous,621e2f3967b776a240c654db,43
exercise_vigorous,621e2f3967b776a240c654db,47
exercise_vigorous,621e2f3967b776a240c654db,54
exercise_vigorous,621e2f3967b776a240c654db,66
exercise_vigorous,621e2f3967b776a240c654db,71
exercise_vigorous,621e2f3967b776a240c654db,76
exercise_vigorous,621e2f3967b776a240c654db,91
exercise_vigorous,621e2f3967b776a240c654db,95
exercise_vigorous,621e2f3967b776a240c654db,100
exercise_vigorous,621e2f3967b776a240c654db,114
exercise_vigorous,621e2f3967b776a240c654db,119
exercise_vigorous,621e2f3967b776a240c654db,124
exercise_vigorous,621e2f3967b776a240c654db,138
exercise_vigorous,621e2f3967b776a240c654db,145
exercise_vigorous,621e2f3967b776a240c654db,148
exercise_vigorous,621e2f3967b776a240c654db,166
exercise_vigorous,621e2f3967b776a240c654db,171
exercise_vigorous,621e2f3967b776a240c654db,173
exercise_vigorous,621e2f3967b776a240c654db,14
exercise_vigorous,621e2f3967b776a240c654db,21
exercise_vigorous,621e2f3967b776a240c654db,36
exercise_vigorous,621e2f3967b776a240c654db,41
exercise_vigorous,621e2f3967b776a240c654db,46
exercise_vigorous,621e2f3967b776a240c654db,60
exercise_vigorous,621e2f3967b776a240c654db,65
exercise_vigorous,621e2f3967b776a240c654db,84
exercise_vigorous,621e2f3967b776a240c654db,89
exercise_vigorous,621e2f3967b776a240c654db,95
exercise_vigorous,621e2f3967b776a240c654db,108
exercise_vigorous,621e2f3967b776a240c654db,113
exercise_vigorous,621e2f3967b776a240c654db,3
exercise_vigorous,621e2f3967b776a240c654db,16
exercise_vigorous,621e2f3967b776a240c654db,21
exercise_vigorous,621e2f3967b776a240c654db,26
exercise_vigorous,621e2f3967b776a240c654db,42
exercise_vigorous,621e2f3967b776a240c654db,49
exercise_vigorous,621e2f3967b776a240c654db,51
exercise_vigorous,621e2f3967b776a240c654db,67
exercise_vigorous,621e2f3967b776a240c654db,72
exercise_vigorous,621e2f3967b776a240c654db,88
exercise_vigorous,621e2f3967b776a240c654db,93
exercise_vigorous,621e2f3967b776a240c654db,0
exercise_vigorous,621e2f3967b776a240c654db,16
exercise_vigorous,621e2f3967b776a240c654db,19
exercise_vigorous,621e2f3967b776a240c654db,25
exercise_vigorous,621e2f3967b776a240c654db,38
exercise_vigorous,621e2f3967b776a240c654db,43
exercise_vigorous,621e2f3967b776a240c654db,48
exercise_vigorous,621e2f3967b776a240c654db,62
exercise_vigorous,621e2f3967b776a240c654db,67
exercise_vigorous,621e2f3967b776a240c654db,72
exercise_vigorous,621e2f3967b776a240c654db,86
exercise_vigorous,621e2f3967b776a240c654db,95
exercise_vigorous,621e2f3967b776a240c654db,96
exercise_vigorous,621e2f3967b776a240c654db,114
exercise_vigorous,621e2f3967b776a240c654db,120
exercise_vigorous,621e2f3967b776a240c654db,0
exercise_vigorous,621e2f3967b776a240c654db,15
exercise_vigorous,621e2f3967b776a240c654db,22
exercise_vigorous,621e2f3967b776a240c654db,24
exercise_vigorous,621e2f3967b776a240c654db,39
exercise_vigorous,621e2f3967b776a240c654db,47
exercise_vigorous,621e2f3967b776a240c654db,62
exercise_vigorous,621e2f3967b776a240c654db,71
exercise_vigorous,621e2f3967b776a240c654db,85
exercise_vigorous,621e2f3967b776a240c654db,90
exercise_vigorous,621e2f3967b776a240c654db,95
exercise_vigorous,621e2f3967b776a240c654db,114
exercise_vigorous,621e2f3967b776a240c654db,119
exercise_vigorous,621e2f3967b776a240c654db,133
exercise_vigorous,621e2f3967b776a240c654db,144
exercise_vigorous,621e2f3967b776a240c654db,159
exercise_vigorous,621e2f3967b776a240c654db,166
exercise_vigorous,621e2f3967b776a240c654db,169
exercise_vigorous,621e2f3967b776a240c654db,183
exercise_vigorous,621e2f3967b776a240c654db,190
exercise_vigorous,621e2f3967b776a240c654db,193
exercise_vigorous,621e2f3967b776a240c654db,205
exercise_vigorous,621e2f3967b776a240c654db,214
exercise_vigorous,621e2f3967b776a240c654db,215
exercise_vigorous,621e2f3967b776a240c654db,232
exercise_vigorous,621e2f3967b776a240c654db,240
exercise_vigorous,621e2f3967b776a240c654db,253
exercise_vigorous,621e2f3967b776a240c654db,261
exercise_vigorous,621e2f3967b776a240c654db,279
exercise_vigorous,621e2f3967b776a240c654db,286
exercise_vigorous,621e2f3967b776a240c654db,288
exercise_vigorous,621e2f3967b776a240c654db,303
exercise_vigorous,621e2f3967b776a240c654db,310
exercise_vigorous,621e2f3967b776a240c654db,311
exercise_vigorous,621e2f3967b776a240c654db,328
exercise_vigorous,621e2f3967b776a240c654db,333
exercise_vigorous,621e2f3967b776a240c654db,337
exercise_vigorous,621e2f3967b776a240c654db,351
exercise_vigorous,621e2f3967b776a240c654db,361
exercise_vigorous,621e2f3967b776a240c654db,374
exercise_vigorous,621e2f3967b776a240c654db,382
exercise_vigorous,621e2f3967b776a240c654db,383
exercise_vigorous,621e2f3967b776a240c654db,399
exercise_vigorous,621e2f3967b776a240c654db,402
exercise_vigorous,621e2f3967b776a240c654db,407
exercise_vigorous,621e2f3967b776a240c654db,421
exercise_vigorous,621e2f3967b776a240c654db,430
exercise_vigorous,621e2f3967b776a240c654db,432
exercise_vigorous,621e2f3967b776a240c654db,445
exercise_vigorous,621e2f3967b776a240c654db,450
exercise_vigorous,621e2f3967b776a240c654db,455
exercise_vigorous,621e2f3967b776a240c654db,473
exercise_vigorous,621e2f3967b776a240c654db,480
exercise_vigorous,621e2f3967b776a240c654db,498
exercise_vigorous,621e2f3967b776a240c654db,504
exercise_vigorous,621e2f3967b776a240c654db,521
exercise_vigorous,621e2f3967b776a240c654db,527
exercise_vigorous,621e2f3967b776a240c654db,541
exercise_vigorous,621e2f3967b776a240c654db,553
exercise_vigorous,621e2f3967b776a240c654db,565
exercise_vigorous,621e2f3967b776a240c654db,570
exercise_vigorous,621e2f3967b776a240c654db,575
exercise_vigorous,621e2f3967b776a240c654db,589
exercise_vigorous,621e2f3967b776a240c654db,595
exercise_vigorous,621e2f3967b776a240c654db,600
exercise_vigorous,621e2f3967b776a240c654db,613
exercise_vigorous,621e2f3967b776a240c654db,618
exercise_vigorous,621e2f3967b776a240c654db,623
exercise_vigorous,621e2f3967b776a240c654db,637
exercise_vigorous,621e2f3967b776a240c654db,647
exercise_vigorous,621e2f3967b776a240c654db,663
exercise_vigorous,621e2f3967b776a240c654db,670
exercise_vigorous,621e2f3967b776a240c654db,673
exercise_vigorous,621e2f3967b776a240c654db,688
exercise_vigorous,621e2f3967b776a240c654db,696
exercise_vigorous,621e2f3967b776a240c654db,709
exercise_vigorous,621e2f3967b776a240c654db,714
exercise_vigorous,621e2f3967b776a240c654db,719
exercise_vigorous,621e2f3967b776a240c654db,735
exercise_vigorous,621e2f3967b776a240c654db,745
exercise_vigorous,621e2f3967b776a240c654db,757
exercise_vigorous,621e2f3967b776a240c654db,768
exercise_vigorous,621e2f3967b776a240c654db,786
exercise_vigorous,621e2f3967b776a240c654db,791
exercise_vigorous,621e2f3967b776a240c654db,806
exercise_vigorous,621e2f3967b776a240c654db,831
exercise_vigorous,621e2f3967b776a240c654db,841
exercise_vigorous,621e2f3967b776a240c654db,857
exercise_vigorous,621e2f3967b776a240c654db,866
exercise_vigorous,621e2f5767b776a240d8f9d6,23
exercise_vigorous,621e2f5767b776a240d8f9d6,28
exercise_vigorous,621e2f5767b776a240d8f9d6,43
exercise_vigorous,621e2f5767b776a240d8f9d6,47
exercise_vigorous,621e2f5767b776a240d8f9d6,54
exercise_vigorous,621e2f5767b776a240d8f9d6,69
exercise_vigorous,621e2f5767b776a240d8f9d6,71
exercise_vigorous,621e2f5767b776a240d8f9d6,19
exercise_vigorous,621e2f5767b776a240d8f9d6,21
exercise_vigorous,621e2f5767b776a240d8f9d6,26
exercise_vigorous,621e2f5767b776a240d8f9d6,44
exercise_vigorous,621e2f5767b776a240d8f9d6,50
exercise_vigorous,621e2f5767b776a240d8f9d6,51
exercise_vigorous,621e2f5767b776a240d8f9d6,68
exercise_vigorous,621e2f5767b776a240d8f9d6,76
exercise_vigorous,621e2f5767b776a240d8f9d6,89
exercise_vigorous,621e2f5767b776a240d8f9d6,94
exercise_vigorous,621e2f5767b776a240d8f9d6,98
exercise_vigorous,621e2f5767b776a240d8f9d6,112
exercise_vigorous,621e2f5767b776a240d8f9d6,138
exercise_vigorous,621e2f5767b776a240d8f9d6,144
exercise_vigorous,621e2f5767b776a240d8f9d6,167
exercise_vigorous,621e2f5767b776a240d8f9d6,237
exercise_vigorous,621e2f5767b776a240d8f9d6,257
exercise_vigorous,621e2f5767b776a240d8f9d6,264
exercise_vigorous,621e2f5767b776a240d8f9d6,267
exercise_vigorous,621e2f5767b776a240d8f9d6,283
exercise_vigorous,621e2f5767b776a240d8f9d6,285
exercise_vigorous,621e2f5767b776a240d8f9d6,290
exercise_vigorous,621e2f5767b776a240d8f9d6,307
exercise_vigorous,621e2f5767b776a240d8f9d6,309
exercise_vigorous,621e2f5767b776a240d8f9d6,316
exercise_vigorous,621e2f5767b776a240d8f9d6,330
exercise_vigorous,621e2f5767b776a240d8f9d6,338
exercise_vigorous,621e2f5767b776a240d8f9d6,352
exercise_vigorous,621e2f5767b776a240d8f9d6,358
exercise_vigorous,621e2f5767b776a240d8f9d6,363
exercise_vigorous,621e2f5767b776a240d8f9d6,382
exercise_vigorous,621e2f5767b776a240d8f9d6,402
exercise_vigorous,621e2f5767b776a240d8f9d6,412
exercise_vigorous,621e2f5767b776a240d8f9d6,430
exercise_vigorous,621e2f5767b776a240d8f9d6,454
exercise_vigorous,621e2f6167b776a240e082a9,22
exercise_vigorous,621e2f6167b776a240e082a9,24
exercise_vigorous,621e2f6167b776a240e082a9,27
exercise_vigorous,621e2f6167b776a240e082a9,33
exercise_vigorous,621e2f6167b776a240e082a9,1
exercise_vigorous,621e2f6167b776a240e082a9,5
exercise_vigorous,621e2f6167b776a240e082a9,11
exercise_vigorous,621e2f6167b776a240e082a9,24
exercise_vigorous,621e2f6167b776a240e082a9,29
exercise_vigorous,621e2f6167b776a240e082a9,34
exercise_vigorous,621e2f6167b776a240e082a9,48
exercise_vigorous,621e2f6167b776a240e082a9,3
exercise_vigorous,621e2f6167b776a240e082a9,8
exercise_vigorous,621e2f6167b776a240e082a9,1
exercise_vigorous,621e2f6167b776a240e082a9,9
exercise_vigorous,621e2f6167b776a240e082a9,12
exercise_vigorous,621e2f6167b776a240e082a9,28
exercise_vigorous,621e2f6167b776a240e082a9,35
exercise_vigorous,621e2f6167b776a240e082a9,48
exercise_vigorous,621e2f6167b776a240e082a9,52
exercise_vigorous,621e2f6167b776a240e082a9,58
exercise_vigorous,621e2f6167b776a240e082a9,71
exercise_vigorous,621e2f6167b776a240e082a9,76
exercise_vigorous,621e2f6167b776a240e082a9,82
exercise_vigorous,621e2f6167b776a240e082a9,1
exercise_vigorous,621e2f6167b776a240e082a9,5
exercise_vigorous,621e2f6167b776a240e082a9,10
exercise_vigorous,621e2f6167b776a240e082a9,24
exercise_vigorous,621e2f6167b776a240e082a9,29
exercise_vigorous,621e2f6167b776a240e082a9,35
exercise_vigorous,621e2f6167b776a240e082a9,48
exercise_vigorous,621e2f6167b776a240e082a9,55
exercise_vigorous,621e2f6167b776a240e082a9,61
exercise_vigorous,621e2f6167b776a240e082a9,74
exercise_vigorous,621e2f6167b776a240e082a9,80
exercise_vigorous,621e2f6167b776a240e082a9,84
exercise_vigorous,621e2f6167b776a240e082a9,99
exercise_vigorous,621e2f6167b776a240e082a9,105
exercise_vigorous,621e2f6167b776a240e082a9,108
exercise_vigorous,621e2f6167b776a240e082a9,121
exercise_vigorous,621e2f6167b776a240e082a9,3
exercise_vigorous,621e2f6167b776a240e082a9,9
exercise_vigorous,621e2f6167b776a240e082a9,22
exercise_vigorous,621e2f6167b776a240e082a9,27
exercise_vigorous,621e2f6167b776a240e082a9,32
exercise_vigorous,621e2f6167b776a240e082a9,1
exercise_vigorous,621e2f6167b776a240e082a9,5
exercise_vigorous,621e2f6167b776a240e082a9,10
exercise_vigorous,621e2f6167b776a240e082a9,24
exercise_vigorous,621e2f6167b776a240e082a9,29
exercise_vigorous,621e2f6167b776a240e082a9,34
exercise_vigorous,621e2f6167b776a240e082a9,48
exercise_vigorous,621e2f6167b776a240e082a9,4
exercise_vigorous,621e2f6167b776a240e082a9,7
exercise_vigorous,621e2f6167b776a240e082a9,70
exercise_vigorous,621e2f6167b776a240e082a9,76
exercise_vigorous,621e2f6167b776a240e082a9,81
exercise_vigorous,621e2f6167b776a240e082a9,95
exercise_vigorous,621e2f6167b776a240e082a9,100
exercise_vigorous,621e2f6167b776a240e082a9,104
exercise_vigorous,621e2f6167b776a240e082a9,119
exercise_vigorous,621e2f6167b776a240e082a9,71
exercise_vigorous,621e2f6167b776a240e082a9,76
exercise_vigorous,621e2f6167b776a240e082a9,82
exercise_vigorous,621e2f6167b776a240e082a9,96
exercise_vigorous,621e2f7a67b776a240f14425,2
exercise_vigorous,621e2f7a67b776a240f14425,16
exercise_vigorous,621e2f7a67b776a240f14425,22
exercise_vigorous,621e2f7a67b776a240f14425,26
exercise_vigorous,621e2f7a67b776a240f14425,40
exercise_vigorous,621e2f7a67b776a240f14425,45
exercise_vigorous,621e2f7a67b776a240f14425,2
exercise_vigorous,621e2f7a67b776a240f14425,16
exercise_vigorous,621e2f7a67b776a240f14425,21
exercise_vigorous,621e2f7a67b776a240f14425,1
exercise_vigorous,621e2f7a67b776a240f14425,15
exercise_vigorous,621e2f7a67b776a240f14425,21
exercise_vigorous,621e2f7a67b776a240f14425,25
exercise_vigorous,621e2f7a67b776a240f14425,9
exercise_vigorous,621e2f7a67b776a240f14425,10
exercise_vigorous,621e2f7a67b776a240f14425,1
exercise_vigorous,621e2f7a67b776a240f14425,4
exercise_vigorous,621e2f7a67b776a240f14425,0
exercise_vigorous,621e2f7a67b776a240f14425,12
exercise_vigorous,621e2f7a67b776a240f14425,17
exercise_vigorous,621e2f7a67b776a240f14425,3
exercise_vigorous,621e2f7a67b776a240f14425,12
exercise_vigorous,621e2f7a67b776a240f14425,17
exercise_vigorous,621e2f7a67b776a240f14425,1
exercise_vigorous,621e2f7a67b776a240f14425,15
exercise_vigorous,621e2f7a67b776a240f14425,22
exercise_vigorous,621e2f7a67b776a240f14425,12
exercise_vigorous,621e2f7a67b776a240f14425,17
exercise_vigorous,621e2f7a67b776a240f14425,2
exercise_vigorous,621e2f7a67b776a240f14425,2
exercise_vigorous,621e2f7a67b776a240f14425,8
exercise_vigorous,621e2f7a67b776a240f14425,13
exercise_vigorous,621e2f7a67b776a240f14425,3
exercise_vigorous,621e2f7a67b776a240f14425,0
exercise_vigorous,621e2f7a67b776a240f14425,3
exercise_vigorous,621e2f7a67b776a240f14425,8
exercise_vigorous,621e2f7a67b776a240f14425,19
exercise_vigorous,621e2f7a67b776a240f14425,24
exercise_vigorous,621e2f7a67b776a240f14425,29
exercise_vigorous,621e2f7a67b776a240f14425,43
exercise_vigorous,621e2f7a67b776a240f14425,1
exercise_vigorous,621e2f7a67b776a240f14425,3
exercise_vigorous,621e2f7a67b776a240f14425,17
exercise_vigorous,621e2f7a67b776a240f14425,22
exercise_vigorous,621e2f7a67b776a240f14425,3
exercise_vigorous,621e2f7a67b776a240f14425,15
exercise_vigorous,621e2f7a67b776a240f14425,20
exercise_vigorous,621e2f7a67b776a240f14425,25
exercise_vigorous,621e2f7a67b776a240f14425,39
exercise_vigorous,621e2f7a67b776a240f14425,44
exercise_vigorous,621e2f7a67b776a240f14425,49
exercise_vigorous,621e2f7a67b776a240f14425,3
exercise_vigorous,621e2f7a67b776a240f14425,4
exercise_vigorous,621e2f7a67b776a240f14425,23
exercise_vigorous,621e2f7a67b776a240f14425,28
exercise_vigorous,621e2f7a67b776a240f14425,33
exercise_vigorous,621e2f7a67b776a240f14425,47
exercise_vigorous,621e2f7a67b776a240f14425,52
exercise_vigorous,621e2f7a67b776a240f14425,2
exercise_vigorous,621e2f7a67b776a240f14425,14
exercise_vigorous,621e2f7a67b776a240f14425,19
exercise_vigorous,621e2f7a67b776a240f14425,2
exercise_vigorous,621e2f7a67b776a240f14425,16
exercise_vigorous,621e2f7a67b776a240f14425,2
exercise_vigorous,621e2f7a67b776a240f14425,2
exercise_vigorous,621e2f7a67b776a240f14425,7
exercise_vigorous,621e2f7a67b776a240f14425,0
exercise_vigorous,621e2f7a67b776a240f14425,2
exercise_vigorous,621e2f7a67b776a240f14425,2
exercise_vigorous,621e2f7a67b776a240f14425,0
exercise_vigorous,621e2f7a67b776a240f14425,2
exercise_vigorous,621e2f7a67b776a240f14425,15
exercise_vigorous,621e2f7a67b776a240f14425,21
exercise_vigorous,621e2f7a67b776a240f14425,3
exercise_vigorous,621e2f7a67b776a240f14425,17
exercise_vigorous,621e2f7a67b776a240f14425,23
exercise_vigorous,621e2f7a67b776a240f14425,26
exercise_vigorous,621e2f7a67b776a240f14425,40
exercise_vigorous,621e2f7a67b776a240f14425,45
exercise_vigorous,621e2f7a67b776a240f14425,2
exercise_vigorous,621e2f7a67b776a240f14425,16
exercise_vigorous,621e2f7a67b776a240f14425,21
exercise_vigorous,621e2f7a67b776a240f14425,28
exercise_vigorous,621e2f7a67b776a240f14425,40
exercise_vigorous,621e2f7a67b776a240f14425,48
exercise_vigorous,621e2f7a67b776a240f14425,50
exercise_vigorous,621e2f7a67b776a240f14425,66
exercise_vigorous,621e2f7a67b776a240f14425,2
exercise_vigorous,621e2f7a67b776a240f14425,5
exercise_vigorous,621e2f7a67b776a240f14425,2
exercise_vigorous,621e2f7a67b776a240f14425,3
exercise_vigorous,621e2f7a67b776a240f14425,7
exercise_vigorous,621e2f7a67b776a240f14425,19
exercise_vigorous,621e2f7a67b776a240f14425,24
exercise_vigorous,621e2f7a67b776a240f14425,4
exercise_vigorous,621e2f7a67b776a240f14425,16
exercise_vigorous,621e2f7a67b776a240f14425,21
exercise_vigorous,621e2f7a67b776a240f14425,26
exercise_vigorous,621e2f7a67b776a240f14425,40
exercise_vigorous,621e2f7a67b776a240f14425,45
exercise_vigorous,621e2f7a67b776a240f14425,50
exercise_vigorous,621e2f7a67b776a240f14425,64
exercise_vigorous,621e2f7a67b776a240f14425,69
exercise_vigorous,621e2f7a67b776a240f14425,74
exercise_vigorous,621e2f7a67b776a240f14425,88
exercise_vigorous,621e2f7a67b776a240f14425,114
exercise_vigorous,621e2f7a67b776a240f14425,121
exercise_vigorous,621e2f7a67b776a240f14425,126
exercise_vigorous,621e2f7a67b776a240f14425,138
exercise_vigorous,621e2f7a67b776a240f14425,0
exercise_vigorous,621e2f7a67b776a240f14425,3
exercise_vigorous,621e2f7a67b776a240f14425,21
exercise_vigorous,621e2f7a67b776a240f14425,29
exercise_vigorous,621e2f7a67b776a240f14425,40
exercise_vigorous,621e2f7a67b776a240f14425,46
exercise_vigorous,621e2f7a67b776a240f14425,3
exercise_vigorous,621e2f7a67b776a240f14425,16
exercise_vigorous,621e2f7a67b776a240f14425,21
exercise_vigorous,621e2f7a67b776a240f14425,28
exercise_vigorous,621e2f7a67b776a240f14425,40
exercise_vigorous,621e2f7a67b776a240f14425,47
exercise_vigorous,621e2f7a67b776a240f14425,52
exercise_vigorous,621e2f7a67b776a240f14425,2
exercise_vigorous,621e2f7a67b776a240f14425,8
exercise_vigorous,621e2f7a67b776a240f14425,18
exercise_vigorous,621e2f7a67b776a240f14425,26
exercise_vigorous,621e2f7a67b776a240f14425,28
exercise_vigorous,621e2f7a67b776a240f14425,4
exercise_vigorous,621e2f7a67b776a240f14425,8
exercise_vigorous,621e2f7a67b776a240f14425,10
exercise_vigorous,621e2f7a67b776a240f14425,7
exercise_vigorous,621e2f7a67b776a240f14425,2
exercise_vigorous,621e2f7a67b776a240f14425,4
exercise_vigorous,621e2f7a67b776a240f14425,3
exercise_vigorous,621e2f7a67b776a240f14425,6
exercise_vigorous,621e2f7a67b776a240f14425,20
exercise_vigorous,621e2f7a67b776a240f14425,25
exercise_vigorous,621e2f7a67b776a240f14425,31
exercise_vigorous,621e2f7a67b776a240f14425,44
exercise_vigorous,621e2f7a67b776a240f14425,49
exercise_vigorous,621e2f7a67b776a240f14425,1
exercise_vigorous,621e2f7a67b776a240f14425,3
exercise_vigorous,621e2f7a67b776a240f14425,2
exercise_vigorous,621e2f7a67b776a240f14425,16
exercise_vigorous,621e2f7a67b776a240f14425,4
exercise_vigorous,621e2f7a67b776a240f14425,6
exercise_vigorous,621e2f7a67b776a240f14425,19
exercise_vigorous,621e2f7a67b776a240f14425,24
exercise_vigorous,621e2f7a67b776a240f14425,3
exercise_vigorous,621e2f7a67b776a240f14425,16
exercise_vigorous,621e2f7a67b776a240f14425,21
exercise_vigorous,621e2f7a67b776a240f14425,27
exercise_vigorous,621e2f7a67b776a240f14425,40
exercise_vigorous,621e2f7a67b776a240f14425,45
exercise_vigorous,621e2f7a67b776a240f14425,51
exercise_vigorous,621e2f7a67b776a240f14425,64
exercise_vigorous,621e2f7a67b776a240f14425,69
exercise_vigorous,621e2f7a67b776a240f14425,74
exercise_vigorous,621e2f7a67b776a240f14425,88
exercise_vigorous,621e2f7a67b776a240f14425,121
exercise_vigorous,621e2f7a67b776a240f14425,124
exercise_vigorous,621e2f7a67b776a240f14425,138
exercise_vigorous,621e2f7a67b776a240f14425,0
exercise_vigorous,621e2f7a67b776a240f14425,4
exercise_vigorous,621e2f7a67b776a240f14425,2
exercise_vigorous,621e2f9167b776a240011ccb,1
exercise_vigorous,621e2f9167b776a240011ccb,3
exercise_vigorous,621e2f9167b776a240011ccb,16
exercise_vigorous,621e2f9167b776a240011ccb,21
exercise_vigorous,621e2f9167b776a240011ccb,26
exercise_vigorous,621e2f9167b776a240011ccb,40
exercise_vigorous,621e2f9167b776a240011ccb,46
exercise_vigorous,621e2f9167b776a240011ccb,50
exercise_vigorous,621e2f9167b776a240011ccb,65
exercise_vigorous,621e2f9167b776a240011ccb,71
exercise_vigorous,621e2f9167b776a240011ccb,74
exercise_vigorous,621e2f9167b776a240011ccb,89
exercise_vigorous,621e2f9167b776a240011ccb,94
exercise_vigorous,621e2f9167b776a240011ccb,98
exercise_vigorous,621e2f9167b776a240011ccb,112
exercise_vigorous,621e2f9167b776a240011ccb,117
exercise_vigorous,621e2f9167b776a240011ccb,122
exercise_vigorous,621e2f9167b776a240011ccb,138
exercise_vigorous,621e2f9167b776a240011ccb,163
exercise_vigorous,621e2f9167b776a240011ccb,169
exercise_vigorous,621e2f9167b776a240011ccb,185
exercise_vigorous,621e2f9167b776a240011ccb,191
exercise_vigorous,621e2f9167b776a240011ccb,194
exercise_vigorous,621e2f9167b776a240011ccb,208
exercise_vigorous,621e2f9167b776a240011ccb,213
exercise_vigorous,621e2f9167b776a240011ccb,220
exercise_vigorous,621e2f9167b776a240011ccb,235
exercise_vigorous,621e2f9167b776a240011ccb,238
exercise_vigorous,621e2f9167b776a240011ccb,242
exercise_vigorous,621e2f9167b776a240011ccb,257
exercise_vigorous,621e2f9167b776a240011ccb,262
exercise_vigorous,621e2f9167b776a240011ccb,280
exercise_vigorous,621e2f9167b776a240011ccb,285
exercise_vigorous,621e2f9167b776a240011ccb,290
exercise_vigorous,621e2f9167b776a240011ccb,306
exercise_vigorous,621e2f9167b776a240011ccb,312
exercise_vigorous,621e2f9167b776a240011ccb,316
exercise_vigorous,621e2f9167b776a240011ccb,331
exercise_vigorous,621e2f9167b776a240011ccb,336
exercise_vigorous,621e2f9167b776a240011ccb,340
exercise_vigorous,621e2f9167b776a240011ccb,352
exercise_vigorous,621e2f9167b776a240011ccb,357
exercise_vigorous,621e2f9167b776a240011ccb,364
exercise_vigorous,621e2f9167b776a240011ccb,377
exercise_vigorous,621e2f9167b776a240011ccb,383
exercise_vigorous,621e2f9167b776a240011ccb,387
exercise_vigorous,621e2f9167b776a240011ccb,401
exercise_vigorous,621e2f9167b776a240011ccb,406
exercise_vigorous,621e2f9167b776a240011ccb,410
exercise_vigorous,621e2f9167b776a240011ccb,429
exercise_vigorous,621e2f9167b776a240011ccb,434
exercise_vigorous,621e2f9167b776a240011ccb,449
exercise_vigorous,621e2f9167b776a240011ccb,454
exercise_vigorous,621e2f9167b776a240011ccb,459
exercise_vigorous,621e2f9167b776a240011ccb,475
exercise_vigorous,621e2f9167b776a240011ccb,480
exercise_vigorous,621e2f9167b776a240011ccb,484
exercise_vigorous,621e2f9167b776a240011ccb,499
exercise_vigorous,621e2f9167b776a240011ccb,508
exercise_vigorous,621e2f9167b776a240011ccb,520
exercise_vigorous,621e2f9167b776a240011ccb,526
exercise_vigorous,621e2f9167b776a240011ccb,530
exercise_vigorous,621e2f9167b776a240011ccb,545
exercise_vigorous,621e2f9167b776a240011ccb,549
exercise_vigorous,621e2f9167b776a240011ccb,554
exercise_vigorous,621e2f9167b776a240011ccb,574
exercise_vigorous,621e2f9167b776a240011ccb,578
exercise_vigorous,621e2f9167b776a240011ccb,593
exercise_vigorous,621e2f9167b776a240011ccb,600
exercise_vigorous,621e2f9167b776a240011ccb,605
exercise_vigorous,621e2f9167b776a240011ccb,616
exercise_vigorous,621e2f9167b776a240011ccb,621
exercise_vigorous,621e2f9167b776a240011ccb,626
exercise_vigorous,621e2f9167b776a240011ccb,643
exercise_vigorous,621e2f9167b776a240011ccb,648
exercise_vigorous,621e2f9167b776a240011ccb,668
exercise_vigorous,621e2f9167b776a240011ccb,672
exercise_vigorous,621e2f9167b776a240011ccb,676
exercise_vigorous,621e2f9167b776a240011ccb,693
exercise_vigorous,621e2f9167b776a240011ccb,698
exercise_vigorous,621e2f9167b776a240011ccb,714
exercise_vigorous,621e2f9167b776a240011ccb,719
exercise_vigorous,621e2f9167b776a240011ccb,723
exercise_vigorous,621e2f9167b776a240011ccb,740
exercise_vigorous,621e2f9167b776a240011ccb,743
exercise_vigorous,621e2f9167b776a240011ccb,749
exercise_vigorous,621e2f9167b776a240011ccb,761
exercise_vigorous,621e2f9167b776a240011ccb,766
exercise_vigorous,621e2f9167b776a240011ccb,771
exercise_vigorous,621e2f9167b776a240011ccb,785
exercise_vigorous,621e2f9167b776a240011ccb,790
exercise_vigorous,621e2f9167b776a240011ccb,795
exercise_vigorous,621e2f9167b776a240011ccb,810
exercise_vigorous,621e2f9167b776a240011ccb,818
exercise_vigorous,621e2f9167b776a240011ccb,820
exercise_vigorous,621e2f9167b776a240011ccb,856
exercise_vigorous,621e2f9167b776a240011ccb,863
exercise_vigorous,621e2f9167b776a240011ccb,866
exercise_vigorous,621e2f9167b776a240011ccb,885
exercise_vigorous,621e2f9167b776a240011ccb,893
exercise_vigorous,621e2f9167b776a240011ccb,904
exercise_vigorous,621e2f9167b776a240011ccb,911
exercise_vigorous,621e2f9167b776a240011ccb,915
exercise_vigorous,621e2f9167b776a240011ccb,928
exercise_vigorous,621e2f9167b776a240011ccb,934
exercise_vigorous,621e2f9167b776a240011ccb,940
exercise_vigorous,621e2f9167b776a240011ccb,952
exercise_vigorous,621e2f9167b776a240011ccb,957
exercise_vigorous,621e2f9167b776a240011ccb,963
exercise_vigorous,621e2f9167b776a240011ccb,978
exercise_vigorous,621e2f9167b776a240011ccb,985
exercise_vigorous,621e2f9167b776a240011ccb,989
exercise_vigorous,621e2f9167b776a240011ccb,1002
exercise_vigorous,621e2f9167b776a240011ccb,1012
exercise_vigorous,621e2f9167b776a240011ccb,1025
exercise_vigorous,621e2f9167b776a240011ccb,1036
exercise_vigorous,621e2f9167b776a240011ccb,1050
exercise_vigorous,621e2f9167b776a240011ccb,1053
exercise_vigorous,621e2f9167b776a240011ccb,1059
exercise_vigorous,621e2f9167b776a240011ccb,1073
exercise_vigorous,621e2f9167b776a240011ccb,1077
exercise_vigorous,621e2f9167b776a240011ccb,1083
exercise_vigorous,621e2f9167b776a240011ccb,1096
exercise_vigorous,621e2f9167b776a240011ccb,1103
exercise_vigorous,621e2f9167b776a240011ccb,1106
exercise_vigorous,621e2f9167b776a240011ccb,1123
exercise_vigorous,621e2f9167b776a240011ccb,1125
exercise_vigorous,621e2f9167b776a240011ccb,1133
exercise_vigorous,621e2f9167b776a240011ccb,1147
exercise_vigorous,621e2f9167b776a240011ccb,1152
exercise_vigorous,621e2f9167b776a240011ccb,1155
exercise_vigorous,621e2f9167b776a240011ccb,1173
exercise_vigorous,621e2f9167b776a240011ccb,1177
exercise_vigorous,621e2f9167b776a240011ccb,1179
exercise_vigorous,621e2f9167b776a240011ccb,1197
exercise_vigorous,621e2f9167b776a240011ccb,1204
exercise_vigorous,621e2f9167b776a240011ccb,1221
exercise_vigorous,621e2f9167b776a240011ccb,1229
exercise_vigorous,621e2f9167b776a240011ccb,1242
exercise_vigorous,621e2f9167b776a240011ccb,1251
exercise_vigorous,621e2f9167b776a240011ccb,1265
exercise_vigorous,621e2f9167b776a240011ccb,1270
exercise_vigorous,621e2f9167b776a240011ccb,1274
exercise_vigorous,621e2f9167b776a240011ccb,1289
exercise_vigorous,621e2f9167b776a240011ccb,1295
exercise_vigorous,621e2f9167b776a240011ccb,1299
exercise_vigorous,621e2f9167b776a240011ccb,1318
exercise_vigorous,621e2f9167b776a240011ccb,1323
exercise_vigorous,621e2f9167b776a240011ccb,1338
exercise_vigorous,621e2f9167b776a240011ccb,1344
exercise_vigorous,621e2f9167b776a240011ccb,1361
exercise_vigorous,621e2fb367b776a24015accd,0
exercise_vigorous,621e2fb367b776a24015accd,2
exercise_vigorous,621e2fb367b776a24015accd,0
exercise_vigorous,621e2fb367b776a24015accd,47
exercise_vigorous,621e2fb367b776a24015accd,49
exercise_vigorous,621e2fb367b776a24015accd,19
exercise_vigorous,621e2fb367b776a24015accd,23
exercise_vigorous,621e2fb367b776a24015accd,5
exercise_vigorous,621e2fb367b776a24015accd,18
exercise_vigorous,621e2fb367b776a24015accd,24
exercise_vigorous,621e2fb367b776a24015accd,28
exercise_vigorous,621e2fb367b776a24015accd,42
exercise_vigorous,621e2fb367b776a24015accd,47
exercise_vigorous,621e2fb367b776a24015accd,4
exercise_vigorous,621e2fb367b776a24015accd,19
exercise_vigorous,621e2fb367b776a24015accd,1
exercise_vigorous,621e2fb367b776a24015accd,5
exercise_vigorous,621e2fb367b776a24015accd,20
exercise_vigorous,621e2fb367b776a24015accd,26
exercise_vigorous,621e2fb367b776a24015accd,29
exercise_vigorous,621e2fb367b776a24015accd,2
exercise_vigorous,621e2fb367b776a24015accd,6
exercise_vigorous,621e2fb367b776a24015accd,10
exercise_vigorous,621e2fb367b776a24015accd,22
exercise_vigorous,621e2fb367b776a24015accd,27
exercise_vigorous,621e2fb367b776a24015accd,4
exercise_vigorous,621e2fb367b776a24015accd,18
exercise_vigorous,621e2fb367b776a24015accd,0
exercise_vigorous,621e2fb367b776a24015accd,5
exercise_vigorous,621e2fb367b776a24015accd,21
exercise_vigorous,621e2fb367b776a24015accd,24
exercise_vigorous,621e2fb367b776a24015accd,29
exercise_vigorous,621e2fb367b776a24015accd,44
exercise_vigorous,621e2fb367b776a24015accd,0
exercise_vigorous,621e2fb367b776a24015accd,5
exercise_vigorous,621e2fb367b776a24015accd,21
exercise_vigorous,621e2fb367b776a24015accd,24
exercise_vigorous,621e2fb367b776a24015accd,29
exercise_vigorous,621e2fb367b776a24015accd,45
exercise_vigorous,621e2fb367b776a24015accd,52
exercise_vigorous,621e2fb367b776a24015accd,56
exercise_vigorous,621e2fb367b776a24015accd,70
exercise_vigorous,621e2fb367b776a24015accd,75
exercise_vigorous,621e2fb367b776a24015accd,80
exercise_vigorous,621e2fb367b776a24015accd,91
exercise_vigorous,621e2fb367b776a24015accd,0
exercise_vigorous,621e2fb367b776a24015accd,3
exercise_vigorous,621e2fb367b776a24015accd,17
exercise_vigorous,621e2fb367b776a24015accd,22
exercise_vigorous,621e2fb367b776a24015accd,4
exercise_vigorous,621e2fb367b776a24015accd,18
exercise_vigorous,621e2fb367b776a24015accd,23
exercise_vigorous,621e2fb367b776a24015accd,4
exercise_vigorous,621e2fb367b776a24015accd,18
exercise_vigorous,621e2fb367b776a24015accd,23
exercise_vigorous,621e2fb367b776a24015accd,1
exercise_vigorous,621e2fb367b776a24015accd,0
exercise_vigorous,621e2fb367b776a24015accd,3
exercise_vigorous,621e2fb367b776a24015accd,0
exercise_vigorous,621e2fb367b776a24015accd,19
exercise_vigorous,621e2fb367b776a24015accd,59
exercise_vigorous,621e2fb367b776a24015accd,71
exercise_vigorous,621e2fb367b776a24015accd,84
exercise_vigorous,621e2fb367b776a24015accd,1
exercise_vigorous,621e2fb367b776a24015accd,1
exercise_vigorous,621e2fb367b776a24015accd,12
exercise_vigorous,621e2fb367b776a24015accd,19
exercise_vigorous,621e2fb367b776a24015accd,38
exercise_vigorous,621e2fb367b776a24015accd,41
exercise_vigorous,621e2fb367b776a24015accd,59
exercise_vigorous,621e2fb367b776a24015accd,64
exercise_vigorous,621e2fb367b776a24015accd,69
exercise_vigorous,621e2fb367b776a24015accd,85
exercise_vigorous,621e2fb367b776a24015accd,95
exercise_vigorous,621e2fb367b776a24015accd,109
exercise_vigorous,621e2fb367b776a24015accd,116
exercise_vigorous,621e2fb367b776a24015accd,134
exercise_vigorous,621e2fb367b776a24015accd,158
exercise_vigorous,621e2fb367b776a24015accd,162
exercise_vigorous,621e2fb367b776a24015accd,165
exercise_vigorous,621e2fb367b776a24015accd,179
exercise_vigorous,621e2fb367b776a24015accd,184
exercise_vigorous,621e2fb367b776a24015accd,19
exercise_vigorous,621e2fb367b776a24015accd,23
exercise_vigorous,621e2fb367b776a24015accd,4
exercise_vigorous,621e2fb367b776a24015accd,18
exercise_vigorous,621e2fb367b776a24015accd,23
exercise_vigorous,621e2fb367b776a24015accd,5
exercise_vigorous,621e2fb367b776a24015accd,20
exercise_vigorous,621e2fb367b776a24015accd,26
exercise_vigorous,621e2fb367b776a24015accd,30
exercise_vigorous,621e2fb367b776a24015accd,44
exercise_vigorous,621e2fb367b776a24015accd,53
exercise_vigorous,621e2fb367b776a24015accd,66
exercise_vigorous,621e2fb367b776a24015accd,71
exercise_vigorous,621e2fb367b776a24015accd,5
exercise_vigorous,621e2fb367b776a24015accd,18
exercise_vigorous,621e2fb367b776a24015accd,23
exercise_vigorous,621e2fb367b776a24015accd,4
exercise_vigorous,621e2fb367b776a24015accd,9
exercise_vigorous,621e2fb367b776a24015accd,15
exercise_vigorous,621e2fb367b776a24015accd,19
exercise_vigorous,621e2fb367b776a24015accd,33
exercise_vigorous,621e2fb367b776a24015accd,38
exercise_vigorous,621e2fb367b776a24015accd,43
exercise_vigorous,621e2fb367b776a24015accd,58
exercise_vigorous,621e2fb367b776a24015accd,62
exercise_vigorous,621e2fb367b776a24015accd,68
exercise_vigorous,621e2fb367b776a24015accd,85
exercise_vigorous,621e2fb367b776a24015accd,90
exercise_vigorous,621e2fb367b776a24015accd,93
exercise_vigorous,621e2fb367b776a24015accd,108
exercise_vigorous,621e2fb367b776a24015accd,115
exercise_vigorous,621e2fb367b776a24015accd,117
exercise_vigorous,621e2fb367b776a24015accd,130
exercise_vigorous,621e2fb367b776a24015accd,134
exercise_vigorous,621e2fb367b776a24015accd,4
exercise_vigorous,621e2fb367b776a24015accd,19
exercise_vigorous,621e2fb367b776a24015accd,23
exercise_vigorous,621e2fb367b776a24015accd,29
exercise_vigorous,621e2fb367b776a24015accd,42
exercise_vigorous,621e2fb367b776a24015accd,47
exercise_vigorous,621e2fb367b776a24015accd,0
exercise_vigorous,621e2fb367b776a24015accd,10
exercise_vigorous,621e2fb367b776a24015accd,16
exercise_vigorous,621e2fb367b776a24015accd,20
exercise_vigorous,621e2fb367b776a24015accd,34
exercise_vigorous,621e2fb367b776a24015accd,39
exercise_vigorous,621e2fb367b776a24015accd,63
exercise_vigorous,621e2fb367b776a24015accd,86
exercise_vigorous,621e2fb367b776a24015accd,106
exercise_vigorous,621e2fb367b776a24015accd,113
exercise_vigorous,621e2fb367b776a24015accd,131
exercise_vigorous,621e2fb367b776a24015accd,139
exercise_vigorous,621e2fb367b776a24015accd,155
exercise_vigorous,621e2fb367b776a24015accd,159
exercise_vigorous,621e2fb367b776a24015accd,0
exercise_vigorous,621e2fb367b776a24015accd,12
exercise_vigorous,621e2fb367b776a24015accd,3
exercise_vigorous,621e2fb367b776a24015accd,8
exercise_vigorous,621e2fb367b776a24015accd,17
exercise_vigorous,621e2fb367b776a24015accd,39
exercise_vigorous,621e2fb367b776a24015accd,62
exercise_vigorous,621e2fb367b776a24015accd,85
exercise_vigorous,621e2fce67b776a240279baa,1
exercise_vigorous,621e2fce67b776a240279baa,16
exercise_vigorous,621e2fce67b776a240279baa,22
exercise_vigorous,621e2fce67b776a240279baa,1
exercise_vigorous,621e2fce67b776a240279baa,15
exercise_vigorous,621e2fce67b776a240279baa,1
exercise_vigorous,621e2fce67b776a240279baa,15
exercise_vigorous,621e2fce67b776a240279baa,20
exercise_vigorous,621e2fce67b776a240279baa,27
exercise_vigorous,621e2fce67b776a240279baa,39
exercise_vigorous,621e2fce67b776a240279baa,50
exercise_vigorous,621e2fce67b776a240279baa,65
exercise_vigorous,621e2fce67b776a240279baa,72
exercise_vigorous,621e2fce67b776a240279baa,76
exercise_vigorous,621e2fce67b776a240279baa,4
exercise_vigorous,621e2fce67b776a240279baa,6
exercise_vigorous,621e2fce67b776a240279baa,10
exercise_vigorous,621e2fce67b776a240279baa,22
exercise_vigorous,621e2fce67b776a240279baa,28
exercise_vigorous,621e2fce67b776a240279baa,32
exercise_vigorous,621e2fce67b776a240279baa,46
exercise_vigorous,621e2fce67b776a240279baa,52
exercise_vigorous,621e2fce67b776a240279baa,56
exercise_vigorous,621e2fce67b776a240279baa,70
exercise_vigorous,621e2fce67b776a240279baa,77
exercise_vigorous,621e2fce67b776a240279baa,82
exercise_vigorous,621e2fce67b776a240279baa,95
exercise_vigorous,621e2fce67b776a240279baa,106
exercise_vigorous,621e2fce67b776a240279baa,119
exercise_vigorous,621e2fce67b776a240279baa,123
exercise_vigorous,621e2fce67b776a240279baa,128
exercise_vigorous,621e2fce67b776a240279baa,144
exercise_vigorous,621e2fce67b776a240279baa,151
exercise_vigorous,621e2fce67b776a240279baa,154
exercise_vigorous,621e2fce67b776a240279baa,175
exercise_vigorous,621e2fce67b776a240279baa,178
exercise_vigorous,621e2fce67b776a240279baa,190
exercise_vigorous,621e2fce67b776a240279baa,195
exercise_vigorous,621e2fce67b776a240279baa,201
exercise_vigorous,621e2fce67b776a240279baa,214
exercise_vigorous,621e2fce67b776a240279baa,219
exercise_vigorous,621e2fce67b776a240279baa,225
exercise_vigorous,621e2fce67b776a240279baa,238
exercise_vigorous,621e2fce67b776a240279baa,248
exercise_vigorous,621e2fce67b776a240279baa,262
exercise_vigorous,621e2fce67b776a240279baa,21
exercise_vigorous,621e2fce67b776a240279baa,27
exercise_vigorous,621e2fce67b776a240279baa,31
exercise_vigorous,621e2fce67b776a240279baa,46
exercise_vigorous,621e2fce67b776a240279baa,52
exercise_vigorous,621e2fce67b776a240279baa,56
exercise_vigorous,621e2fce67b776a240279baa,71
exercise_vigorous,621e2fce67b776a240279baa,77
exercise_vigorous,621e2fce67b776a240279baa,81
exercise_vigorous,621e2fce67b776a240279baa,92
exercise_vigorous,621e2fce67b776a240279baa,98
exercise_vigorous,621e2fce67b776a240279baa,103
exercise_vigorous,621e2fce67b776a240279baa,117
exercise_vigorous,621e2fce67b776a240279baa,121
exercise_vigorous,621e2fce67b776a240279baa,126
exercise_vigorous,621e2fce67b776a240279baa,140
exercise_vigorous,621e2fce67b776a240279baa,146
exercise_vigorous,621e2fce67b776a240279baa,164
exercise_vigorous,621e2fce67b776a240279baa,170
exercise_vigorous,621e2fce67b776a240279baa,175
exercise_vigorous,621e2fce67b776a240279baa,189
exercise_vigorous,621e2fce67b776a240279baa,196
exercise_vigorous,621e2fce67b776a240279baa,198
exercise_vigorous,621e2fce67b776a240279baa,214
exercise_vigorous,621e2fce67b776a240279baa,220
exercise_vigorous,621e2fce67b776a240279baa,238
exercise_vigorous,621e2fce67b776a240279baa,244
exercise_vigorous,621e2fce67b776a240279baa,248
exercise_vigorous,621e2fce67b776a240279baa,262
exercise_vigorous,621e2fce67b776a240279baa,265
exercise_vigorous,621e2fce67b776a240279baa,284
exercise_vigorous,621e2fce67b776a240279baa,290
exercise_vigorous,621e2fce67b776a240279baa,294
exercise_vigorous,621e2fce67b776a240279baa,308
exercise_vigorous,621e2fce67b776a240279baa,315
exercise_vigorous,621e2fce67b776a240279baa,332
exercise_vigorous,621e2fce67b776a240279baa,337
exercise_vigorous,621e2fce67b776a240279baa,342
exercise_vigorous,621e2fce67b776a240279baa,356
exercise_vigorous,621e2fce67b776a240279baa,361
exercise_vigorous,621e2fce67b776a240279baa,366
exercise_vigorous,621e2fce67b776a240279baa,382
exercise_vigorous,621e2fce67b776a240279baa,388
exercise_vigorous,621e2fce67b776a240279baa,393
exercise_vigorous,621e2fce67b776a240279baa,409
exercise_vigorous,621e2fce67b776a240279baa,417
exercise_vigorous,621e2fce67b776a240279baa,429
exercise_vigorous,621e2fce67b776a240279baa,437
exercise_vigorous,621e2fce67b776a240279baa,440
exercise_vigorous,621e2fce67b776a240279baa,452
exercise_vigorous,621e2fce67b776a240279baa,476
exercise_vigorous,621e2fce67b776a240279baa,482
exercise_vigorous,621e2fce67b776a240279baa,487
exercise_vigorous,621e2fce67b776a240279baa,500
exercise_vigorous,621e2fce67b776a240279baa,507
exercise_vigorous,621e2fce67b776a240279baa,512
exercise_vigorous,621e2fce67b776a240279baa,524
exercise_vigorous,621e2fce67b776a240279baa,529
exercise_vigorous,621e2fce67b776a240279baa,535
exercise_vigorous,621e2fce67b776a240279baa,550
exercise_vigorous,621e2fce67b776a240279baa,557
exercise_vigorous,621e2fce67b776a240279baa,561
exercise_vigorous,621e2fce67b776a240279baa,574
exercise_vigorous,621e2fce67b776a240279baa,580
exercise_vigorous,621e2fce67b776a240279baa,585
exercise_vigorous,621e2fce67b776a240279baa,596
exercise_vigorous,621e2fce67b776a240279baa,602
exercise_vigorous,621e2fce67b776a240279baa,607
exercise_vigorous,621e2fce67b776a240279baa,620
exercise_vigorous,621e2fce67b776a240279baa,627
exercise_vigorous,621e2fce67b776a240279baa,631
exercise_vigorous,621e2fce67b776a240279baa,644
exercise_vigorous,621e2fce67b776a240279baa,649
exercise_vigorous,621e2fce67b776a240279baa,655
exercise_vigorous,621e2fce67b776a240279baa,668
exercise_vigorous,621e2fce67b776a240279baa,674
exercise_vigorous,621e2fce67b776a240279baa,694
exercise_vigorous,621e2fce67b776a240279baa,702
exercise_vigorous,621e2fce67b776a240279baa,719
exercise_vigorous,621e2fce67b776a240279baa,727
exercise_vigorous,621e2fce67b776a240279baa,742
exercise_vigorous,621e2fce67b776a240279baa,749
exercise_vigorous,621e2fce67b776a240279baa,752
exercise_vigorous,621e2fce67b776a240279baa,765
exercise_vigorous,621e2fce67b776a240279baa,770
exercise_vigorous,621e2fce67b776a240279baa,795
exercise_vigorous,621e2fce67b776a240279baa,799
exercise_vigorous,621e2fce67b776a240279baa,813
exercise_vigorous,621e2fce67b776a240279baa,817
exercise_vigorous,621e2fce67b776a240279baa,862
exercise_vigorous,621e2fce67b776a240279baa,889
exercise_vigorous,621e2fce67b776a240279baa,892
exercise_vigorous,621e2fce67b776a240279baa,896
exercise_vigorous,621e2fce67b776a240279baa,910
exercise_vigorous,621e2fce67b776a240279baa,916
exercise_vigorous,621e2ff067b776a2403eb737,3
exercise_vigorous,621e2ff067b776a2403eb737,5
exercise_vigorous,621e2ff067b776a2403eb737,21
exercise_vigorous,621e2ff067b776a2403eb737,28
exercise_vigorous,621e2ff067b776a2403eb737,32
exercise_vigorous,621e2ff067b776a2403eb737,47
exercise_vigorous,621e2ff067b776a2403eb737,55
exercise_vigorous,621e2ff067b776a2403eb737,70
exercise_vigorous,621e2ff067b776a2403eb737,74
exercise_vigorous,621e2ff067b776a2403eb737,78
exercise_vigorous,621e2ff067b776a2403eb737,92
exercise_vigorous,621e2ff067b776a2403eb737,98
exercise_vigorous,621e2ff067b776a2403eb737,103
exercise_vigorous,621e2ff067b776a2403eb737,116
exercise_vigorous,621e2ff067b776a2403eb737,121
exercise_vigorous,621e2ff067b776a2403eb737,126
exercise_vigorous,621e2ff067b776a2403eb737,139
exercise_vigorous,621e2ff067b776a2403eb737,146
exercise_vigorous,621e2ff067b776a2403eb737,163
exercise_vigorous,621e2ff067b776a2403eb737,171
exercise_vigorous,621e2ff067b776a2403eb737,174
exercise_vigorous,621e2ff067b776a2403eb737,190
exercise_vigorous,621e2ff067b776a2403eb737,196
exercise_vigorous,621e2ff067b776a2403eb737,214
exercise_vigorous,621e2ff067b776a2403eb737,235
exercise_vigorous,621e2ff067b776a2403eb737,241
exercise_vigorous,621e2ff067b776a2403eb737,245
exercise_vigorous,621e2ff067b776a2403eb737,260
exercise_vigorous,621e2ff067b776a2403eb737,265
exercise_vigorous,621e2ff067b776a2403eb737,270
exercise_vigorous,621e2ff067b776a2403eb737,285
exercise_vigorous,621e2ff067b776a2403eb737,289
exercise_vigorous,621e2ff067b776a2403eb737,293
exercise_vigorous,621e2ff067b776a2403eb737,308
exercise_vigorous,621e2ff067b776a2403eb737,312
exercise_vigorous,621e2ff067b776a2403eb737,317
exercise_vigorous,621e2ff067b776a2403eb737,331
exercise_vigorous,621e2ff067b776a2403eb737,336
exercise_vigorous,621e2ff067b776a2403eb737,341
exercise_vigorous,621e2ff067b776a2403eb737,357
exercise_vigorous,621e2ff067b776a2403eb737,364
exercise_vigorous,621e2ff067b776a2403eb737,388
exercise_vigorous,621e2ff067b776a2403eb737,407
exercise_vigorous,621e2ff067b776a2403eb737,411
exercise_vigorous,621e2ff067b776a2403eb737,413
exercise_vigorous,621e2ff067b776a2403eb737,428
exercise_vigorous,621e2ff067b776a2403eb737,433
exercise_vigorous,621e2ff067b776a2403eb737,437
exercise_vigorous,621e2ff067b776a2403eb737,452
exercise_vigorous,621e2ff067b776a2403eb737,457
exercise_vigorous,621e2ff067b776a2403eb737,462
exercise_vigorous,621e2ff067b776a2403eb737,477
exercise_vigorous,621e2ff067b776a2403eb737,480
exercise_vigorous,621e2ff067b776a2403eb737,485
exercise_vigorous,621e2ff067b776a2403eb737,499
exercise_vigorous,621e2ff067b776a2403eb737,506
exercise_vigorous,621e2ff067b776a2403eb737,509
exercise_vigorous,621e2ff067b776a2403eb737,528
exercise_vigorous,621e2ff067b776a2403eb737,531
exercise_vigorous,621e2ff067b776a2403eb737,535
exercise_vigorous,621e2ff067b776a2403eb737,552
exercise_vigorous,621e2ff067b776a2403eb737,555
exercise_vigorous,621e2ff067b776a2403eb737,573
exercise_vigorous,621e2ff067b776a2403eb737,577
exercise_vigorous,621e2ff067b776a2403eb737,597
exercise_vigorous,621e2ff067b776a2403eb737,605
exercise_vigorous,621e2ff067b776a2403eb737,619
exercise_vigorous,621e2ff067b776a2403eb737,626
exercise_vigorous,621e2ff067b776a2403eb737,629
exercise_vigorous,621e2ff067b776a2403eb737,644
exercise_vigorous,621e2ff067b776a2403eb737,650
exercise_vigorous,621e2ff067b776a2403eb737,670
exercise_vigorous,621e2ff067b776a2403eb737,679
exercise_vigorous,621e2ff067b776a2403eb737,693
exercise_vigorous,621e2ff067b776a2403eb737,699
exercise_vigorous,621e2ff067b776a2403eb737,702
exercise_vigorous,621e2ff067b776a2403eb737,718
exercise_vigorous,621e2ff067b776a2403eb737,723
exercise_vigorous,621e2ff067b776a2403eb737,726
exercise_vigorous,621e2ff067b776a2403eb737,740
exercise_vigorous,621e2ff067b776a2403eb737,745
exercise_vigorous,621e2ff067b776a2403eb737,751
exercise_vigorous,621e2ff067b776a2403eb737,763
exercise_vigorous,621e2ff067b776a2403eb737,774
exercise_vigorous,621e2ff067b776a2403eb737,789
exercise_vigorous,621e2ff067b776a2403eb737,796
exercise_vigorous,621e2ff067b776a2403eb737,799
exercise_vigorous,621e2ff067b776a2403eb737,811
exercise_vigorous,621e2ff067b776a2403eb737,817
exercise_vigorous,621e2ff067b776a2403eb737,835
exercise_vigorous,621e2ff067b776a2403eb737,842
exercise_vigorous,621e2ff067b776a2403eb737,846
exercise_vigorous,621e2ff067b776a2403eb737,861
exercise_vigorous,621e2ff067b776a2403eb737,868
exercise_vigorous,621e2ff067b776a2403eb737,886
exercise_vigorous,621e2ff067b776a2403eb737,892
exercise_vigorous,621e2ff067b776a2403eb737,908
exercise_vigorous,621e2ff067b776a2403eb737,914
exercise_vigorous,621e2ff067b776a2403eb737,933
exercise_vigorous,621e2ff067b776a2403eb737,938
exercise_vigorous,621e2ff067b776a2403eb737,942
exercise_vigorous,621e2ff067b776a2403eb737,959
exercise_vigorous,621e2ff067b776a2403eb737,964
exercise_vigorous,621e2ff067b776a2403eb737,966
exercise_vigorous,621e2ff067b776a2403eb737,980
exercise_vigorous,621e2ff067b776a2403eb737,984
exercise_vigorous,621e2ff067b776a2403eb737,990
exercise_vigorous,621e2ff067b776a2403eb737,1006
exercise_vigorous,621e2ff067b776a2403eb737,1008
exercise_vigorous,621e2ff067b776a2403eb737,1056
exercise_vigorous,621e2ff067b776a2403eb737,1063
exercise_vigorous,621e2ff067b776a2403eb737,1077
exercise_vigorous,621e2ff067b776a2403eb737,1081
exercise_vigorous,621e2ff067b776a2403eb737,1085
exercise_vigorous,621e2ff067b776a2403eb737,1101
exercise_vigorous,621e2ff067b776a2403eb737,1107
exercise_vigorous,621e2ff067b776a2403eb737,1124
exercise_vigorous,621e2ff067b776a2403eb737,1130
exercise_vigorous,621e2ff067b776a2403eb737,1149
exercise_vigorous,621e2ff067b776a2403eb737,1156
exercise_vigorous,621e2ff067b776a2403eb737,1160
exercise_vigorous,621e2ff067b776a2403eb737,1172
exercise_vigorous,621e2ff067b776a2403eb737,1176
exercise_vigorous,621e2ff067b776a2403eb737,1200
exercise_vigorous,621e2ff067b776a2403eb737,1204
exercise_vigorous,621e300767b776a2404dc717,44
exercise_vigorous,621e301367b776a24057738e,16
exercise_vigorous,621e301367b776a24057738e,21
exercise_vigorous,621e301367b776a24057738e,89
exercise_vigorous,621e301367b776a24057738e,68
exercise_vigorous,621e301367b776a24057738e,67
exercise_vigorous,621e301367b776a24057738e,69
exercise_vigorous,621e301367b776a24057738e,74
exercise_vigorous,621e301367b776a24057738e,43
exercise_vigorous,621e301e67b776a240608a72,17
exercise_vigorous,621e301e67b776a240608a72,18
exercise_vigorous,621e301e67b776a240608a72,19
exercise_vigorous,621e301e67b776a240608a72,20
exercise_vigorous,621e301e67b776a240608a72,65
exercise_vigorous,621e301e67b776a240608a72,72
exercise_vigorous,621e301e67b776a240608a72,75
exercise_vigorous,621e301e67b776a240608a72,88
exercise_vigorous,621e301e67b776a240608a72,0
exercise_vigorous,621e301e67b776a240608a72,13
exercise_vigorous,621e301e67b776a240608a72,4
exercise_vigorous,621e301e67b776a240608a72,5
exercise_vigorous,621e301e67b776a240608a72,18
exercise_vigorous,621e301e67b776a240608a72,22
exercise_vigorous,621e301e67b776a240608a72,22
exercise_vigorous,621e301e67b776a240608a72,50
exercise_vigorous,621e301e67b776a240608a72,62
exercise_vigorous,621e301e67b776a240608a72,93
exercise_vigorous,621e301e67b776a240608a72,95
exercise_vigorous,621e301e67b776a240608a72,120
exercise_vigorous,621e301e67b776a240608a72,211
exercise_vigorous,621e301e67b776a240608a72,14
exercise_vigorous,621e301e67b776a240608a72,20
exercise_vigorous,621e301e67b776a240608a72,15
exercise_vigorous,621e301e67b776a240608a72,65
exercise_vigorous,621e301e67b776a240608a72,71
exercise_vigorous,621e301e67b776a240608a72,75
exercise_vigorous,621e301e67b776a240608a72,89
exercise_vigorous,621e301e67b776a240608a72,95
exercise_vigorous,621e301e67b776a240608a72,17
exercise_vigorous,621e301e67b776a240608a72,18
exercise_vigorous,621e301e67b776a240608a72,17
exercise_vigorous,621e301e67b776a240608a72,0
exercise_vigorous,621e301e67b776a240608a72,4
exercise_vigorous,621e301e67b776a240608a72,20
exercise_vigorous,621e301e67b776a240608a72,45
exercise_vigorous,621e301e67b776a240608a72,0
exercise_vigorous,621e301e67b776a240608a72,15
exercise_vigorous,621e301e67b776a240608a72,2689
exercise_vigorous,621e301e67b776a240608a72,2695
exercise_vigorous,621e301e67b776a240608a72,2712
exercise_vigorous,621e301e67b776a240608a72,2716
exercise_vigorous,621e301e67b776a240608a72,95
exercise_vigorous,621e301e67b776a240608a72,118
exercise_vigorous,621e301e67b776a240608a72,22
exercise_vigorous,621e301e67b776a240608a72,139
exercise_vigorous,621e301e67b776a240608a72,170
exercise_vigorous,621e301e67b776a240608a72,184
exercise_vigorous,621e301e67b776a240608a72,190
exercise_vigorous,621e301e67b776a240608a72,209
exercise_vigorous,621e309267b776a240ae1cdb,1
exercise_vigorous,621e309267b776a240ae1cdb,130
exercise_vigorous,621e309267b776a240ae1cdb,415
exercise_vigorous,621e309267b776a240ae1cdb,418
exercise_vigorous,621e309267b776a240ae1cdb,898
exercise_vigorous,621e309267b776a240ae1cdb,935
exercise_vigorous,621e309267b776a240ae1cdb,947
exercise_vigorous,621e309267b776a240ae1cdb,0
exercise_vigorous,621e309267b776a240ae1cdb,1
exercise_vigorous,621e30c867b776a240d4aa6c,13
exercise_vigorous,621e30c867b776a240d4aa6c,20
exercise_vigorous,621e30c867b776a240d4aa6c,24
exercise_vigorous,621e30c867b776a240d4aa6c,37
exercise_vigorous,621e30c867b776a240d4aa6c,42
exercise_vigorous,621e30c867b776a240d4aa6c,48
exercise_vigorous,621e30c867b776a240d4aa6c,61
exercise_vigorous,621e30c867b776a240d4aa6c,1
exercise_vigorous,621e30c867b776a240d4aa6c,13
exercise_vigorous,621e30c867b776a240d4aa6c,18
exercise_vigorous,621e30c867b776a240d4aa6c,46
exercise_vigorous,621e30c867b776a240d4aa6c,65
exercise_vigorous,621e30c867b776a240d4aa6c,69
exercise_vigorous,621e30c867b776a240d4aa6c,14
exercise_vigorous,621e30c867b776a240d4aa6c,37
exercise_vigorous,621e30c867b776a240d4aa6c,49
exercise_vigorous,621e30c867b776a240d4aa6c,62
exercise_vigorous,621e30c867b776a240d4aa6c,68
exercise_vigorous,621e30c867b776a240d4aa6c,86
exercise_vigorous,621e30c867b776a240d4aa6c,95
exercise_vigorous,621e30c867b776a240d4aa6c,109
exercise_vigorous,621e30c867b776a240d4aa6c,0
exercise_vigorous,621e30c867b776a240d4aa6c,20
exercise_vigorous,621e30c867b776a240d4aa6c,7
exercise_vigorous,621e30c867b776a240d4aa6c,13
exercise_vigorous,621e30c867b776a240d4aa6c,25
exercise_vigorous,621e30c867b776a240d4aa6c,32
exercise_vigorous,621e30c867b776a240d4aa6c,38
exercise_vigorous,621e30c867b776a240d4aa6c,49
exercise_vigorous,621e30c867b776a240d4aa6c,56
exercise_vigorous,621e30c867b776a240d4aa6c,1
exercise_vigorous,621e30c867b776a240d4aa6c,14
exercise_vigorous,621e30c867b776a240d4aa6c,20
exercise_vigorous,621e30c867b776a240d4aa6c,24
exercise_vigorous,621e30c867b776a240d4aa6c,40
exercise_vigorous,621e30c867b776a240d4aa6c,43
exercise_vigorous,621e30c867b776a240d4aa6c,48
exercise_vigorous,621e30c867b776a240d4aa6c,62
exercise_vigorous,621e30c867b776a240d4aa6c,72
exercise_vigorous,621e30c867b776a240d4aa6c,90
exercise_vigorous,621e30c867b776a240d4aa6c,98
exercise_vigorous,621e30c867b776a240d4aa6c,118
exercise_vigorous,621e30c867b776a240d4aa6c,134
exercise_vigorous,621e30c867b776a240d4aa6c,139
exercise_vigorous,621e30c867b776a240d4aa6c,145
exercise_vigorous,621e30c867b776a240d4aa6c,171
exercise_vigorous,621e30c867b776a240d4aa6c,185
exercise_vigorous,621e30c867b776a240d4aa6c,190
exercise_vigorous,621e30c867b776a240d4aa6c,192
exercise_vigorous,621e30c867b776a240d4aa6c,2
exercise_vigorous,621e30c867b776a240d4aa6c,1
exercise_vigorous,621e30c867b776a240d4aa6c,5
exercise_vigorous,621e30c867b776a240d4aa6c,16
exercise_vigorous,621e30c867b776a240d4aa6c,91
exercise_vigorous,621e30c867b776a240d4aa6c,17
exercise_vigorous,621e30c867b776a240d4aa6c,6
exercise_vigorous,621e30c867b776a240d4aa6c,19
exercise_vigorous,621e30c867b776a240d4aa6c,18
exercise_vigorous,621e30c867b776a240d4aa6c,41
exercise_vigorous,621e30c867b776a240d4aa6c,53
exercise_vigorous,621e30c867b776a240d4aa6c,69
exercise_vigorous,621e30c867b776a240d4aa6c,71
exercise_vigorous,621e30c867b776a240d4aa6c,76
exercise_vigorous,621e30c867b776a240d4aa6c,87
exercise_vigorous,621e30c867b776a240d4aa6c,92
exercise_vigorous,621e30c867b776a240d4aa6c,98
exercise_vigorous,621e30c867b776a240d4aa6c,113
exercise_vigorous,621e30c867b776a240d4aa6c,116
exercise_vigorous,621e30c867b776a240d4aa6c,142
exercise_vigorous,621e30c867b776a240d4aa6c,145
exercise_vigorous,621e30c867b776a240d4aa6c,159
exercise_vigorous,621e30c867b776a240d4aa6c,164
exercise_vigorous,621e30c867b776a240d4aa6c,2
exercise_vigorous,621e30c867b776a240d4aa6c,15
exercise_vigorous,621e30c867b776a240d4aa6c,20
exercise_vigorous,621e30c867b776a240d4aa6c,19
exercise_vigorous,621e30c867b776a240d4aa6c,26
exercise_vigorous,621e30c867b776a240d4aa6c,50
exercise_vigorous,621e30c867b776a240d4aa6c,62
exercise_vigorous,621e30c867b776a240d4aa6c,0
exercise_vigorous,621e30c867b776a240d4aa6c,16
exercise_vigorous,621e30c867b776a240d4aa6c,21
exercise_vigorous,621e30c867b776a240d4aa6c,2
exercise_vigorous,621e30c867b776a240d4aa6c,27
exercise_vigorous,621e30c867b776a240d4aa6c,51
exercise_vigorous,621e30c867b776a240d4aa6c,62
exercise_vigorous,621e30c867b776a240d4aa6c,89
exercise_vigorous,621e30c867b776a240d4aa6c,95
exercise_vigorous,621e30c867b776a240d4aa6c,99
exercise_vigorous,621e30c867b776a240d4aa6c,115
exercise_vigorous,621e30c867b776a240d4aa6c,135
exercise_vigorous,621e30c867b776a240d4aa6c,17
exercise_vigorous,621e30c867b776a240d4aa6c,26
exercise_vigorous,621e30c867b776a240d4aa6c,42
exercise_vigorous,621e30c867b776a240d4aa6c,52
exercise_vigorous,621e30c867b776a240d4aa6c,67
exercise_vigorous,621e30c867b776a240d4aa6c,5
exercise_vigorous,621e30c867b776a240d4aa6c,27
exercise_vigorous,621e30c867b776a240d4aa6c,43
exercise_vigorous,621e30c867b776a240d4aa6c,50
exercise_vigorous,621e30c867b776a240d4aa6c,52
exercise_vigorous,621e30c867b776a240d4aa6c,64
exercise_vigorous,621e30c867b776a240d4aa6c,74
exercise_vigorous,621e30c867b776a240d4aa6c,90
exercise_vigorous,621e30c867b776a240d4aa6c,4
exercise_vigorous,621e30c867b776a240d4aa6c,11
exercise_vigorous,621e30c867b776a240d4aa6c,16
exercise_vigorous,621e30c867b776a240d4aa6c,21
exercise_vigorous,621e30c867b776a240d4aa6c,35
exercise_vigorous,621e30c867b776a240d4aa6c,0
exercise_vigorous,621e30c867b776a240d4aa6c,3
exercise_vigorous,621e30c867b776a240d4aa6c,13
exercise_vigorous,621e30c867b776a240d4aa6c,17
exercise_vigorous,621e30c867b776a240d4aa6c,4
exercise_vigorous,621e30c867b776a240d4aa6c,20
exercise_vigorous,621e30c867b776a240d4aa6c,24
exercise_vigorous,621e30c867b776a240d4aa6c,29
exercise_vigorous,621e30c867b776a240d4aa6c,42
exercise_vigorous,621e30c867b776a240d4aa6c,67
exercise_vigorous,621e30e467b776a240e817c7,1
exercise_vigorous,621e30e467b776a240e817c7,15
exercise_vigorous,621e30e467b776a240e817c7,20
exercise_vigorous,621e30e467b776a240e817c7,25
exercise_vigorous,621e30e467b776a240e817c7,40
exercise_vigorous,621e30e467b776a240e817c7,49
exercise_vigorous,621e30e467b776a240e817c7,65
exercise_vigorous,621e30e467b776a240e817c7,70
exercise_vigorous,621e30e467b776a240e817c7,75
exercise_vigorous,621e30e467b776a240e817c7,7
exercise_vigorous,621e30e467b776a240e817c7,10
exercise_vigorous,621e30e467b776a240e817c7,29
exercise_vigorous,621e30e467b776a240e817c7,31
exercise_vigorous,621e30e467b776a240e817c7,48
exercise_vigorous,621e30e467b776a240e817c7,3
exercise_vigorous,621e30e467b776a240e817c7,15
exercise_vigorous,621e30e467b776a240e817c7,20
exercise_vigorous,621e30e467b776a240e817c7,25
exercise_vigorous,621e30e467b776a240e817c7,39
exercise_vigorous,621e30e467b776a240e817c7,49
exercise_vigorous,621e30e467b776a240e817c7,64
exercise_vigorous,621e30e467b776a240e817c7,3
exercise_vigorous,621e30e467b776a240e817c7,14
exercise_vigorous,621e30e467b776a240e817c7,20
exercise_vigorous,621e30e467b776a240e817c7,24
exercise_vigorous,621e30e467b776a240e817c7,42
exercise_vigorous,621e30e467b776a240e817c7,51
exercise_vigorous,621e30e467b776a240e817c7,6
exercise_vigorous,621e30e467b776a240e817c7,23
exercise_vigorous,621e30e467b776a240e817c7,34
exercise_vigorous,621e30e467b776a240e817c7,53
exercise_vigorous,621e30e467b776a240e817c7,72
exercise_vigorous,621e30e467b776a240e817c7,2
exercise_vigorous,621e30e467b776a240e817c7,15
exercise_vigorous,621e30e467b776a240e817c7,5
exercise_vigorous,621e30e467b776a240e817c7,8
exercise_vigorous,621e30e467b776a240e817c7,28
exercise_vigorous,621e30e467b776a240e817c7,34
exercise_vigorous,621e30e467b776a240e817c7,49
exercise_vigorous,621e30e467b776a240e817c7,101
exercise_vigorous,621e30e467b776a240e817c7,1
exercise_vigorous,621e30e467b776a240e817c7,48
exercise_vigorous,621e30e467b776a240e817c7,51
exercise_vigorous,621e30e467b776a240e817c7,65
exercise_vigorous,621e30e467b776a240e817c7,89
exercise_vigorous,621e30e467b776a240e817c7,163
exercise_vigorous,621e30e467b776a240e817c7,23
exercise_vigorous,621e30e467b776a240e817c7,68
exercise_vigorous,621e30e467b776a240e817c7,149
exercise_vigorous,621e30e467b776a240e817c7,169
exercise_vigorous,621e30e467b776a240e817c7,222
exercise_vigorous,621e30e467b776a240e817c7,362
exercise_vigorous,621e30e467b776a240e817c7,381
exercise_vigorous,621e30e467b776a240e817c7,404
exercise_vigorous,621e30e467b776a240e817c7,428
exercise_vigorous,621e30e467b776a240e817c7,18
exercise_vigorous,621e30e467b776a240e817c7,119
exercise_vigorous,621e30e467b776a240e817c7,142
exercise_vigorous,621e30e467b776a240e817c7,185
exercise_vigorous,621e30f467b776a240f22944,30
exercise_vigorous,621e30f467b776a240f22944,31
exercise_vigorous,621e30f467b776a240f22944,45
exercise_vigorous,621e30f467b776a240f22944,49
exercise_vigorous,621e30f467b776a240f22944,54
exercise_vigorous,621e30f467b776a240f22944,68
exercise_vigorous,621e30f467b776a240f22944,75
exercise_vigorous,621e30f467b776a240f22944,78
exercise_vigorous,621e30f467b776a240f22944,93
exercise_vigorous,621e30f467b776a240f22944,104
exercise_vigorous,621e30f467b776a240f22944,117
exercise_vigorous,621e30f467b776a240f22944,121
exercise_vigorous,621e30f467b776a240f22944,4
exercise_vigorous,621e30f467b776a240f22944,15
exercise_vigorous,621e30f467b776a240f22944,21
exercise_vigorous,621e30f467b776a240f22944,26
exercise_vigorous,621e30f467b776a240f22944,66
exercise_vigorous,621e30f467b776a240f22944,72
exercise_vigorous,621e30f467b776a240f22944,87
exercise_vigorous,621e30f467b776a240f22944,93
exercise_vigorous,621e30f467b776a240f22944,100
exercise_vigorous,621e30f467b776a240f22944,117
exercise_vigorous,621e30f467b776a240f22944,122
exercise_vigorous,621e30f467b776a240f22944,135
exercise_vigorous,621e30f467b776a240f22944,140
exercise_vigorous,621e30f467b776a240f22944,147
exercise_vigorous,621e30f467b776a240f22944,159
exercise_vigorous,621e30f467b776a240f22944,1
exercise_vigorous,621e30f467b776a240f22944,15
exercise_vigorous,621e30f467b776a240f22944,20
exercise_vigorous,621e30f467b776a240f22944,42
exercise_vigorous,621e30f467b776a240f22944,49
exercise_vigorous,621e30f467b776a240f22944,66
exercise_vigorous,621e30f467b776a240f22944,77
exercise_vigorous,621e30f467b776a240f22944,93
exercise_vigorous,621e30f467b776a240f22944,116
exercise_vigorous,621e30f467b776a240f22944,136
exercise_vigorous,621e30f467b776a240f22944,141
exercise_vigorous,621e30f467b776a240f22944,145
exercise_vigorous,621e30f467b776a240f22944,161
exercise_vigorous,621e30f467b776a240f22944,167
exercise_vigorous,621e30f467b776a240f22944,2
exercise_vigorous,621e30f467b776a240f22944,16
exercise_vigorous,621e30f467b776a240f22944,28
exercise_vigorous,621e30f467b776a240f22944,2
exercise_vigorous,621e30f467b776a240f22944,6
exercise_vigorous,621e30f467b776a240f22944,11
exercise_vigorous,621e30f467b776a240f22944,32
exercise_vigorous,621e30f467b776a240f22944,49
exercise_vigorous,621e30f467b776a240f22944,59
exercise_vigorous,621e30f467b776a240f22944,70
exercise_vigorous,621e30f467b776a240f22944,78
exercise_vigorous,621e30f467b776a240f22944,94
exercise_vigorous,621e30f467b776a240f22944,101
exercise_vigorous,621e30f467b776a240f22944,104
exercise_vigorous,621e30f467b776a240f22944,118
exercise_vigorous,621e30f467b776a240f22944,131
exercise_vigorous,621e30f467b776a240f22944,145
exercise_vigorous,621e30f467b776a240f22944,148
exercise_vigorous,621e30f467b776a240f22944,175
exercise_vigorous,621e30f467b776a240f22944,177
exercise_vigorous,621e30f467b776a240f22944,192
exercise_vigorous,621e30f467b776a240f22944,214
exercise_vigorous,621e30f467b776a240f22944,220
exercise_vigorous,621e30f467b776a240f22944,239
exercise_vigorous,621e30f467b776a240f22944,243
exercise_vigorous,621e30f467b776a240f22944,250
exercise_vigorous,621e30f467b776a240f22944,262
exercise_vigorous,621e30f467b776a240f22944,272
exercise_vigorous,621e30f467b776a240f22944,286
exercise_vigorous,621e30f467b776a240f22944,291
exercise_vigorous,621e30f467b776a240f22944,310
exercise_vigorous,621e30f467b776a240f22944,322
exercise_vigorous,621e30f467b776a240f22944,338
exercise_vigorous,621e30f467b776a240f22944,343
exercise_vigorous,621e30f467b776a240f22944,346
exercise_vigorous,621e30f467b776a240f22944,360
exercise_vigorous,621e30f467b776a240f22944,384
exercise_vigorous,621e30f467b776a240f22944,388
exercise_vigorous,621e30f467b776a240f22944,406
exercise_vigorous,621e30f467b776a240f22944,413
exercise_vigorous,621e30f467b776a240f22944,6
exercise_vigorous,621e30f467b776a240f22944,20
exercise_vigorous,621e30f467b776a240f22944,28
exercise_vigorous,621e30f467b776a240f22944,42
exercise_vigorous,621e30f467b776a240f22944,51
exercise_vigorous,621e30f467b776a240f22944,66
exercise_vigorous,621e30f467b776a240f22944,71
exercise_vigorous,621e30f467b776a240f22944,5
exercise_vigorous,621e30f467b776a240f22944,11
exercise_vigorous,621e30f467b776a240f22944,18
exercise_vigorous,621e30f467b776a240f22944,39
exercise_vigorous,621e30f467b776a240f22944,58
exercise_vigorous,621e30f467b776a240f22944,61
exercise_vigorous,621e30f467b776a240f22944,69
exercise_vigorous,621e30f467b776a240f22944,83
exercise_vigorous,621e30f467b776a240f22944,86
exercise_vigorous,621e30f467b776a240f22944,17
exercise_vigorous,621e30f467b776a240f22944,21
exercise_vigorous,621e30f467b776a240f22944,41
exercise_vigorous,621e30f467b776a240f22944,44
exercise_vigorous,621e30f467b776a240f22944,52
exercise_vigorous,621e30f467b776a240f22944,4
exercise_vigorous,621e30f467b776a240f22944,11
exercise_vigorous,621e30f467b776a240f22944,23
exercise_vigorous,621e312a67b776a240164d59,691
exercise_vigorous,621e312a67b776a240164d59,696
exercise_vigorous,621e312a67b776a240164d59,703
exercise_vigorous,621e312a67b776a240164d59,715
exercise_vigorous,621e312a67b776a240164d59,720
exercise_vigorous,621e312a67b776a240164d59,725
exercise_vigorous,621e312a67b776a240164d59,739
exercise_vigorous,621e312a67b776a240164d59,744
exercise_vigorous,621e312a67b776a240164d59,749
exercise_vigorous,621e312a67b776a240164d59,763
exercise_vigorous,621e312a67b776a240164d59,768
exercise_vigorous,621e312a67b776a240164d59,773
exercise_vigorous,621e312a67b776a240164d59,787
exercise_vigorous,621e312a67b776a240164d59,797
exercise_vigorous,621e312a67b776a240164d59,5
exercise_vigorous,621e312a67b776a240164d59,9
exercise_vigorous,621e312a67b776a240164d59,26
exercise_vigorous,621e312a67b776a240164d59,29
exercise_vigorous,621e312a67b776a240164d59,34
exercise_vigorous,621e312a67b776a240164d59,48
exercise_vigorous,621e312a67b776a240164d59,53
exercise_vigorous,621e312a67b776a240164d59,61
exercise_vigorous,621e312a67b776a240164d59,74
exercise_vigorous,621e312a67b776a240164d59,79
exercise_vigorous,621e312a67b776a240164d59,96
exercise_vigorous,621e312a67b776a240164d59,103
exercise_vigorous,621e312a67b776a240164d59,108
exercise_vigorous,621e312a67b776a240164d59,123
exercise_vigorous,621e312a67b776a240164d59,146
exercise_vigorous,621e312a67b776a240164d59,152
exercise_vigorous,621e312a67b776a240164d59,157
exercise_vigorous,621e312a67b776a240164d59,222
exercise_vigorous,621e312a67b776a240164d59,242
exercise_vigorous,621e312a67b776a240164d59,295
exercise_vigorous,621e312a67b776a240164d59,325
exercise_vigorous,621e312a67b776a240164d59,360
exercise_vigorous,621e312a67b776a240164d59,370
exercise_vigorous,621e312a67b776a240164d59,385
exercise_vigorous,621e312a67b776a240164d59,389
exercise_vigorous,621e312a67b776a240164d59,395
exercise_vigorous,621e312a67b776a240164d59,408
exercise_vigorous,621e312a67b776a240164d59,434
exercise_vigorous,621e312a67b776a240164d59,444
exercise_vigorous,621e312a67b776a240164d59,457
exercise_vigorous,621e312a67b776a240164d59,462
exercise_vigorous,621e312a67b776a240164d59,490
exercise_vigorous,621e312a67b776a240164d59,507
exercise_vigorous,621e312a67b776a240164d59,514
exercise_vigorous,621e312a67b776a240164d59,517
exercise_vigorous,621e312a67b776a240164d59,529
exercise_vigorous,621e312a67b776a240164d59,552
exercise_vigorous,621e312a67b776a240164d59,557
exercise_vigorous,621e312a67b776a240164d59,576
exercise_vigorous,621e312a67b776a240164d59,581
exercise_vigorous,621e312a67b776a240164d59,587
exercise_vigorous,621e312a67b776a240164d59,600
exercise_vigorous,621e312a67b776a240164d59,607
exercise_vigorous,621e312a67b776a240164d59,611
exercise_vigorous,621e312a67b776a240164d59,624
exercise_vigorous,621e312a67b776a240164d59,631
exercise_vigorous,621e312a67b776a240164d59,653
exercise_vigorous,621e312a67b776a240164d59,658
exercise_vigorous,621e312a67b776a240164d59,674
exercise_vigorous,621e312a67b776a240164d59,681
exercise_vigorous,621e312a67b776a240164d59,698
exercise_vigorous,621e312a67b776a240164d59,701
exercise_vigorous,621e312a67b776a240164d59,720
exercise_vigorous,621e312a67b776a240164d59,725
exercise_vigorous,621e312a67b776a240164d59,730
exercise_vigorous,621e312a67b776a240164d59,864
exercise_vigorous,621e312a67b776a240164d59,870
exercise_vigorous,621e312a67b776a240164d59,874
exercise_vigorous,621e312a67b776a240164d59,888
exercise_vigorous,621e312a67b776a240164d59,893
exercise_vigorous,621e312a67b776a240164d59,898
exercise_vigorous,621e312a67b776a240164d59,912
exercise_vigorous,621e312a67b776a240164d59,918
exercise_vigorous,621e312a67b776a240164d59,936
exercise_vigorous,621e312a67b776a240164d59,941
exercise_vigorous,621e312a67b776a240164d59,990
exercise_vigorous,621e312a67b776a240164d59,1032
exercise_vigorous,621e312a67b776a240164d59,1057
exercise_vigorous,621e312a67b776a240164d59,1085
exercise_vigorous,621e312a67b776a240164d59,1107
exercise_vigorous,621e312a67b776a240164d59,1131
exercise_vigorous,621e312a67b776a240164d59,1181
exercise_vigorous,621e312a67b776a240164d59,1228
exercise_vigorous,621e312a67b776a240164d59,1253
exercise_vigorous,621e312a67b776a240164d59,1274
exercise_vigorous,621e312a67b776a240164d59,1302
exercise_vigorous,621e314867b776a24029ebf9,1
exercise_vigorous,621e314867b776a24029ebf9,8
exercise_vigorous,621e314867b776a24029ebf9,10
exercise_vigorous,621e314867b776a24029ebf9,3
exercise_vigorous,621e314867b776a24029ebf9,40
exercise_vigorous,621e314867b776a24029ebf9,20
exercise_vigorous,621e314867b776a24029ebf9,30
exercise_vigorous,621e314867b776a24029ebf9,67
exercise_vigorous,621e314867b776a24029ebf9,97
exercise_vigorous,621e314867b776a24029ebf9,147
exercise_vigorous,621e314867b776a24029ebf9,187
exercise_vigorous,621e322367b776a240e44e9b,6
exercise_vigorous,621e322367b776a240e44e9b,9
exercise_vigorous,621e322367b776a240e44e9b,14
exercise_vigorous,621e322367b776a240e44e9b,2
exercise_vigorous,621e322367b776a240e44e9b,7
exercise_vigorous,621e322367b776a240e44e9b,26
exercise_vigorous,621e322367b776a240e44e9b,38
exercise_vigorous,621e322367b776a240e44e9b,51
exercise_vigorous,621e322367b776a240e44e9b,63
exercise_vigorous,621e322367b776a240e44e9b,77
exercise_vigorous,621e322367b776a240e44e9b,100
exercise_vigorous,621e322367b776a240e44e9b,108
exercise_vigorous,621e322367b776a240e44e9b,110
exercise_vigorous,621e322367b776a240e44e9b,2
exercise_vigorous,621e322367b776a240e44e9b,3
exercise_vigorous,621e322367b776a240e44e9b,8
exercise_vigorous,621e322367b776a240e44e9b,14
exercise_vigorous,621e322367b776a240e44e9b,1
exercise_vigorous,621e322367b776a240e44e9b,6
exercise_vigorous,621e322367b776a240e44e9b,12
exercise_vigorous,621e322367b776a240e44e9b,25
exercise_vigorous,621e322367b776a240e44e9b,30
exercise_vigorous,621e322367b776a240e44e9b,35
exercise_vigorous,621e322367b776a240e44e9b,2
exercise_vigorous,621e322367b776a240e44e9b,7
exercise_vigorous,621e322367b776a240e44e9b,12
exercise_vigorous,621e322367b776a240e44e9b,28
exercise_vigorous,621e322367b776a240e44e9b,34
exercise_vigorous,621e322367b776a240e44e9b,53
exercise_vigorous,621e322367b776a240e44e9b,59
exercise_vigorous,621e322367b776a240e44e9b,62
exercise_vigorous,621e322367b776a240e44e9b,2
exercise_vigorous,621e322367b776a240e44e9b,3
exercise_vigorous,621e322367b776a240e44e9b,8
exercise_vigorous,621e322367b776a240e44e9b,14
exercise_vigorous,621e322367b776a240e44e9b,3
exercise_vigorous,621e322367b776a240e44e9b,7
exercise_vigorous,621e322367b776a240e44e9b,12
exercise_vigorous,621e322367b776a240e44e9b,33
exercise_vigorous,621e322367b776a240e44e9b,37
exercise_vigorous,621e322367b776a240e44e9b,2
exercise_vigorous,621e322367b776a240e44e9b,29
exercise_vigorous,621e322367b776a240e44e9b,34
exercise_vigorous,621e322367b776a240e44e9b,39
exercise_vigorous,621e322367b776a240e44e9b,53
exercise_vigorous,621e322367b776a240e44e9b,58
exercise_vigorous,621e322367b776a240e44e9b,3
exercise_vigorous,621e322367b776a240e44e9b,7
exercise_vigorous,621e322367b776a240e44e9b,13
exercise_vigorous,621e322367b776a240e44e9b,27
exercise_vigorous,621e322367b776a240e44e9b,31
exercise_vigorous,621e322367b776a240e44e9b,36
exercise_vigorous,621e322367b776a240e44e9b,1
exercise_vigorous,621e322367b776a240e44e9b,6
exercise_vigorous,621e322367b776a240e44e9b,11
exercise_vigorous,621e322367b776a240e44e9b,26
exercise_vigorous,621e322367b776a240e44e9b,30
exercise_vigorous,621e322367b776a240e44e9b,35
exercise_vigorous,621e322367b776a240e44e9b,2
exercise_vigorous,621e322367b776a240e44e9b,8
exercise_vigorous,621e322367b776a240e44e9b,2
exercise_vigorous,621e322367b776a240e44e9b,16
exercise_vigorous,621e322367b776a240e44e9b,23
exercise_vigorous,621e322367b776a240e44e9b,42
exercise_vigorous,621e322367b776a240e44e9b,46
exercise_vigorous,621e322367b776a240e44e9b,50
exercise_vigorous,621e322367b776a240e44e9b,2
exercise_vigorous,621e322367b776a240e44e9b,6
exercise_vigorous,621e322367b776a240e44e9b,11
exercise_vigorous,621e322367b776a240e44e9b,7
exercise_vigorous,621e322367b776a240e44e9b,8
exercise_vigorous,621e322367b776a240e44e9b,13
exercise_vigorous,621e322367b776a240e44e9b,2
exercise_vigorous,621e322367b776a240e44e9b,7
exercise_vigorous,621e322367b776a240e44e9b,107
exercise_vigorous,621e322367b776a240e44e9b,128
exercise_vigorous,621e322367b776a240e44e9b,133
exercise_vigorous,621e322367b776a240e44e9b,3
exercise_vigorous,621e322367b776a240e44e9b,1
exercise_vigorous,621e322367b776a240e44e9b,16
exercise_vigorous,621e322367b776a240e44e9b,21
exercise_vigorous,621e322367b776a240e44e9b,25
exercise_vigorous,621e323667b776a240f19134,17
exercise_vigorous,621e323667b776a240f19134,22
exercise_vigorous,621e323667b776a240f19134,28
exercise_vigorous,621e323667b776a240f19134,42
exercise_vigorous,621e323667b776a240f19134,46
exercise_vigorous,621e323667b776a240f19134,51
exercise_vigorous,621e323667b776a240f19134,65
exercise_vigorous,621e323667b776a240f19134,70
exercise_vigorous,621e323667b776a240f19134,75
exercise_vigorous,621e323667b776a240f19134,13
exercise_vigorous,621e323667b776a240f19134,18
exercise_vigorous,621e323667b776a240f19134,23
exercise_vigorous,621e323667b776a240f19134,39
exercise_vigorous,621e323667b776a240f19134,0
exercise_vigorous,621e323667b776a240f19134,4
exercise_vigorous,621e323667b776a240f19134,18
exercise_vigorous,621e323667b776a240f19134,29
exercise_vigorous,621e323667b776a240f19134,40
exercise_vigorous,621e323667b776a240f19134,47
exercise_vigorous,621e323667b776a240f19134,50
exercise_vigorous,621e323667b776a240f19134,65
exercise_vigorous,621e323667b776a240f19134,69
exercise_vigorous,621e323667b776a240f19134,3
exercise_vigorous,621e323667b776a240f19134,16
exercise_vigorous,621e323667b776a240f19134,23
exercise_vigorous,621e323667b776a240f19134,41
exercise_vigorous,621e323667b776a240f19134,46
exercise_vigorous,621e323667b776a240f19134,49
exercise_vigorous,621e323667b776a240f19134,64
exercise_vigorous,621e323667b776a240f19134,68
exercise_vigorous,621e323667b776a240f19134,1
exercise_vigorous,621e323667b776a240f19134,18
exercise_vigorous,621e323667b776a240f19134,23
exercise_vigorous,621e323667b776a240f19134,27
exercise_vigorous,621e323667b776a240f19134,42
exercise_vigorous,621e323667b776a240f19134,47
exercise_vigorous,621e323667b776a240f19134,51
exercise_vigorous,621e323667b776a240f19134,63
exercise_vigorous,621e323667b776a240f19134,70
exercise_vigorous,621e323667b776a240f19134,73
exercise_vigorous,621e323667b776a240f19134,12
exercise_vigorous,621e323667b776a240f19134,18
exercise_vigorous,621e323667b776a240f19134,22
exercise_vigorous,621e323667b776a240f19134,36
exercise_vigorous,621e323667b776a240f19134,41
exercise_vigorous,621e323667b776a240f19134,46
exercise_vigorous,621e323667b776a240f19134,2
exercise_vigorous,621e323667b776a240f19134,8
exercise_vigorous,621e323667b776a240f19134,12
exercise_vigorous,621e323667b776a240f19134,26
exercise_vigorous,621e323667b776a240f19134,37
exercise_vigorous,621e323667b776a240f19134,53
exercise_vigorous,621e323667b776a240f19134,60
exercise_vigorous,621e323667b776a240f19134,79
exercise_vigorous,621e323667b776a240f19134,85
exercise_vigorous,621e323667b776a240f19134,100
exercise_vigorous,621e323667b776a240f19134,104
exercise_vigorous,621e323667b776a240f19134,108
exercise_vigorous,621e323667b776a240f19134,13
exercise_vigorous,621e323667b776a240f19134,18
exercise_vigorous,621e323667b776a240f19134,1
exercise_vigorous,621e323667b776a240f19134,16
exercise_vigorous,621e323667b776a240f19134,21
exercise_vigorous,621e323667b776a240f19134,25
exercise_vigorous,621e323667b776a240f19134,39
exercise_vigorous,621e323667b776a240f19134,44
exercise_vigorous,621e323667b776a240f19134,49
exercise_vigorous,621e323667b776a240f19134,63
exercise_vigorous,621e323667b776a240f19134,70
exercise_vigorous,621e323667b776a240f19134,73
exercise_vigorous,621e323667b776a240f19134,89
exercise_vigorous,621e323667b776a240f19134,0
exercise_vigorous,621e323667b776a240f19134,10
exercise_vigorous,621e323667b776a240f19134,23
exercise_vigorous,621e323667b776a240f19134,2
exercise_vigorous,621e323667b776a240f19134,7
exercise_vigorous,621e323667b776a240f19134,21
exercise_vigorous,621e323667b776a240f19134,26
exercise_vigorous,621e323667b776a240f19134,31
exercise_vigorous,621e323667b776a240f19134,45
exercise_vigorous,621e323667b776a240f19134,55
exercise_vigorous,621e323667b776a240f19134,71
exercise_vigorous,621e323667b776a240f19134,76
exercise_vigorous,621e323667b776a240f19134,80
exercise_vigorous,621e323667b776a240f19134,95
exercise_vigorous,621e323667b776a240f19134,100
exercise_vigorous,621e323667b776a240f19134,104
exercise_vigorous,621e323667b776a240f19134,122
exercise_vigorous,621e323667b776a240f19134,126
exercise_vigorous,621e323667b776a240f19134,127
exercise_vigorous,621e323667b776a240f19134,143
exercise_vigorous,621e323667b776a240f19134,153
exercise_vigorous,621e323667b776a240f19134,165
exercise_vigorous,621e323667b776a240f19134,170
exercise_vigorous,621e323667b776a240f19134,175
exercise_vigorous,621e323667b776a240f19134,189
exercise_vigorous,621e323667b776a240f19134,194
exercise_vigorous,621e323667b776a240f19134,199
exercise_vigorous,621e323667b776a240f19134,213
exercise_vigorous,621e323667b776a240f19134,218
exercise_vigorous,621e323667b776a240f19134,223
exercise_vigorous,621e323667b776a240f19134,237
exercise_vigorous,621e323667b776a240f19134,243
exercise_vigorous,621e323667b776a240f19134,248
exercise_vigorous,621e323667b776a240f19134,261
exercise_vigorous,621e323667b776a240f19134,272
exercise_vigorous,621e323667b776a240f19134,287
exercise_vigorous,621e323667b776a240f19134,293
exercise_vigorous,621e323667b776a240f19134,297
exercise_vigorous,621e323667b776a240f19134,311
exercise_vigorous,621e323667b776a240f19134,318
exercise_vigorous,621e323667b776a240f19134,321
exercise_vigorous,621e323667b776a240f19134,333
exercise_vigorous,621e323667b776a240f19134,339
exercise_vigorous,621e323667b776a240f19134,343
exercise_vigorous,621e323667b776a240f19134,357
exercise_vigorous,621e323667b776a240f19134,362
exercise_vigorous,621e323667b776a240f19134,367
exercise_vigorous,621e323667b776a240f19134,381
exercise_vigorous,621e323667b776a240f19134,386
exercise_vigorous,621e323667b776a240f19134,391
exercise_vigorous,621e323667b776a240f19134,405
exercise_vigorous,621e323667b776a240f19134,410
exercise_vigorous,621e323667b776a240f19134,416
exercise_vigorous,621e323667b776a240f19134,430
exercise_vigorous,621e323667b776a240f19134,434
exercise_vigorous,621e323667b776a240f19134,440
exercise_vigorous,621e323667b776a240f19134,455
exercise_vigorous,621e323667b776a240f19134,461
exercise_vigorous,621e323667b776a240f19134,465
exercise_vigorous,621e323667b776a240f19134,479
exercise_vigorous,621e323667b776a240f19134,485
exercise_vigorous,621e323667b776a240f19134,489
exercise_vigorous,621e323667b776a240f19134,502
exercise_vigorous,621e323667b776a240f19134,507
exercise_vigorous,621e323667b776a240f19134,511
exercise_vigorous,621e323667b776a240f19134,525
exercise_vigorous,621e323667b776a240f19134,530
exercise_vigorous,621e323667b776a240f19134,535
exercise_vigorous,621e323667b776a240f19134,551
exercise_vigorous,621e323667b776a240f19134,0
exercise_vigorous,621e323667b776a240f19134,5
exercise_vigorous,621e323667b776a240f19134,19
exercise_vigorous,621e323667b776a240f19134,24
exercise_vigorous,621e323667b776a240f19134,29
exercise_vigorous,621e323667b776a240f19134,44
exercise_vigorous,621e323667b776a240f19134,48
exercise_vigorous,621e323667b776a240f19134,53
exercise_vigorous,621e323667b776a240f19134,70
exercise_vigorous,621e323667b776a240f19134,75
exercise_vigorous,621e323667b776a240f19134,79
exercise_vigorous,621e323667b776a240f19134,93
exercise_vigorous,621e323667b776a240f19134,100
exercise_vigorous,621e323667b776a240f19134,102
exercise_vigorous,621e323667b776a240f19134,115
exercise_vigorous,621e323667b776a240f19134,120
exercise_vigorous,621e323667b776a240f19134,125
exercise_vigorous,621e323667b776a240f19134,140
exercise_vigorous,621e323667b776a240f19134,144
exercise_vigorous,621e323667b776a240f19134,152
exercise_vigorous,621e323667b776a240f19134,164
exercise_vigorous,621e323667b776a240f19134,168
exercise_vigorous,621e323667b776a240f19134,173
exercise_vigorous,621e323667b776a240f19134,187
exercise_vigorous,621e323667b776a240f19134,192
exercise_vigorous,621e323667b776a240f19134,197
exercise_vigorous,621e323667b776a240f19134,211
exercise_vigorous,621e323667b776a240f19134,216
exercise_vigorous,621e323667b776a240f19134,221
exercise_vigorous,621e323667b776a240f19134,237
exercise_vigorous,621e323667b776a240f19134,243
exercise_vigorous,621e323667b776a240f19134,261
exercise_vigorous,621e323667b776a240f19134,267
exercise_vigorous,621e323667b776a240f19134,271
exercise_vigorous,621e326767b776a24012e179,17
exercise_vigorous,621e326767b776a24012e179,22
exercise_vigorous,621e326767b776a24012e179,41
exercise_vigorous,621e326767b776a24012e179,65
exercise_vigorous,621e326767b776a24012e179,1
exercise_vigorous,621e326767b776a24012e179,18
exercise_vigorous,621e326767b776a24012e179,42
exercise_vigorous,621e326767b776a24012e179,17
exercise_vigorous,621e326767b776a24012e179,69
exercise_vigorous,621e326767b776a24012e179,16
exercise_vigorous,621e326767b776a24012e179,22
exercise_vigorous,621e326767b776a24012e179,70
exercise_vigorous,621e326767b776a24012e179,18
exercise_vigorous,621e326767b776a24012e179,44
exercise_vigorous,621e326767b776a24012e179,67
exercise_vigorous,621e326767b776a24012e179,90
exercise_vigorous,621e326767b776a24012e179,112
exercise_vigorous,621e326767b776a24012e179,117
exercise_vigorous,621e326767b776a24012e179,135
exercise_vigorous,621e326767b776a24012e179,15
exercise_vigorous,621e326767b776a24012e179,3
exercise_vigorous,621e326767b776a24012e179,17
exercise_vigorous,621e326767b776a24012e179,24
exercise_vigorous,621e326767b776a24012e179,44
exercise_vigorous,621e326767b776a24012e179,24
exercise_vigorous,621e326767b776a24012e179,16
exercise_vigorous,621e326767b776a24012e179,23
exercise_vigorous,621e326767b776a24012e179,18
exercise_vigorous,621e326767b776a24012e179,49
exercise_vigorous,621e326767b776a24012e179,6
exercise_vigorous,621e326767b776a24012e179,8
exercise_vigorous,621e326767b776a24012e179,1
exercise_vigorous,621e326767b776a24012e179,15
exercise_vigorous,621e326767b776a24012e179,20
exercise_vigorous,621e326767b776a24012e179,26
exercise_vigorous,621e326767b776a24012e179,42
exercise_vigorous,621e326767b776a24012e179,2
exercise_vigorous,621e326767b776a24012e179,6
exercise_vigorous,621e326767b776a24012e179,20
exercise_vigorous,621e326767b776a24012e179,26
exercise_vigorous,621e326767b776a24012e179,29
exercise_vigorous,621e326767b776a24012e179,42
exercise_vigorous,621e326767b776a24012e179,52
exercise_vigorous,621e326767b776a24012e179,66
exercise_vigorous,621e326767b776a24012e179,71
exercise_vigorous,621e326767b776a24012e179,76
exercise_vigorous,621e326767b776a24012e179,93
exercise_vigorous,621e326767b776a24012e179,96
exercise_vigorous,621e326767b776a24012e179,102
exercise_vigorous,621e326767b776a24012e179,114
exercise_vigorous,621e326767b776a24012e179,119
exercise_vigorous,621e326767b776a24012e179,1
exercise_vigorous,621e326767b776a24012e179,15
exercise_vigorous,621e326767b776a24012e179,20
exercise_vigorous,621e326767b776a24012e179,1
exercise_vigorous,621e326767b776a24012e179,18
exercise_vigorous,621e326767b776a24012e179,24
exercise_vigorous,621e326767b776a24012e179,44
exercise_vigorous,621e326767b776a24012e179,48
exercise_vigorous,621e326767b776a24012e179,51
exercise_vigorous,621e326767b776a24012e179,63
exercise_vigorous,621e326767b776a24012e179,68
exercise_vigorous,621e326767b776a24012e179,74
exercise_vigorous,621e326767b776a24012e179,93
exercise_vigorous,621e326767b776a24012e179,97
exercise_vigorous,621e326767b776a24012e179,111
exercise_vigorous,621e326767b776a24012e179,116
exercise_vigorous,621e326767b776a24012e179,122
exercise_vigorous,621e326767b776a24012e179,136
exercise_vigorous,621e326767b776a24012e179,141
exercise_vigorous,621e326767b776a24012e179,1
exercise_vigorous,621e326767b776a24012e179,15
exercise_vigorous,621e326767b776a24012e179,19
exercise_vigorous,621e326767b776a24012e179,1
exercise_vigorous,621e326767b776a24012e179,18
exercise_vigorous,621e326767b776a24012e179,25
exercise_vigorous,621e326767b776a24012e179,26
exercise_vigorous,621e326767b776a24012e179,43
exercise_vigorous,621e326767b776a24012e179,52
exercise_vigorous,621e326767b776a24012e179,63
exercise_vigorous,621e326767b776a24012e179,70
exercise_vigorous,621e326767b776a24012e179,14
exercise_vigorous,621e326767b776a24012e179,21
exercise_vigorous,621e326767b776a24012e179,25
exercise_vigorous,621e326767b776a24012e179,38
exercise_vigorous,621e326767b776a24012e179,43
exercise_vigorous,621e326767b776a24012e179,48
exercise_vigorous,621e326767b776a24012e179,64
exercise_vigorous,621e326767b776a24012e179,67
exercise_vigorous,621e326767b776a24012e179,2
exercise_vigorous,621e326767b776a24012e179,14
exercise_vigorous,621e326767b776a24012e179,22
exercise_vigorous,621e328667b776a240281372,4
exercise_vigorous,621e328667b776a240281372,21
exercise_vigorous,621e328667b776a240281372,26
exercise_vigorous,621e328667b776a240281372,42
exercise_vigorous,621e328667b776a240281372,48
exercise_vigorous,621e328667b776a240281372,70
exercise_vigorous,621e328667b776a240281372,3
exercise_vigorous,621e328667b776a240281372,116
exercise_vigorous,621e328667b776a240281372,122
exercise_vigorous,621e328667b776a240281372,138
exercise_vigorous,621e329067b776a2402ffad2,14
exercise_vigorous,621e329067b776a2402ffad2,21
exercise_vigorous,621e329067b776a2402ffad2,23
exercise_vigorous,621e329067b776a2402ffad2,40
exercise_vigorous,621e329067b776a2402ffad2,48
exercise_vigorous,621e329067b776a2402ffad2,60
exercise_vigorous,621e329067b776a2402ffad2,66
exercise_vigorous,621e329067b776a2402ffad2,84
exercise_vigorous,621e329067b776a2402ffad2,89
exercise_vigorous,621e329067b776a2402ffad2,94
exercise_vigorous,621e329067b776a2402ffad2,110
exercise_vigorous,621e329067b776a2402ffad2,113
exercise_vigorous,621e329067b776a2402ffad2,118
exercise_vigorous,621e329067b776a2402ffad2,133
exercise_vigorous,621e329067b776a2402ffad2,137
exercise_vigorous,621e329067b776a2402ffad2,142
exercise_vigorous,621e329067b776a2402ffad2,156
exercise_vigorous,621e329067b776a2402ffad2,162
exercise_vigorous,621e329067b776a2402ffad2,166
exercise_vigorous,621e329067b776a2402ffad2,183
exercise_vigorous,621e329067b776a2402ffad2,188
exercise_vigorous,621e329067b776a2402ffad2,191
exercise_vigorous,621e329067b776a2402ffad2,207
exercise_vigorous,621e329067b776a2402ffad2,2
exercise_vigorous,621e329067b776a2402ffad2,7
exercise_vigorous,621e329067b776a2402ffad2,19
exercise_vigorous,621e329067b776a2402ffad2,44
exercise_vigorous,621e329067b776a2402ffad2,48
exercise_vigorous,621e329067b776a2402ffad2,67
exercise_vigorous,621e329067b776a2402ffad2,71
exercise_vigorous,621e329067b776a2402ffad2,76
exercise_vigorous,621e329067b776a2402ffad2,90
exercise_vigorous,621e329067b776a2402ffad2,96
exercise_vigorous,621e329067b776a2402ffad2,100
exercise_vigorous,621e329067b776a2402ffad2,1
exercise_vigorous,621e329067b776a2402ffad2,6
exercise_vigorous,621e329067b776a2402ffad2,11
exercise_vigorous,621e329067b776a2402ffad2,31
exercise_vigorous,621e329067b776a2402ffad2,34
exercise_vigorous,621e329067b776a2402ffad2,53
exercise_vigorous,621e329067b776a2402ffad2,74
exercise_vigorous,621e329067b776a2402ffad2,78
exercise_vigorous,621e329067b776a2402ffad2,83
exercise_vigorous,621e329067b776a2402ffad2,97
exercise_vigorous,621e329067b776a2402ffad2,102
exercise_vigorous,621e329067b776a2402ffad2,109
exercise_vigorous,621e329067b776a2402ffad2,121
exercise_vigorous,621e329067b776a2402ffad2,145
exercise_vigorous,621e329067b776a2402ffad2,150
exercise_vigorous,621e329067b776a2402ffad2,171
exercise_vigorous,621e329067b776a2402ffad2,180
exercise_vigorous,621e329067b776a2402ffad2,195
exercise_vigorous,621e329067b776a2402ffad2,203
exercise_vigorous,621e329067b776a2402ffad2,205
exercise_vigorous,621e329067b776a2402ffad2,220
exercise_vigorous,621e329067b776a2402ffad2,241
exercise_vigorous,621e329067b776a2402ffad2,247
exercise_vigorous,621e329067b776a2402ffad2,251
exercise_vigorous,621e329067b776a2402ffad2,266
exercise_vigorous,621e329067b776a2402ffad2,272
exercise_vigorous,621e329067b776a2402ffad2,275
exercise_vigorous,621e329067b776a2402ffad2,289
exercise_vigorous,621e329067b776a2402ffad2,296
exercise_vigorous,621e329067b776a2402ffad2,299
exercise_vigorous,621e329067b776a2402ffad2,313
exercise_vigorous,621e329067b776a2402ffad2,319
exercise_vigorous,621e329067b776a2402ffad2,337
exercise_vigorous,621e329067b776a2402ffad2,343
exercise_vigorous,621e329067b776a2402ffad2,349
exercise_vigorous,621e329067b776a2402ffad2,365
exercise_vigorous,621e329067b776a2402ffad2,370
exercise_vigorous,621e329067b776a2402ffad2,373
exercise_vigorous,621e329067b776a2402ffad2,387
exercise_vigorous,621e329067b776a2402ffad2,393
exercise_vigorous,621e329067b776a2402ffad2,0
exercise_vigorous,621e329067b776a2402ffad2,12
exercise_vigorous,621e329067b776a2402ffad2,23
exercise_vigorous,621e329067b776a2402ffad2,39
exercise_vigorous,621e329067b776a2402ffad2,42
exercise_vigorous,621e329067b776a2402ffad2,59
exercise_vigorous,621e329067b776a2402ffad2,67
exercise_vigorous,621e329067b776a2402ffad2,69
exercise_vigorous,621e329067b776a2402ffad2,84
exercise_vigorous,621e329067b776a2402ffad2,90
exercise_vigorous,621e329067b776a2402ffad2,93
exercise_vigorous,621e329067b776a2402ffad2,107
exercise_vigorous,621e329067b776a2402ffad2,113
exercise_vigorous,621e329067b776a2402ffad2,136
exercise_vigorous,621e329067b776a2402ffad2,143
exercise_vigorous,621e329067b776a2402ffad2,157
exercise_vigorous,621e329067b776a2402ffad2,164
exercise_vigorous,621e329067b776a2402ffad2,1
exercise_vigorous,621e329067b776a2402ffad2,21
exercise_vigorous,621e329067b776a2402ffad2,37
exercise_vigorous,621e329067b776a2402ffad2,42
exercise_vigorous,621e329067b776a2402ffad2,47
exercise_vigorous,621e329067b776a2402ffad2,61
exercise_vigorous,621e329067b776a2402ffad2,66
exercise_vigorous,621e329067b776a2402ffad2,71
exercise_vigorous,621e329067b776a2402ffad2,85
exercise_vigorous,621e329067b776a2402ffad2,25
exercise_vigorous,621e329067b776a2402ffad2,30
exercise_vigorous,621e329067b776a2402ffad2,33
exercise_vigorous,621e329067b776a2402ffad2,50
exercise_vigorous,621e329067b776a2402ffad2,55
exercise_vigorous,621e329067b776a2402ffad2,59
exercise_vigorous,621e329067b776a2402ffad2,77
exercise_vigorous,621e329067b776a2402ffad2,79
exercise_vigorous,621e329067b776a2402ffad2,85
exercise_vigorous,621e329067b776a2402ffad2,96
exercise_vigorous,621e329067b776a2402ffad2,100
exercise_vigorous,621e329067b776a2402ffad2,105
exercise_vigorous,621e329067b776a2402ffad2,119
exercise_vigorous,621e329067b776a2402ffad2,143
exercise_vigorous,621e329067b776a2402ffad2,150
exercise_vigorous,621e329067b776a2402ffad2,171
exercise_vigorous,621e329067b776a2402ffad2,172
exercise_vigorous,621e329067b776a2402ffad2,177
exercise_vigorous,621e329067b776a2402ffad2,191
exercise_vigorous,621e329067b776a2402ffad2,197
exercise_vigorous,621e329067b776a2402ffad2,202
exercise_vigorous,621e329067b776a2402ffad2,219
exercise_vigorous,621e329067b776a2402ffad2,241
exercise_vigorous,621e329067b776a2402ffad2,248
exercise_vigorous,621e329067b776a2402ffad2,251
exercise_vigorous,621e329067b776a2402ffad2,263
exercise_vigorous,621e329067b776a2402ffad2,271
exercise_vigorous,621e329067b776a2402ffad2,287
exercise_vigorous,621e329067b776a2402ffad2,292
exercise_vigorous,621e329067b776a2402ffad2,298
exercise_vigorous,621e329067b776a2402ffad2,311
exercise_vigorous,621e329067b776a2402ffad2,319
exercise_vigorous,621e329067b776a2402ffad2,321
exercise_vigorous,621e329067b776a2402ffad2,345
exercise_vigorous,621e329067b776a2402ffad2,361
exercise_vigorous,621e329067b776a2402ffad2,364
exercise_vigorous,621e329067b776a2402ffad2,369
exercise_vigorous,621e329067b776a2402ffad2,385
exercise_vigorous,621e329067b776a2402ffad2,392
exercise_vigorous,621e329067b776a2402ffad2,394
exercise_vigorous,621e329067b776a2402ffad2,410
exercise_vigorous,621e329067b776a2402ffad2,415
exercise_vigorous,621e32af67b776a24045b4cf,12
exercise_vigorous,621e32af67b776a24045b4cf,2
exercise_vigorous,621e32af67b776a24045b4cf,7
exercise_vigorous,621e32af67b776a24045b4cf,12
exercise_vigorous,621e32af67b776a24045b4cf,26
exercise_vigorous,621e32af67b776a24045b4cf,0
exercise_vigorous,621e32af67b776a24045b4cf,5
exercise_vigorous,621e32af67b776a24045b4cf,2
exercise_vigorous,621e32af67b776a24045b4cf,7
exercise_vigorous,621e32af67b776a24045b4cf,12
exercise_vigorous,621e32af67b776a24045b4cf,26
exercise_vigorous,621e32af67b776a24045b4cf,31
exercise_vigorous,621e32af67b776a24045b4cf,2
exercise_vigorous,621e32af67b776a24045b4cf,18
exercise_vigorous,621e32af67b776a24045b4cf,24
exercise_vigorous,621e32af67b776a24045b4cf,28
exercise_vigorous,621e32af67b776a24045b4cf,42
exercise_vigorous,621e32af67b776a24045b4cf,49
exercise_vigorous,621e32af67b776a24045b4cf,52
exercise_vigorous,621e32af67b776a24045b4cf,64
exercise_vigorous,621e32af67b776a24045b4cf,69
exercise_vigorous,621e32af67b776a24045b4cf,74
exercise_vigorous,621e32af67b776a24045b4cf,3
exercise_vigorous,621e32af67b776a24045b4cf,8
exercise_vigorous,621e32af67b776a24045b4cf,13
exercise_vigorous,621e32af67b776a24045b4cf,2
exercise_vigorous,621e32af67b776a24045b4cf,7
exercise_vigorous,621e32af67b776a24045b4cf,12
exercise_vigorous,621e32af67b776a24045b4cf,2
exercise_vigorous,621e32af67b776a24045b4cf,10
exercise_vigorous,621e32af67b776a24045b4cf,12
exercise_vigorous,621e32af67b776a24045b4cf,26
exercise_vigorous,621e32af67b776a24045b4cf,31
exercise_vigorous,621e32af67b776a24045b4cf,36
exercise_vigorous,621e32af67b776a24045b4cf,54
exercise_vigorous,621e32af67b776a24045b4cf,58
exercise_vigorous,621e32af67b776a24045b4cf,61
exercise_vigorous,621e32af67b776a24045b4cf,2
exercise_vigorous,621e32af67b776a24045b4cf,6
exercise_vigorous,621e32af67b776a24045b4cf,9
exercise_vigorous,621e32af67b776a24045b4cf,2
exercise_vigorous,621e32af67b776a24045b4cf,7
exercise_vigorous,621e32af67b776a24045b4cf,12
exercise_vigorous,621e32af67b776a24045b4cf,2
exercise_vigorous,621e32af67b776a24045b4cf,7
exercise_vigorous,621e32af67b776a24045b4cf,12
exercise_vigorous,621e32af67b776a24045b4cf,2
exercise_vigorous,621e32af67b776a24045b4cf,7
exercise_vigorous,621e32af67b776a24045b4cf,12
exercise_vigorous,621e32af67b776a24045b4cf,2
exercise_vigorous,621e32af67b776a24045b4cf,9
exercise_vigorous,621e32af67b776a24045b4cf,12
exercise_vigorous,621e32af67b776a24045b4cf,4
exercise_vigorous,621e32af67b776a24045b4cf,7
exercise_vigorous,621e32af67b776a24045b4cf,12
exercise_vigorous,621e32af67b776a24045b4cf,1
exercise_vigorous,621e32af67b776a24045b4cf,8
exercise_vigorous,621e32af67b776a24045b4cf,11
exercise_vigorous,621e32af67b776a24045b4cf,25
exercise_vigorous,621e32af67b776a24045b4cf,31
exercise_vigorous,621e32af67b776a24045b4cf,35
exercise_vigorous,621e32af67b776a24045b4cf,2
exercise_vigorous,621e32af67b776a24045b4cf,12
exercise_vigorous,621e32af67b776a24045b4cf,2
exercise_vigorous,621e32af67b776a24045b4cf,8
exercise_vigorous,621e32af67b776a24045b4cf,12
exercise_vigorous,621e32af67b776a24045b4cf,3
exercise_vigorous,621e32af67b776a24045b4cf,7
exercise_vigorous,621e32af67b776a24045b4cf,12
exercise_vigorous,621e32af67b776a24045b4cf,1
exercise_vigorous,621e32af67b776a24045b4cf,6
exercise_vigorous,621e32af67b776a24045b4cf,13
exercise_vigorous,621e32af67b776a24045b4cf,25
exercise_vigorous,621e32af67b776a24045b4cf,30
exercise_vigorous,621e32af67b776a24045b4cf,36
exercise_vigorous,621e32af67b776a24045b4cf,51
exercise_vigorous,621e32af67b776a24045b4cf,4
exercise_vigorous,621e32af67b776a24045b4cf,8
exercise_vigorous,621e32af67b776a24045b4cf,22
exercise_vigorous,621e32af67b776a24045b4cf,29
exercise_vigorous,621e32af67b776a24045b4cf,31
exercise_vigorous,621e32af67b776a24045b4cf,46
exercise_vigorous,621e32af67b776a24045b4cf,53
exercise_vigorous,621e32af67b776a24045b4cf,69
exercise_vigorous,621e32af67b776a24045b4cf,73
exercise_vigorous,621e32af67b776a24045b4cf,78
exercise_vigorous,621e32af67b776a24045b4cf,2
exercise_vigorous,621e32af67b776a24045b4cf,8
exercise_vigorous,621e32af67b776a24045b4cf,12
exercise_vigorous,621e32af67b776a24045b4cf,2
exercise_vigorous,621e32af67b776a24045b4cf,7
exercise_vigorous,621e32af67b776a24045b4cf,13
exercise_vigorous,621e32af67b776a24045b4cf,27
exercise_vigorous,621e32af67b776a24045b4cf,31
exercise_vigorous,621e32af67b776a24045b4cf,37
exercise_vigorous,621e32af67b776a24045b4cf,55
exercise_vigorous,621e32af67b776a24045b4cf,58
exercise_vigorous,621e32af67b776a24045b4cf,61
exercise_vigorous,621e32af67b776a24045b4cf,76
exercise_vigorous,621e32af67b776a24045b4cf,82
exercise_vigorous,621e32af67b776a24045b4cf,87
exercise_vigorous,621e32af67b776a24045b4cf,2
exercise_vigorous,621e32af67b776a24045b4cf,7
exercise_vigorous,621e32af67b776a24045b4cf,12
exercise_vigorous,621e32af67b776a24045b4cf,27
exercise_vigorous,621e32af67b776a24045b4cf,31
exercise_vigorous,621e32af67b776a24045b4cf,36
exercise_vigorous,621e32af67b776a24045b4cf,50
exercise_vigorous,621e32af67b776a24045b4cf,55
exercise_vigorous,621e32af67b776a24045b4cf,60
exercise_vigorous,621e32af67b776a24045b4cf,2
exercise_vigorous,621e32af67b776a24045b4cf,14
exercise_vigorous,621e32af67b776a24045b4cf,2
exercise_vigorous,621e32af67b776a24045b4cf,9
exercise_vigorous,621e32af67b776a24045b4cf,12
exercise_vigorous,621e32af67b776a24045b4cf,28
exercise_vigorous,621e32af67b776a24045b4cf,35
exercise_vigorous,621e32af67b776a24045b4cf,38
exercise_vigorous,621e32af67b776a24045b4cf,52
exercise_vigorous,621e32af67b776a24045b4cf,59
exercise_vigorous,621e32af67b776a24045b4cf,61
exercise_vigorous,621e32af67b776a24045b4cf,76
exercise_vigorous,621e32af67b776a24045b4cf,80
exercise_vigorous,621e32af67b776a24045b4cf,86
exercise_vigorous,621e32af67b776a24045b4cf,103
exercise_vigorous,621e32af67b776a24045b4cf,109
exercise_vigorous,621e32af67b776a24045b4cf,124
exercise_vigorous,621e32af67b776a24045b4cf,128
exercise_vigorous,621e32af67b776a24045b4cf,3
exercise_vigorous,621e32af67b776a24045b4cf,7
exercise_vigorous,621e32af67b776a24045b4cf,12
exercise_vigorous,621e32af67b776a24045b4cf,29
exercise_vigorous,621e32af67b776a24045b4cf,36
exercise_vigorous,621e32af67b776a24045b4cf,52
exercise_vigorous,621e32af67b776a24045b4cf,61
exercise_vigorous,621e32af67b776a24045b4cf,78
exercise_vigorous,621e32af67b776a24045b4cf,82
exercise_vigorous,621e32af67b776a24045b4cf,86
exercise_vigorous,621e32af67b776a24045b4cf,98
exercise_vigorous,621e32af67b776a24045b4cf,104
exercise_vigorous,621e32af67b776a24045b4cf,111
exercise_vigorous,621e32af67b776a24045b4cf,1
exercise_vigorous,621e32af67b776a24045b4cf,6
exercise_vigorous,621e32af67b776a24045b4cf,5
exercise_vigorous,621e32af67b776a24045b4cf,25
exercise_vigorous,621e32af67b776a24045b4cf,30
exercise_vigorous,621e32af67b776a24045b4cf,42
exercise_vigorous,621e32af67b776a24045b4cf,50
exercise_vigorous,621e32af67b776a24045b4cf,53
exercise_vigorous,621e32af67b776a24045b4cf,66
exercise_vigorous,621e32af67b776a24045b4cf,71
exercise_vigorous,621e32af67b776a24045b4cf,77
exercise_vigorous,621e32af67b776a24045b4cf,101
exercise_vigorous,621e32af67b776a24045b4cf,5
exercise_vigorous,621e32af67b776a24045b4cf,9
exercise_vigorous,621e32af67b776a24045b4cf,7
exercise_vigorous,621e32af67b776a24045b4cf,35
exercise_vigorous,621e32af67b776a24045b4cf,36
exercise_vigorous,621e32af67b776a24045b4cf,50
exercise_vigorous,621e32af67b776a24045b4cf,55
exercise_vigorous,621e32af67b776a24045b4cf,62
exercise_vigorous,621e32af67b776a24045b4cf,76
exercise_vigorous,621e32af67b776a24045b4cf,81
exercise_vigorous,621e32af67b776a24045b4cf,85
exercise_vigorous,621e32af67b776a24045b4cf,98
exercise_vigorous,621e32af67b776a24045b4cf,105
exercise_vigorous,621e32af67b776a24045b4cf,124
exercise_vigorous,621e32af67b776a24045b4cf,130
exercise_vigorous,621e32af67b776a24045b4cf,134
exercise_vigorous,621e32af67b776a24045b4cf,148
exercise_vigorous,621e32af67b776a24045b4cf,3
exercise_vigorous,621e32af67b776a24045b4cf,6
exercise_vigorous,621e32af67b776a24045b4cf,3
exercise_vigorous,621e32d067b776a2405b7d54,310
exercise_vigorous,621e32d067b776a2405b7d54,315
exercise_vigorous,621e32d067b776a2405b7d54,329
exercise_vigorous,621e32d067b776a2405b7d54,3
exercise_vigorous,621e32d067b776a2405b7d54,8
exercise_vigorous,621e32d067b776a2405b7d54,22
exercise_vigorous,621e32d067b776a2405b7d54,29
exercise_vigorous,621e32d067b776a2405b7d54,34
exercise_vigorous,621e32d067b776a2405b7d54,47
exercise_vigorous,621e32d067b776a2405b7d54,51
exercise_vigorous,621e32d067b776a2405b7d54,58
exercise_vigorous,621e32d067b776a2405b7d54,71
exercise_vigorous,621e32d067b776a2405b7d54,79
exercise_vigorous,621e32d067b776a2405b7d54,81
exercise_vigorous,621e32d067b776a2405b7d54,96
exercise_vigorous,621e32d067b776a2405b7d54,105
exercise_vigorous,621e32d067b776a2405b7d54,121
exercise_vigorous,621e32d067b776a2405b7d54,127
exercise_vigorous,621e32d067b776a2405b7d54,130
exercise_vigorous,621e32d067b776a2405b7d54,142
exercise_vigorous,621e32d067b776a2405b7d54,147
exercise_vigorous,621e32d067b776a2405b7d54,153
exercise_vigorous,621e32d067b776a2405b7d54,166
exercise_vigorous,621e32d067b776a2405b7d54,173
exercise_vigorous,621e32d067b776a2405b7d54,178
exercise_vigorous,621e32d067b776a2405b7d54,190
exercise_vigorous,621e32d067b776a2405b7d54,197
exercise_vigorous,621e32d067b776a2405b7d54,200
exercise_vigorous,621e32d067b776a2405b7d54,215
exercise_vigorous,621e32d067b776a2405b7d54,219
exercise_vigorous,621e32d067b776a2405b7d54,226
exercise_vigorous,621e32d067b776a2405b7d54,240
exercise_vigorous,621e32d067b776a2405b7d54,245
exercise_vigorous,621e32d067b776a2405b7d54,264
exercise_vigorous,621e32d067b776a2405b7d54,270
exercise_vigorous,621e32d067b776a2405b7d54,292
exercise_vigorous,621e32d067b776a2405b7d54,295
exercise_vigorous,621e32d067b776a2405b7d54,297
exercise_vigorous,621e32d067b776a2405b7d54,311
exercise_vigorous,621e32d067b776a2405b7d54,319
exercise_vigorous,621e32d067b776a2405b7d54,334
exercise_vigorous,621e32d067b776a2405b7d54,340
exercise_vigorous,621e32d067b776a2405b7d54,344
exercise_vigorous,621e32d067b776a2405b7d54,360
exercise_vigorous,621e32d067b776a2405b7d54,365
exercise_vigorous,621e32d067b776a2405b7d54,368
exercise_vigorous,621e32d067b776a2405b7d54,382
exercise_vigorous,621e32d067b776a2405b7d54,388
exercise_vigorous,621e32d067b776a2405b7d54,394
exercise_vigorous,621e32d067b776a2405b7d54,407
exercise_vigorous,621e32d067b776a2405b7d54,413
exercise_vigorous,621e32d067b776a2405b7d54,416
exercise_vigorous,621e32d067b776a2405b7d54,433
exercise_vigorous,621e32d067b776a2405b7d54,438
exercise_vigorous,621e32d067b776a2405b7d54,457
exercise_vigorous,621e32d067b776a2405b7d54,466
exercise_vigorous,621e32d067b776a2405b7d54,478
exercise_vigorous,621e32d067b776a2405b7d54,484
exercise_vigorous,621e32d067b776a2405b7d54,490
exercise_vigorous,621e32d067b776a2405b7d54,504
exercise_vigorous,621e32d067b776a2405b7d54,512
exercise_vigorous,621e32d067b776a2405b7d54,527
exercise_vigorous,621e32d067b776a2405b7d54,533
exercise_vigorous,621e32d067b776a2405b7d54,553
exercise_vigorous,621e32d067b776a2405b7d54,556
exercise_vigorous,621e32d067b776a2405b7d54,560
exercise_vigorous,621e32d067b776a2405b7d54,574
exercise_vigorous,621e32d067b776a2405b7d54,581
exercise_vigorous,621e32d067b776a2405b7d54,584
exercise_vigorous,621e32d067b776a2405b7d54,600
exercise_vigorous,621e32d067b776a2405b7d54,606
exercise_vigorous,621e32d067b776a2405b7d54,624
exercise_vigorous,621e32d067b776a2405b7d54,634
exercise_vigorous,621e32d067b776a2405b7d54,646
exercise_vigorous,621e32d067b776a2405b7d54,651
exercise_vigorous,621e32d067b776a2405b7d54,658
exercise_vigorous,621e32d067b776a2405b7d54,670
exercise_vigorous,621e32d067b776a2405b7d54,677
exercise_vigorous,621e32d067b776a2405b7d54,682
exercise_vigorous,621e32d067b776a2405b7d54,695
exercise_vigorous,621e32d067b776a2405b7d54,704
exercise_vigorous,621e32d067b776a2405b7d54,720
exercise_vigorous,621e32d067b776a2405b7d54,723
exercise_vigorous,621e32d067b776a2405b7d54,729
exercise_vigorous,621e32d067b776a2405b7d54,742
exercise_vigorous,621e32d067b776a2405b7d54,754
exercise_vigorous,621e32d067b776a2405b7d54,768
exercise_vigorous,621e32d067b776a2405b7d54,780
exercise_vigorous,621e32d067b776a2405b7d54,792
exercise_vigorous,621e32d067b776a2405b7d54,798
exercise_vigorous,621e32d067b776a2405b7d54,803
exercise_vigorous,621e32d067b776a2405b7d54,815
exercise_vigorous,621e32d067b776a2405b7d54,820
exercise_vigorous,621e32d067b776a2405b7d54,824
exercise_vigorous,621e32d067b776a2405b7d54,839
exercise_vigorous,621e32d067b776a2405b7d54,843
exercise_vigorous,621e32d067b776a2405b7d54,848
exercise_vigorous,621e32d067b776a2405b7d54,864
exercise_vigorous,621e32d067b776a2405b7d54,868
exercise_vigorous,621e32d067b776a2405b7d54,873
exercise_vigorous,621e32d067b776a2405b7d54,895
exercise_vigorous,621e32d067b776a2405b7d54,911
exercise_vigorous,621e32d067b776a2405b7d54,920
exercise_vigorous,621e32d067b776a2405b7d54,938
exercise_vigorous,621e32d067b776a2405b7d54,942
exercise_vigorous,621e32d067b776a2405b7d54,946
exercise_vigorous,621e32d067b776a2405b7d54,960
exercise_vigorous,621e32d067b776a2405b7d54,969
exercise_vigorous,621e32d067b776a2405b7d54,983
exercise_vigorous,621e32d067b776a2405b7d54,987
exercise_vigorous,621e32d067b776a2405b7d54,992
exercise_vigorous,621e32d067b776a2405b7d54,1010
exercise_vigorous,621e32d067b776a2405b7d54,1016
exercise_vigorous,621e32d067b776a2405b7d54,1031
exercise_vigorous,621e32d067b776a2405b7d54,1067
exercise_vigorous,621e32d067b776a2405b7d54,1084
exercise_vigorous,621e32d067b776a2405b7d54,1190
exercise_vigorous,621e32d067b776a2405b7d54,1396
exercise_vigorous,621e32d967b776a240627414,0
exercise_vigorous,621e32d967b776a240627414,7
exercise_vigorous,621e32d967b776a240627414,22
exercise_vigorous,621e32d967b776a240627414,30
exercise_vigorous,621e32d967b776a240627414,33
exercise_vigorous,621e32d967b776a240627414,46
exercise_vigorous,621e32d967b776a240627414,78
exercise_vigorous,621e32d967b776a240627414,118
exercise_vigorous,621e32d967b776a240627414,127
exercise_vigorous,621e32d967b776a240627414,142
exercise_vigorous,621e32d967b776a240627414,151
exercise_vigorous,621e32d967b776a240627414,166
exercise_vigorous,621e32d967b776a240627414,174
exercise_vigorous,621e32d967b776a240627414,192
exercise_vigorous,621e32d967b776a240627414,195
exercise_vigorous,621e32d967b776a240627414,214
exercise_vigorous,621e32d967b776a240627414,219
exercise_vigorous,621e32d967b776a240627414,241
exercise_vigorous,621e32d967b776a240627414,246
exercise_vigorous,621e32d967b776a240627414,250
exercise_vigorous,621e32d967b776a240627414,265
exercise_vigorous,621e32d967b776a240627414,271
exercise_vigorous,621e32d967b776a240627414,274
exercise_vigorous,621e32d967b776a240627414,286
exercise_vigorous,621e32d967b776a240627414,291
exercise_vigorous,621e32d967b776a240627414,334
exercise_vigorous,621e32d967b776a240627414,359
exercise_vigorous,621e32d967b776a240627414,363
exercise_vigorous,621e32d967b776a240627414,370
exercise_vigorous,621e32d967b776a240627414,384
exercise_vigorous,621e32d967b776a240627414,1
exercise_vigorous,621e32d967b776a240627414,6
exercise_vigorous,621e32d967b776a240627414,22
exercise_vigorous,621e32d967b776a240627414,29
exercise_vigorous,621e32d967b776a240627414,68
exercise_vigorous,621e32d967b776a240627414,73
exercise_vigorous,621e32d967b776a240627414,92
exercise_vigorous,621e32d967b776a240627414,98
exercise_vigorous,621e32d967b776a240627414,116
exercise_vigorous,621e32d967b776a240627414,129
exercise_vigorous,621e32d967b776a240627414,142
exercise_vigorous,621e32d967b776a240627414,147
exercise_vigorous,621e32d967b776a240627414,152
exercise_vigorous,621e32d967b776a240627414,166
exercise_vigorous,621e32d967b776a240627414,24
exercise_vigorous,621e32d967b776a240627414,29
exercise_vigorous,621e32d967b776a240627414,70
exercise_vigorous,621e32d967b776a240627414,75
exercise_vigorous,621e32d967b776a240627414,78
exercise_vigorous,621e32d967b776a240627414,94
exercise_vigorous,621e32d967b776a240627414,99
exercise_vigorous,621e32d967b776a240627414,116
exercise_vigorous,621e32d967b776a240627414,121
exercise_vigorous,621e32d967b776a240627414,127
exercise_vigorous,621e32d967b776a240627414,140
exercise_vigorous,621e32d967b776a240627414,146
exercise_vigorous,621e32d967b776a240627414,166
exercise_vigorous,621e32d967b776a240627414,170
exercise_vigorous,621e32d967b776a240627414,239
exercise_vigorous,621e32d967b776a240627414,263
exercise_vigorous,621e32d967b776a240627414,286
exercise_vigorous,621e32d967b776a240627414,289
exercise_vigorous,621e32d967b776a240627414,295
exercise_vigorous,621e32e667b776a2406d2f1c,415
exercise_vigorous,621e32e667b776a2406d2f1c,422
exercise_vigorous,621e32e667b776a2406d2f1c,470
exercise_vigorous,621e32e667b776a2406d2f1c,517
exercise_vigorous,621e32e667b776a2406d2f1c,558
exercise_vigorous,621e32e667b776a2406d2f1c,578
exercise_vigorous,621e32e667b776a2406d2f1c,591
exercise_vigorous,621e32e667b776a2406d2f1c,733
exercise_vigorous,621e32e667b776a2406d2f1c,756
exercise_vigorous,621e331067b776a24085dd3f,5
exercise_vigorous,621e331067b776a24085dd3f,8
exercise_vigorous,621e331067b776a24085dd3f,29
exercise_vigorous,621e331067b776a24085dd3f,33
exercise_vigorous,621e331067b776a24085dd3f,44
exercise_vigorous,621e331067b776a24085dd3f,49
exercise_vigorous,621e331067b776a24085dd3f,56
exercise_vigorous,621e331067b776a24085dd3f,68
exercise_vigorous,621e331067b776a24085dd3f,73
exercise_vigorous,621e331067b776a24085dd3f,80
exercise_vigorous,621e331067b776a24085dd3f,92
exercise_vigorous,621e331067b776a24085dd3f,98
exercise_vigorous,621e331067b776a24085dd3f,103
exercise_vigorous,621e331067b776a24085dd3f,116
exercise_vigorous,621e331067b776a24085dd3f,121
exercise_vigorous,621e331067b776a24085dd3f,129
exercise_vigorous,621e331067b776a24085dd3f,140
exercise_vigorous,621e331067b776a24085dd3f,145
exercise_vigorous,621e331067b776a24085dd3f,152
exercise_vigorous,621e331067b776a24085dd3f,167
exercise_vigorous,621e331067b776a24085dd3f,177
exercise_vigorous,621e331067b776a24085dd3f,190
exercise_vigorous,621e331067b776a24085dd3f,196
exercise_vigorous,621e331067b776a24085dd3f,200
exercise_vigorous,621e331067b776a24085dd3f,212
exercise_vigorous,621e331067b776a24085dd3f,217
exercise_vigorous,621e331067b776a24085dd3f,223
exercise_vigorous,621e331067b776a24085dd3f,236
exercise_vigorous,621e331067b776a24085dd3f,241
exercise_vigorous,621e331067b776a24085dd3f,246
exercise_vigorous,621e331067b776a24085dd3f,262
exercise_vigorous,621e331067b776a24085dd3f,267
exercise_vigorous,621e331067b776a24085dd3f,270
exercise_vigorous,621e331067b776a24085dd3f,284
exercise_vigorous,621e331067b776a24085dd3f,296
exercise_vigorous,621e331067b776a24085dd3f,308
exercise_vigorous,621e331067b776a24085dd3f,314
exercise_vigorous,621e331067b776a24085dd3f,320
exercise_vigorous,621e331067b776a24085dd3f,340
exercise_vigorous,621e331067b776a24085dd3f,344
exercise_vigorous,621e331067b776a24085dd3f,358
exercise_vigorous,621e331067b776a24085dd3f,381
exercise_vigorous,621e331067b776a24085dd3f,404
exercise_vigorous,621e331067b776a24085dd3f,414
exercise_vigorous,621e331067b776a24085dd3f,429
exercise_vigorous,621e331067b776a24085dd3f,433
exercise_vigorous,621e331067b776a24085dd3f,438
exercise_vigorous,621e331067b776a24085dd3f,453
exercise_vigorous,621e331067b776a24085dd3f,457
exercise_vigorous,621e331067b776a24085dd3f,464
exercise_vigorous,621e331067b776a24085dd3f,476
exercise_vigorous,621e331067b776a24085dd3f,481
exercise_vigorous,621e331067b776a24085dd3f,488
exercise_vigorous,621e331067b776a24085dd3f,512
exercise_vigorous,621e331067b776a24085dd3f,526
exercise_vigorous,621e331067b776a24085dd3f,533
exercise_vigorous,621e331067b776a24085dd3f,548
exercise_vigorous,621e331067b776a24085dd3f,555
exercise_vigorous,621e331067b776a24085dd3f,560
exercise_vigorous,621e331067b776a24085dd3f,572
exercise_vigorous,621e331067b776a24085dd3f,577
exercise_vigorous,621e331067b776a24085dd3f,582
exercise_vigorous,621e331067b776a24085dd3f,596
exercise_vigorous,621e331067b776a24085dd3f,603
exercise_vigorous,621e331067b776a24085dd3f,608
exercise_vigorous,621e331067b776a24085dd3f,621
exercise_vigorous,621e331067b776a24085dd3f,625
exercise_vigorous,621e331067b776a24085dd3f,630
exercise_vigorous,621e331067b776a24085dd3f,647
exercise_vigorous,621e331067b776a24085dd3f,649
exercise_vigorous,621e331067b776a24085dd3f,655
exercise_vigorous,621e331067b776a24085dd3f,671
exercise_vigorous,621e331067b776a24085dd3f,678
exercise_vigorous,621e331067b776a24085dd3f,680
exercise_vigorous,621e331067b776a24085dd3f,695
exercise_vigorous,621e331067b776a24085dd3f,701
exercise_vigorous,621e331067b776a24085dd3f,705
exercise_vigorous,621e331067b776a24085dd3f,716
exercise_vigorous,621e331067b776a24085dd3f,721
exercise_vigorous,621e331067b776a24085dd3f,730
exercise_vigorous,621e331067b776a24085dd3f,740
exercise_vigorous,621e331067b776a24085dd3f,745
exercise_vigorous,621e331067b776a24085dd3f,752
exercise_vigorous,621e331067b776a24085dd3f,764
exercise_vigorous,621e331067b776a24085dd3f,769
exercise_vigorous,621e331067b776a24085dd3f,776
exercise_vigorous,621e331067b776a24085dd3f,788
exercise_vigorous,621e331067b776a24085dd3f,793
exercise_vigorous,621e331067b776a24085dd3f,800
exercise_vigorous,621e331067b776a24085dd3f,812
exercise_vigorous,621e331067b776a24085dd3f,842
exercise_vigorous,621e331067b776a24085dd3f,845
exercise_vigorous,621e331067b776a24085dd3f,847
exercise_vigorous,621e331067b776a24085dd3f,863
exercise_vigorous,621e331067b776a24085dd3f,872
exercise_vigorous,621e331067b776a24085dd3f,886
exercise_vigorous,621e331067b776a24085dd3f,894
exercise_vigorous,621e331067b776a24085dd3f,910
exercise_vigorous,621e331067b776a24085dd3f,914
exercise_vigorous,621e331067b776a24085dd3f,918
exercise_vigorous,621e331067b776a24085dd3f,933
exercise_vigorous,621e331067b776a24085dd3f,941
exercise_vigorous,621e331067b776a24085dd3f,942
exercise_vigorous,621e331067b776a24085dd3f,958
exercise_vigorous,621e331067b776a24085dd3f,962
exercise_vigorous,621e331067b776a24085dd3f,967
exercise_vigorous,621e331067b776a24085dd3f,981
exercise_vigorous,621e331067b776a24085dd3f,986
exercise_vigorous,621e331067b776a24085dd3f,991
exercise_vigorous,621e331067b776a24085dd3f,1006
exercise_vigorous,621e331067b776a24085dd3f,1012
exercise_vigorous,621e331067b776a24085dd3f,1016
exercise_vigorous,621e331067b776a24085dd3f,1030
exercise_vigorous,621e331067b776a24085dd3f,1037
exercise_vigorous,621e331067b776a24085dd3f,1041
exercise_vigorous,621e331067b776a24085dd3f,1052
exercise_vigorous,621e331067b776a24085dd3f,1057
exercise_vigorous,621e331067b776a24085dd3f,1076
exercise_vigorous,621e331067b776a24085dd3f,1081
exercise_vigorous,621e331067b776a24085dd3f,1087
exercise_vigorous,621e331067b776a24085dd3f,1100
exercise_vigorous,621e331067b776a24085dd3f,1124
exercise_vigorous,621e331067b776a24085dd3f,1132
exercise_vigorous,621e331067b776a24085dd3f,1134
exercise_vigorous,621e331067b776a24085dd3f,1148
exercise_vigorous,621e331067b776a24085dd3f,1153
exercise_vigorous,621e331067b776a24085dd3f,1158
exercise_vigorous,621e331067b776a24085dd3f,1181
exercise_vigorous,621e331067b776a24085dd3f,1184
exercise_vigorous,621e331067b776a24085dd3f,1198
exercise_vigorous,621e331067b776a24085dd3f,1206
exercise_vigorous,621e331067b776a24085dd3f,1208
exercise_vigorous,621e331067b776a24085dd3f,1221
exercise_vigorous,621e331067b776a24085dd3f,1225
exercise_vigorous,621e331067b776a24085dd3f,1231
exercise_vigorous,621e331067b776a24085dd3f,1244
exercise_vigorous,621e331067b776a24085dd3f,1250
exercise_vigorous,621e331067b776a24085dd3f,1256
exercise_vigorous,621e331067b776a24085dd3f,1268
exercise_vigorous,621e331067b776a24085dd3f,1273
exercise_vigorous,621e331067b776a24085dd3f,1278
exercise_vigorous,621e331067b776a24085dd3f,1293
exercise_vigorous,621e331067b776a24085dd3f,1297
exercise_vigorous,621e331067b776a24085dd3f,1302
exercise_vigorous,621e331067b776a24085dd3f,1316
exercise_vigorous,621e331067b776a24085dd3f,1328
exercise_vigorous,621e331067b776a24085dd3f,1349
exercise_vigorous,621e331067b776a24085dd3f,1352
exercise_vigorous,621e331067b776a24085dd3f,1366
exercise_vigorous,621e331067b776a24085dd3f,1373
exercise_vigorous,621e331067b776a24085dd3f,1377
exercise_vigorous,621e331067b776a24085dd3f,1388
exercise_vigorous,621e332267b776a24092a584,6
exercise_vigorous,621e332267b776a24092a584,16
exercise_vigorous,621e332267b776a24092a584,83
exercise_vigorous,621e332267b776a24092a584,87
exercise_vigorous,621e332267b776a24092a584,137
exercise_vigorous,621e332267b776a24092a584,157
exercise_vigorous,621e332267b776a24092a584,174
exercise_vigorous,621e332267b776a24092a584,201
exercise_vigorous,621e332267b776a24092a584,224
exercise_vigorous,621e332267b776a24092a584,228
exercise_vigorous,621e332267b776a24092a584,234
exercise_vigorous,621e332267b776a24092a584,255
exercise_vigorous,621e332267b776a24092a584,280
exercise_vigorous,621e332267b776a24092a584,341
exercise_vigorous,621e333967b776a240a3cd06,3
exercise_vigorous,621e333967b776a240a3cd06,25
exercise_vigorous,621e333967b776a240a3cd06,34
exercise_vigorous,621e333967b776a240a3cd06,46
exercise_vigorous,621e333967b776a240a3cd06,53
exercise_vigorous,621e333967b776a240a3cd06,59
exercise_vigorous,621e333967b776a240a3cd06,470
exercise_vigorous,621e335a67b776a240bb12ff,19
exercise_vigorous,621e335a67b776a240bb12ff,25
exercise_vigorous,621e335a67b776a240bb12ff,29
exercise_vigorous,621e335a67b776a240bb12ff,46
exercise_vigorous,621e335a67b776a240bb12ff,51
exercise_vigorous,621e335a67b776a240bb12ff,65
exercise_vigorous,621e335a67b776a240bb12ff,70
exercise_vigorous,621e335a67b776a240bb12ff,75
exercise_vigorous,621e335a67b776a240bb12ff,89
exercise_vigorous,621e335a67b776a240bb12ff,94
exercise_vigorous,621e335a67b776a240bb12ff,99
exercise_vigorous,621e335a67b776a240bb12ff,113
exercise_vigorous,621e335a67b776a240bb12ff,118
exercise_vigorous,621e335a67b776a240bb12ff,123
exercise_vigorous,621e335a67b776a240bb12ff,137
exercise_vigorous,621e335a67b776a240bb12ff,142
exercise_vigorous,621e335a67b776a240bb12ff,148
exercise_vigorous,621e335a67b776a240bb12ff,163
exercise_vigorous,621e335a67b776a240bb12ff,169
exercise_vigorous,621e335a67b776a240bb12ff,173
exercise_vigorous,621e335a67b776a240bb12ff,189
exercise_vigorous,621e335a67b776a240bb12ff,193
exercise_vigorous,621e335a67b776a240bb12ff,197
exercise_vigorous,621e335a67b776a240bb12ff,209
exercise_vigorous,621e335a67b776a240bb12ff,214
exercise_vigorous,621e335a67b776a240bb12ff,220
exercise_vigorous,621e335a67b776a240bb12ff,233
exercise_vigorous,621e335a67b776a240bb12ff,238
exercise_vigorous,621e335a67b776a240bb12ff,244
exercise_vigorous,621e335a67b776a240bb12ff,257
exercise_vigorous,621e335a67b776a240bb12ff,262
exercise_vigorous,621e335a67b776a240bb12ff,268
exercise_vigorous,621e335a67b776a240bb12ff,281
exercise_vigorous,621e335a67b776a240bb12ff,286
exercise_vigorous,621e335a67b776a240bb12ff,293
exercise_vigorous,621e335a67b776a240bb12ff,306
exercise_vigorous,621e335a67b776a240bb12ff,310
exercise_vigorous,621e335a67b776a240bb12ff,315
exercise_vigorous,621e335a67b776a240bb12ff,332
exercise_vigorous,621e335a67b776a240bb12ff,338
exercise_vigorous,621e335a67b776a240bb12ff,341
exercise_vigorous,621e335a67b776a240bb12ff,355
exercise_vigorous,621e335a67b776a240bb12ff,361
exercise_vigorous,621e335a67b776a240bb12ff,380
exercise_vigorous,621e335a67b776a240bb12ff,382
exercise_vigorous,621e335a67b776a240bb12ff,389
exercise_vigorous,621e335a67b776a240bb12ff,401
exercise_vigorous,621e335a67b776a240bb12ff,407
exercise_vigorous,621e335a67b776a240bb12ff,413
exercise_vigorous,621e335a67b776a240bb12ff,425
exercise_vigorous,621e335a67b776a240bb12ff,430
exercise_vigorous,621e335a67b776a240bb12ff,436
exercise_vigorous,621e335a67b776a240bb12ff,449
exercise_vigorous,621e335a67b776a240bb12ff,461
exercise_vigorous,621e335a67b776a240bb12ff,475
exercise_vigorous,621e335a67b776a240bb12ff,478
exercise_vigorous,621e335a67b776a240bb12ff,485
exercise_vigorous,621e335a67b776a240bb12ff,506
exercise_vigorous,621e335a67b776a240bb12ff,510
exercise_vigorous,621e335a67b776a240bb12ff,523
exercise_vigorous,621e335a67b776a240bb12ff,529
exercise_vigorous,621e335a67b776a240bb12ff,532
exercise_vigorous,621e335a67b776a240bb12ff,546
exercise_vigorous,621e335a67b776a240bb12ff,552
exercise_vigorous,621e335a67b776a240bb12ff,569
exercise_vigorous,621e335a67b776a240bb12ff,574
exercise_vigorous,621e335a67b776a240bb12ff,580
exercise_vigorous,621e335a67b776a240bb12ff,593
exercise_vigorous,621e335a67b776a240bb12ff,598
exercise_vigorous,621e335a67b776a240bb12ff,604
exercise_vigorous,621e335a67b776a240bb12ff,617
exercise_vigorous,621e335a67b776a240bb12ff,623
exercise_vigorous,621e335a67b776a240bb12ff,628
exercise_vigorous,621e335a67b776a240bb12ff,643
exercise_vigorous,621e335a67b776a240bb12ff,646
exercise_vigorous,621e335a67b776a240bb12ff,652
exercise_vigorous,621e335a67b776a240bb12ff,668
exercise_vigorous,621e335a67b776a240bb12ff,673
exercise_vigorous,621e335a67b776a240bb12ff,676
exercise_vigorous,621e335a67b776a240bb12ff,695
exercise_vigorous,621e335a67b776a240bb12ff,697
exercise_vigorous,621e335a67b776a240bb12ff,701
exercise_vigorous,621e335a67b776a240bb12ff,713
exercise_vigorous,621e335a67b776a240bb12ff,718
exercise_vigorous,621e335a67b776a240bb12ff,723
exercise_vigorous,621e335a67b776a240bb12ff,737
exercise_vigorous,621e335a67b776a240bb12ff,742
exercise_vigorous,621e335a67b776a240bb12ff,748
exercise_vigorous,621e335a67b776a240bb12ff,763
exercise_vigorous,621e335a67b776a240bb12ff,766
exercise_vigorous,621e335a67b776a240bb12ff,771
exercise_vigorous,621e335a67b776a240bb12ff,788
exercise_vigorous,621e335a67b776a240bb12ff,790
exercise_vigorous,621e335a67b776a240bb12ff,835
exercise_vigorous,621e335a67b776a240bb12ff,841
exercise_vigorous,621e335a67b776a240bb12ff,846
exercise_vigorous,621e335a67b776a240bb12ff,865
exercise_vigorous,621e335a67b776a240bb12ff,869
exercise_vigorous,621e335a67b776a240bb12ff,881
exercise_vigorous,621e335a67b776a240bb12ff,886
exercise_vigorous,621e335a67b776a240bb12ff,892
exercise_vigorous,621e335a67b776a240bb12ff,905
exercise_vigorous,621e335a67b776a240bb12ff,910
exercise_vigorous,621e335a67b776a240bb12ff,915
exercise_vigorous,621e335a67b776a240bb12ff,929
exercise_vigorous,621e335a67b776a240bb12ff,934
exercise_vigorous,621e335a67b776a240bb12ff,939
exercise_vigorous,621e335a67b776a240bb12ff,953
exercise_vigorous,621e335a67b776a240bb12ff,958
exercise_vigorous,621e335a67b776a240bb12ff,977
exercise_vigorous,621e335a67b776a240bb12ff,983
exercise_vigorous,621e335a67b776a240bb12ff,990
exercise_vigorous,621e335a67b776a240bb12ff,1009
exercise_vigorous,621e335a67b776a240bb12ff,1014
exercise_vigorous,621e335a67b776a240bb12ff,1027
exercise_vigorous,621e335a67b776a240bb12ff,1033
exercise_vigorous,621e335a67b776a240bb12ff,1037
exercise_vigorous,621e335a67b776a240bb12ff,1050
exercise_vigorous,621e335a67b776a240bb12ff,1060
exercise_vigorous,621e335a67b776a240bb12ff,1078
exercise_vigorous,621e335a67b776a240bb12ff,1084
exercise_vigorous,621e335a67b776a240bb12ff,1097
exercise_vigorous,621e335a67b776a240bb12ff,1108
exercise_vigorous,621e335a67b776a240bb12ff,1122
exercise_vigorous,621e335a67b776a240bb12ff,1126
exercise_vigorous,621e335a67b776a240bb12ff,1133
exercise_vigorous,621e335a67b776a240bb12ff,1145
exercise_vigorous,621e335a67b776a240bb12ff,1151
exercise_vigorous,621e335a67b776a240bb12ff,1155
exercise_vigorous,621e335a67b776a240bb12ff,1172
exercise_vigorous,621e335a67b776a240bb12ff,1178
exercise_vigorous,621e335a67b776a240bb12ff,1181
exercise_vigorous,621e335a67b776a240bb12ff,1195
exercise_vigorous,621e335a67b776a240bb12ff,1205
exercise_vigorous,621e335a67b776a240bb12ff,1222
exercise_vigorous,621e335a67b776a240bb12ff,1229
exercise_vigorous,621e335a67b776a240bb12ff,1241
exercise_vigorous,621e335a67b776a240bb12ff,1246
exercise_vigorous,621e335a67b776a240bb12ff,1251
exercise_vigorous,621e335a67b776a240bb12ff,1266
exercise_vigorous,621e337667b776a240ce78ab,6
exercise_vigorous,621e337667b776a240ce78ab,22
exercise_vigorous,621e337667b776a240ce78ab,26
exercise_vigorous,621e337667b776a240ce78ab,29
exercise_vigorous,621e337667b776a240ce78ab,44
exercise_vigorous,621e337667b776a240ce78ab,51
exercise_vigorous,621e337667b776a240ce78ab,55
exercise_vigorous,621e337667b776a240ce78ab,66
exercise_vigorous,621e337667b776a240ce78ab,74
exercise_vigorous,621e337667b776a240ce78ab,90
exercise_vigorous,621e337667b776a240ce78ab,97
exercise_vigorous,621e337667b776a240ce78ab,100
exercise_vigorous,621e337667b776a240ce78ab,115
exercise_vigorous,621e337667b776a240ce78ab,119
exercise_vigorous,621e337667b776a240ce78ab,125
exercise_vigorous,621e337667b776a240ce78ab,138
exercise_vigorous,621e337667b776a240ce78ab,143
exercise_vigorous,621e337667b776a240ce78ab,150
exercise_vigorous,621e337667b776a240ce78ab,164
exercise_vigorous,621e337667b776a240ce78ab,168
exercise_vigorous,621e337667b776a240ce78ab,174
exercise_vigorous,621e337667b776a240ce78ab,189
exercise_vigorous,621e337667b776a240ce78ab,1
exercise_vigorous,621e337667b776a240ce78ab,19
exercise_vigorous,621e337667b776a240ce78ab,24
exercise_vigorous,621e337667b776a240ce78ab,28
exercise_vigorous,621e337667b776a240ce78ab,41
exercise_vigorous,621e337667b776a240ce78ab,46
exercise_vigorous,621e337667b776a240ce78ab,51
exercise_vigorous,621e337667b776a240ce78ab,66
exercise_vigorous,621e337667b776a240ce78ab,69
exercise_vigorous,621e337667b776a240ce78ab,75
exercise_vigorous,621e337667b776a240ce78ab,89
exercise_vigorous,621e337667b776a240ce78ab,93
exercise_vigorous,621e337667b776a240ce78ab,98
exercise_vigorous,621e337667b776a240ce78ab,115
exercise_vigorous,621e337667b776a240ce78ab,117
exercise_vigorous,621e337667b776a240ce78ab,122
exercise_vigorous,621e337667b776a240ce78ab,138
exercise_vigorous,621e337667b776a240ce78ab,141
exercise_vigorous,621e337667b776a240ce78ab,147
exercise_vigorous,621e337667b776a240ce78ab,163
exercise_vigorous,621e337667b776a240ce78ab,168
exercise_vigorous,621e337667b776a240ce78ab,188
exercise_vigorous,621e337667b776a240ce78ab,193
exercise_vigorous,621e337667b776a240ce78ab,196
exercise_vigorous,621e337667b776a240ce78ab,208
exercise_vigorous,621e337667b776a240ce78ab,215
exercise_vigorous,621e337667b776a240ce78ab,218
exercise_vigorous,621e337667b776a240ce78ab,232
exercise_vigorous,621e337667b776a240ce78ab,237
exercise_vigorous,621e337667b776a240ce78ab,242
exercise_vigorous,621e337667b776a240ce78ab,256
exercise_vigorous,621e337667b776a240ce78ab,262
exercise_vigorous,621e337667b776a240ce78ab,281
exercise_vigorous,621e337667b776a240ce78ab,287
exercise_vigorous,621e337667b776a240ce78ab,290
exercise_vigorous,621e337667b776a240ce78ab,305
exercise_vigorous,621e337667b776a240ce78ab,310
exercise_vigorous,621e337667b776a240ce78ab,314
exercise_vigorous,621e337667b776a240ce78ab,332
exercise_vigorous,621e337667b776a240ce78ab,336
exercise_vigorous,621e337667b776a240ce78ab,340
exercise_vigorous,621e337667b776a240ce78ab,356
exercise_vigorous,621e337667b776a240ce78ab,360
exercise_vigorous,621e337667b776a240ce78ab,382
exercise_vigorous,621e337667b776a240ce78ab,403
exercise_vigorous,621e337667b776a240ce78ab,410
exercise_vigorous,621e337667b776a240ce78ab,425
exercise_vigorous,621e337667b776a240ce78ab,448
exercise_vigorous,621e337667b776a240ce78ab,453
exercise_vigorous,621e337667b776a240ce78ab,459
exercise_vigorous,621e337667b776a240ce78ab,472
exercise_vigorous,621e337667b776a240ce78ab,479
exercise_vigorous,621e337667b776a240ce78ab,501
exercise_vigorous,621e337667b776a240ce78ab,505
exercise_vigorous,621e337667b776a240ce78ab,522
exercise_vigorous,621e337667b776a240ce78ab,528
exercise_vigorous,621e337667b776a240ce78ab,532
exercise_vigorous,621e337667b776a240ce78ab,568
exercise_vigorous,621e337667b776a240ce78ab,574
exercise_vigorous,621e337667b776a240ce78ab,592
exercise_vigorous,621e337667b776a240ce78ab,599
exercise_vigorous,621e337667b776a240ce78ab,602
exercise_vigorous,621e337667b776a240ce78ab,617
exercise_vigorous,621e337667b776a240ce78ab,622
exercise_vigorous,621e337667b776a240ce78ab,641
exercise_vigorous,621e337667b776a240ce78ab,645
exercise_vigorous,621e337667b776a240ce78ab,667
exercise_vigorous,621e337667b776a240ce78ab,672
exercise_vigorous,621e337667b776a240ce78ab,690
exercise_vigorous,621e337667b776a240ce78ab,696
exercise_vigorous,621e337667b776a240ce78ab,713
exercise_vigorous,621e337667b776a240ce78ab,736
exercise_vigorous,621e337667b776a240ce78ab,762
exercise_vigorous,621e337667b776a240ce78ab,768
exercise_vigorous,621e337667b776a240ce78ab,787
exercise_vigorous,621e337667b776a240ce78ab,790
exercise_vigorous,621e337667b776a240ce78ab,809
exercise_vigorous,621e337667b776a240ce78ab,816
exercise_vigorous,621e337667b776a240ce78ab,820
exercise_vigorous,621e337667b776a240ce78ab,842
exercise_vigorous,621e337667b776a240ce78ab,844
exercise_vigorous,621e337667b776a240ce78ab,858
exercise_vigorous,621e337667b776a240ce78ab,866
exercise_vigorous,621e337667b776a240ce78ab,869
exercise_vigorous,621e337667b776a240ce78ab,880
exercise_vigorous,621e337667b776a240ce78ab,886
exercise_vigorous,621e337667b776a240ce78ab,890
exercise_vigorous,621e337667b776a240ce78ab,904
exercise_vigorous,621e337667b776a240ce78ab,911
exercise_vigorous,621e337667b776a240ce78ab,916
exercise_vigorous,621e337667b776a240ce78ab,929
exercise_vigorous,621e337667b776a240ce78ab,933
exercise_vigorous,621e337667b776a240ce78ab,952
exercise_vigorous,621e337667b776a240ce78ab,958
exercise_vigorous,621e337667b776a240ce78ab,977
exercise_vigorous,621e337667b776a240ce78ab,981
exercise_vigorous,621e337667b776a240ce78ab,986
exercise_vigorous,621e337667b776a240ce78ab,1004
exercise_vigorous,621e337667b776a240ce78ab,1008
exercise_vigorous,621e337667b776a240ce78ab,1026
exercise_vigorous,621e337667b776a240ce78ab,1035
exercise_vigorous,621e337667b776a240ce78ab,1049
exercise_vigorous,621e337667b776a240ce78ab,1053
exercise_vigorous,621e337667b776a240ce78ab,1058
exercise_vigorous,621e337667b776a240ce78ab,1072
exercise_vigorous,621e337667b776a240ce78ab,1077
exercise_vigorous,621e337667b776a240ce78ab,1097
exercise_vigorous,621e337667b776a240ce78ab,1101
exercise_vigorous,621e337667b776a240ce78ab,1106
exercise_vigorous,621e337667b776a240ce78ab,1124
exercise_vigorous,621e337667b776a240ce78ab,1127
exercise_vigorous,621e337667b776a240ce78ab,1146
exercise_vigorous,621e337667b776a240ce78ab,1156
exercise_vigorous,621e337667b776a240ce78ab,1176
exercise_vigorous,621e337667b776a240ce78ab,1180
exercise_vigorous,621e337667b776a240ce78ab,1196
exercise_vigorous,621e337667b776a240ce78ab,1204
exercise_vigorous,621e337667b776a240ce78ab,1217
exercise_vigorous,621e339967b776a240e502de,935
exercise_vigorous,621e339967b776a240e502de,941
exercise_vigorous,621e339967b776a240e502de,961
exercise_vigorous,621e339967b776a240e502de,1013
exercise_vigorous,621e339967b776a240e502de,3
exercise_vigorous,621e339967b776a240e502de,8
exercise_vigorous,621e339967b776a240e502de,2
exercise_vigorous,621e339967b776a240e502de,9
exercise_vigorous,621e339967b776a240e502de,26
exercise_vigorous,621e339967b776a240e502de,20
exercise_vigorous,621e339967b776a240e502de,10
exercise_vigorous,621e339967b776a240e502de,8
exercise_vigorous,621e339967b776a240e502de,10
exercise_vigorous,621e339967b776a240e502de,4
exercise_vigorous,621e339967b776a240e502de,3
exercise_vigorous,621e339967b776a240e502de,30
exercise_vigorous,621e339967b776a240e502de,1
exercise_vigorous,621e339967b776a240e502de,20
exercise_vigorous,621e339967b776a240e502de,8
exercise_vigorous,621e339967b776a240e502de,2
exercise_vigorous,621e339967b776a240e502de,7
exercise_vigorous,621e339967b776a240e502de,4
exercise_vigorous,621e339967b776a240e502de,6
exercise_vigorous,621e339967b776a240e502de,1
exercise_vigorous,621e339967b776a240e502de,4
exercise_vigorous,621e339967b776a240e502de,4
exercise_vigorous,621e33b067b776a240f39e56,3
exercise_vigorous,621e33b067b776a240f39e56,20
exercise_vigorous,621e33b067b776a240f39e56,25
exercise_vigorous,621e33b067b776a240f39e56,29
exercise_vigorous,621e33b067b776a240f39e56,43
exercise_vigorous,621e33b067b776a240f39e56,49
exercise_vigorous,621e33b067b776a240f39e56,53
exercise_vigorous,621e33b067b776a240f39e56,65
exercise_vigorous,621e33b067b776a240f39e56,70
exercise_vigorous,621e33b067b776a240f39e56,75
exercise_vigorous,621e33b067b776a240f39e56,90
exercise_vigorous,621e33b067b776a240f39e56,94
exercise_vigorous,621e33b067b776a240f39e56,99
exercise_vigorous,621e33b067b776a240f39e56,1
exercise_vigorous,621e33b067b776a240f39e56,6
exercise_vigorous,621e33b067b776a240f39e56,11
exercise_vigorous,621e33b067b776a240f39e56,25
exercise_vigorous,621e33b067b776a240f39e56,30
exercise_vigorous,621e33b067b776a240f39e56,35
exercise_vigorous,621e33b067b776a240f39e56,49
exercise_vigorous,621e33b067b776a240f39e56,55
exercise_vigorous,621e33b067b776a240f39e56,60
exercise_vigorous,621e33b067b776a240f39e56,75
exercise_vigorous,621e33b067b776a240f39e56,17
exercise_vigorous,621e33b067b776a240f39e56,1
exercise_vigorous,621e33b067b776a240f39e56,5
exercise_vigorous,621e33b067b776a240f39e56,17
exercise_vigorous,621e33b067b776a240f39e56,0
exercise_vigorous,621e33b067b776a240f39e56,2
exercise_vigorous,621e33b067b776a240f39e56,15
exercise_vigorous,621e33b067b776a240f39e56,20
exercise_vigorous,621e33b067b776a240f39e56,25
exercise_vigorous,621e33b067b776a240f39e56,39
exercise_vigorous,621e33b067b776a240f39e56,44
exercise_vigorous,621e33b067b776a240f39e56,16
exercise_vigorous,621e33b067b776a240f39e56,21
exercise_vigorous,621e33b067b776a240f39e56,27
exercise_vigorous,621e33b067b776a240f39e56,40
exercise_vigorous,621e33b067b776a240f39e56,45
exercise_vigorous,621e33b067b776a240f39e56,50
exercise_vigorous,621e33b067b776a240f39e56,68
exercise_vigorous,621e33b067b776a240f39e56,73
exercise_vigorous,621e33b067b776a240f39e56,76
exercise_vigorous,621e33b067b776a240f39e56,90
exercise_vigorous,621e33b067b776a240f39e56,96
exercise_vigorous,621e33b067b776a240f39e56,99
exercise_vigorous,621e33b067b776a240f39e56,112
exercise_vigorous,621e33b067b776a240f39e56,1
exercise_vigorous,621e33b067b776a240f39e56,0
exercise_vigorous,621e33b067b776a240f39e56,14
exercise_vigorous,621e33b067b776a240f39e56,2
exercise_vigorous,621e33b067b776a240f39e56,8
exercise_vigorous,621e33b067b776a240f39e56,21
exercise_vigorous,621e33b067b776a240f39e56,26
exercise_vigorous,621e33b067b776a240f39e56,31
exercise_vigorous,621e33b067b776a240f39e56,45
exercise_vigorous,621e33b067b776a240f39e56,50
exercise_vigorous,621e33b067b776a240f39e56,55
exercise_vigorous,621e33b067b776a240f39e56,70
exercise_vigorous,621e33b067b776a240f39e56,74
exercise_vigorous,621e33b067b776a240f39e56,79
exercise_vigorous,621e33b067b776a240f39e56,95
exercise_vigorous,621e33b067b776a240f39e56,101
exercise_vigorous,621e33b067b776a240f39e56,105
exercise_vigorous,621e33b067b776a240f39e56,0
exercise_vigorous,621e33b067b776a240f39e56,5
exercise_vigorous,621e33b067b776a240f39e56,7
exercise_vigorous,621e33b067b776a240f39e56,22
exercise_vigorous,621e33b067b776a240f39e56,27
exercise_vigorous,621e33b067b776a240f39e56,32
exercise_vigorous,621e33b067b776a240f39e56,49
exercise_vigorous,621e33b067b776a240f39e56,54
exercise_vigorous,621e33b067b776a240f39e56,68
exercise_vigorous,621e33b067b776a240f39e56,74
exercise_vigorous,621e33b067b776a240f39e56,78
exercise_vigorous,621e33b067b776a240f39e56,92
exercise_vigorous,621e33b067b776a240f39e56,97
exercise_vigorous,621e33b067b776a240f39e56,102
exercise_vigorous,621e33b067b776a240f39e56,116
exercise_vigorous,621e33b067b776a240f39e56,121
exercise_vigorous,621e33b067b776a240f39e56,0
exercise_vigorous,621e33b067b776a240f39e56,16
exercise_vigorous,621e33b067b776a240f39e56,23
exercise_vigorous,621e33b067b776a240f39e56,26
exercise_vigorous,621e33b067b776a240f39e56,42
exercise_vigorous,621e33b067b776a240f39e56,46
exercise_vigorous,621e33b067b776a240f39e56,50
exercise_vigorous,621e33b067b776a240f39e56,63
exercise_vigorous,621e33b067b776a240f39e56,67
exercise_vigorous,621e33b067b776a240f39e56,72
exercise_vigorous,621e33b067b776a240f39e56,86
exercise_vigorous,621e33b067b776a240f39e56,91
exercise_vigorous,621e33b067b776a240f39e56,110
exercise_vigorous,621e33b067b776a240f39e56,117
exercise_vigorous,621e33b067b776a240f39e56,120
exercise_vigorous,621e33b067b776a240f39e56,136
exercise_vigorous,621e33b067b776a240f39e56,139
exercise_vigorous,621e33b067b776a240f39e56,145
exercise_vigorous,621e33b067b776a240f39e56,161
exercise_vigorous,621e33b067b776a240f39e56,168
exercise_vigorous,621e33b067b776a240f39e56,184
exercise_vigorous,621e33b067b776a240f39e56,194
exercise_vigorous,621e33b067b776a240f39e56,209
exercise_vigorous,621e33b067b776a240f39e56,215
exercise_vigorous,621e33b067b776a240f39e56,218
exercise_vigorous,621e33b067b776a240f39e56,231
exercise_vigorous,621e33b067b776a240f39e56,237
exercise_vigorous,621e33b067b776a240f39e56,240
exercise_vigorous,621e33b067b776a240f39e56,257
exercise_vigorous,621e33b067b776a240f39e56,260
exercise_vigorous,621e33b067b776a240f39e56,265
exercise_vigorous,621e33b067b776a240f39e56,278
exercise_vigorous,621e33b067b776a240f39e56,283
exercise_vigorous,621e33b067b776a240f39e56,289
exercise_vigorous,621e33b067b776a240f39e56,304
exercise_vigorous,621e33b067b776a240f39e56,307
exercise_vigorous,621e33b067b776a240f39e56,312
exercise_vigorous,621e33b067b776a240f39e56,327
exercise_vigorous,621e33b067b776a240f39e56,333
exercise_vigorous,621e33b067b776a240f39e56,336
exercise_vigorous,621e33b067b776a240f39e56,7
exercise_vigorous,621e33b067b776a240f39e56,23
exercise_vigorous,621e33b067b776a240f39e56,43
exercise_vigorous,621e33b067b776a240f39e56,53
exercise_vigorous,621e33b067b776a240f39e56,68
exercise_vigorous,621e33b067b776a240f39e56,73
exercise_vigorous,621e33b067b776a240f39e56,79
exercise_vigorous,621e33b067b776a240f39e56,91
exercise_vigorous,621e33b067b776a240f39e56,98
exercise_vigorous,621e33b067b776a240f39e56,102
exercise_vigorous,621e33b067b776a240f39e56,115
exercise_vigorous,621e33b067b776a240f39e56,5
exercise_vigorous,621e33b067b776a240f39e56,9
exercise_vigorous,621e33b067b776a240f39e56,24
exercise_vigorous,621e33b067b776a240f39e56,3
exercise_vigorous,621e33b067b776a240f39e56,8
exercise_vigorous,621e33b067b776a240f39e56,24
exercise_vigorous,621e33b067b776a240f39e56,2
exercise_vigorous,621e33b067b776a240f39e56,1
exercise_vigorous,621e33b067b776a240f39e56,16
exercise_vigorous,621e33b067b776a240f39e56,23
exercise_vigorous,621e33b067b776a240f39e56,25
exercise_vigorous,621e33b067b776a240f39e56,39
exercise_vigorous,621e33b067b776a240f39e56,43
exercise_vigorous,621e33b067b776a240f39e56,5
exercise_vigorous,621e33b067b776a240f39e56,18
exercise_vigorous,621e33b067b776a240f39e56,2
exercise_vigorous,621e33b067b776a240f39e56,8
exercise_vigorous,621e33b067b776a240f39e56,21
exercise_vigorous,621e33b067b776a240f39e56,26
exercise_vigorous,621e33b067b776a240f39e56,31
exercise_vigorous,621e33b067b776a240f39e56,45
exercise_vigorous,621e33b067b776a240f39e56,50
exercise_vigorous,621e33b067b776a240f39e56,69
exercise_vigorous,621e33b067b776a240f39e56,74
exercise_vigorous,621e33b067b776a240f39e56,20
exercise_vigorous,621e33b067b776a240f39e56,27
exercise_vigorous,621e33b067b776a240f39e56,30
exercise_vigorous,621e33b067b776a240f39e56,46
exercise_vigorous,621e33b067b776a240f39e56,50
exercise_vigorous,621e33b067b776a240f39e56,54
exercise_vigorous,621e33b067b776a240f39e56,68
exercise_vigorous,621e33cf67b776a240087de9,1
exercise_vigorous,621e33cf67b776a240087de9,7
exercise_vigorous,621e33cf67b776a240087de9,10
exercise_vigorous,621e33cf67b776a240087de9,26
exercise_vigorous,621e33cf67b776a240087de9,31
exercise_vigorous,621e33cf67b776a240087de9,47
exercise_vigorous,621e33cf67b776a240087de9,52
exercise_vigorous,621e33cf67b776a240087de9,57
exercise_vigorous,621e33cf67b776a240087de9,72
exercise_vigorous,621e33cf67b776a240087de9,76
exercise_vigorous,621e33cf67b776a240087de9,82
exercise_vigorous,621e33cf67b776a240087de9,95
exercise_vigorous,621e33cf67b776a240087de9,100
exercise_vigorous,621e33cf67b776a240087de9,106
exercise_vigorous,621e33cf67b776a240087de9,119
exercise_vigorous,621e33cf67b776a240087de9,124
exercise_vigorous,621e33cf67b776a240087de9,129
exercise_vigorous,621e33cf67b776a240087de9,143
exercise_vigorous,621e33cf67b776a240087de9,150
exercise_vigorous,621e33cf67b776a240087de9,153
exercise_vigorous,621e33cf67b776a240087de9,228
exercise_vigorous,621e33cf67b776a240087de9,244
exercise_vigorous,621e33cf67b776a240087de9,250
exercise_vigorous,621e33cf67b776a240087de9,288
exercise_vigorous,621e33cf67b776a240087de9,292
exercise_vigorous,621e33cf67b776a240087de9,298
exercise_vigorous,621e33cf67b776a240087de9,311
exercise_vigorous,621e33cf67b776a240087de9,317
exercise_vigorous,621e33cf67b776a240087de9,321
exercise_vigorous,621e33cf67b776a240087de9,338
exercise_vigorous,621e33cf67b776a240087de9,344
exercise_vigorous,621e33cf67b776a240087de9,347
exercise_vigorous,621e33cf67b776a240087de9,361
exercise_vigorous,621e33cf67b776a240087de9,4
exercise_vigorous,621e33cf67b776a240087de9,9
exercise_vigorous,621e33cf67b776a240087de9,20
exercise_vigorous,621e33cf67b776a240087de9,25
exercise_vigorous,621e33cf67b776a240087de9,33
exercise_vigorous,621e33cf67b776a240087de9,44
exercise_vigorous,621e33cf67b776a240087de9,49
exercise_vigorous,621e33cf67b776a240087de9,120
exercise_vigorous,621e33cf67b776a240087de9,121
exercise_vigorous,621e33cf67b776a240087de9,126
exercise_vigorous,621e33cf67b776a240087de9,142
exercise_vigorous,621e33cf67b776a240087de9,148
exercise_vigorous,621e33cf67b776a240087de9,153
exercise_vigorous,621e33cf67b776a240087de9,172
exercise_vigorous,621e33cf67b776a240087de9,190
exercise_vigorous,621e33cf67b776a240087de9,195
exercise_vigorous,621e33cf67b776a240087de9,199
exercise_vigorous,621e33cf67b776a240087de9,213
exercise_vigorous,621e33cf67b776a240087de9,219
exercise_vigorous,621e33cf67b776a240087de9,223
exercise_vigorous,621e33cf67b776a240087de9,237
exercise_vigorous,621e33cf67b776a240087de9,247
exercise_vigorous,621e33cf67b776a240087de9,261
exercise_vigorous,621e33cf67b776a240087de9,288
exercise_vigorous,621e33cf67b776a240087de9,290
exercise_vigorous,621e33cf67b776a240087de9,311
exercise_vigorous,621e33cf67b776a240087de9,316
exercise_vigorous,621e33cf67b776a240087de9,320
exercise_vigorous,621e33cf67b776a240087de9,336
exercise_vigorous,621e33cf67b776a240087de9,341
exercise_vigorous,621e33cf67b776a240087de9,360
exercise_vigorous,621e33cf67b776a240087de9,363
exercise_vigorous,621e33cf67b776a240087de9,366
exercise_vigorous,621e33cf67b776a240087de9,383
exercise_vigorous,621e33cf67b776a240087de9,0
exercise_vigorous,621e33cf67b776a240087de9,70
exercise_vigorous,621e33cf67b776a240087de9,74
exercise_vigorous,621e33cf67b776a240087de9,78
exercise_vigorous,621e33cf67b776a240087de9,93
exercise_vigorous,621e33cf67b776a240087de9,99
exercise_vigorous,621e33cf67b776a240087de9,117
exercise_vigorous,621e33cf67b776a240087de9,123
exercise_vigorous,621e33cf67b776a240087de9,145
exercise_vigorous,621e33cf67b776a240087de9,150
exercise_vigorous,621e33cf67b776a240087de9,164
exercise_vigorous,621e33cf67b776a240087de9,169
exercise_vigorous,621e33cf67b776a240087de9,188
exercise_vigorous,621e33cf67b776a240087de9,195
exercise_vigorous,621e33cf67b776a240087de9,199
exercise_vigorous,621e33cf67b776a240087de9,212
exercise_vigorous,621e33cf67b776a240087de9,216
exercise_vigorous,621e33cf67b776a240087de9,223
exercise_vigorous,621e33cf67b776a240087de9,235
exercise_vigorous,621e33cf67b776a240087de9,241
exercise_vigorous,621e33cf67b776a240087de9,247
exercise_vigorous,621e33cf67b776a240087de9,261
exercise_vigorous,621e33cf67b776a240087de9,272
exercise_vigorous,621e33cf67b776a240087de9,286
exercise_vigorous,621e33cf67b776a240087de9,291
exercise_vigorous,621e33cf67b776a240087de9,296
exercise_vigorous,621e33cf67b776a240087de9,307
exercise_vigorous,621e33cf67b776a240087de9,313
exercise_vigorous,621e33cf67b776a240087de9,318
exercise_vigorous,621e33cf67b776a240087de9,332
exercise_vigorous,621e33cf67b776a240087de9,359
exercise_vigorous,621e33cf67b776a240087de9,361
exercise_vigorous,621e33cf67b776a240087de9,379
exercise_vigorous,621e33cf67b776a240087de9,385
exercise_vigorous,621e33cf67b776a240087de9,392
exercise_vigorous,621e33cf67b776a240087de9,404
exercise_vigorous,621e33cf67b776a240087de9,410
exercise_vigorous,621e33cf67b776a240087de9,415
exercise_vigorous,621e33cf67b776a240087de9,429
exercise_vigorous,621e33cf67b776a240087de9,454
exercise_vigorous,621e33cf67b776a240087de9,460
exercise_vigorous,621e33cf67b776a240087de9,462
exercise_vigorous,621e33cf67b776a240087de9,475
exercise_vigorous,621e33cf67b776a240087de9,480
exercise_vigorous,621e33cf67b776a240087de9,485
exercise_vigorous,621e33cf67b776a240087de9,499
exercise_vigorous,621e33cf67b776a240087de9,504
exercise_vigorous,621e33cf67b776a240087de9,509
exercise_vigorous,621e33cf67b776a240087de9,523
exercise_vigorous,621e33cf67b776a240087de9,530
exercise_vigorous,621e33cf67b776a240087de9,533
exercise_vigorous,621e33cf67b776a240087de9,547
exercise_vigorous,621e33cf67b776a240087de9,554
exercise_vigorous,621e33cf67b776a240087de9,573
exercise_vigorous,621e33cf67b776a240087de9,576
exercise_vigorous,621e33cf67b776a240087de9,582
exercise_vigorous,621e33cf67b776a240087de9,2
exercise_vigorous,621e33cf67b776a240087de9,8
exercise_vigorous,621e33cf67b776a240087de9,13
exercise_vigorous,621e33cf67b776a240087de9,26
exercise_vigorous,621e33cf67b776a240087de9,33
exercise_vigorous,621e33cf67b776a240087de9,36
exercise_vigorous,621e33ed67b776a2401cf5f7,40
exercise_vigorous,621e33ed67b776a2401cf5f7,46
exercise_vigorous,621e33ed67b776a2401cf5f7,1
exercise_vigorous,621e33ed67b776a2401cf5f7,20
exercise_vigorous,621e33ed67b776a2401cf5f7,24
exercise_vigorous,621e33ed67b776a2401cf5f7,42
exercise_vigorous,621e33ed67b776a2401cf5f7,0
exercise_vigorous,621e33ed67b776a2401cf5f7,2
exercise_vigorous,621e33ed67b776a2401cf5f7,20
exercise_vigorous,621e33ed67b776a2401cf5f7,45
exercise_vigorous,621e33ed67b776a2401cf5f7,1
exercise_vigorous,621e33ed67b776a2401cf5f7,2
exercise_vigorous,621e33ed67b776a2401cf5f7,47
exercise_vigorous,621e33ed67b776a2401cf5f7,2
exercise_vigorous,621e33ed67b776a2401cf5f7,19
exercise_vigorous,621e33ed67b776a2401cf5f7,41
exercise_vigorous,621e33ed67b776a2401cf5f7,47
exercise_vigorous,621e33ed67b776a2401cf5f7,0
exercise_vigorous,621e33ed67b776a2401cf5f7,71
exercise_vigorous,621e33ed67b776a2401cf5f7,0
exercise_vigorous,621e33ed67b776a2401cf5f7,73
exercise_vigorous,621e33ed67b776a2401cf5f7,160
exercise_vigorous,621e340467b776a2402d7982,5
exercise_vigorous,621e340467b776a2402d7982,17
exercise_vigorous,621e340467b776a2402d7982,42
exercise_vigorous,621e340467b776a2402d7982,67
exercise_vigorous,621e340467b776a2402d7982,136
exercise_vigorous,621e340467b776a2402d7982,146
exercise_vigorous,621e340467b776a2402d7982,161
exercise_vigorous,621e340467b776a2402d7982,237
exercise_vigorous,621e340467b776a2402d7982,264
exercise_vigorous,621e340467b776a2402d7982,283
exercise_vigorous,621e340467b776a2402d7982,292
exercise_vigorous,621e340467b776a2402d7982,303
exercise_vigorous,621e340467b776a2402d7982,329
exercise_vigorous,621e340467b776a2402d7982,341
exercise_vigorous,621e340467b776a2402d7982,353
exercise_vigorous,621e340467b776a2402d7982,375
exercise_vigorous,621e340467b776a2402d7982,385
exercise_vigorous,621e340467b776a2402d7982,401
exercise_vigorous,621e340467b776a2402d7982,428
exercise_vigorous,621e340467b776a2402d7982,455
exercise_vigorous,621e340467b776a2402d7982,498
exercise_vigorous,621e340467b776a2402d7982,522
exercise_vigorous,621e340467b776a2402d7982,594
exercise_vigorous,621e340467b776a2402d7982,617
exercise_vigorous,621e340467b776a2402d7982,669
exercise_vigorous,621e340467b776a2402d7982,745
exercise_vigorous,621e340467b776a2402d7982,761
exercise_vigorous,621e340467b776a2402d7982,784
exercise_vigorous,621e340467b776a2402d7982,794
exercise_vigorous,621e340467b776a2402d7982,820
exercise_vigorous,621e340467b776a2402d7982,833
exercise_vigorous,621e340467b776a2402d7982,842
exercise_vigorous,621e340467b776a2402d7982,857
exercise_vigorous,621e340467b776a2402d7982,880
exercise_vigorous,621e340467b776a2402d7982,954
exercise_vigorous,621e340467b776a2402d7982,978
exercise_vigorous,621e340467b776a2402d7982,1035
exercise_vigorous,621e340467b776a2402d7982,1049
exercise_vigorous,621e340467b776a2402d7982,1073
exercise_vigorous,621e340467b776a2402d7982,1083
exercise_vigorous,621e340467b776a2402d7982,1097
exercise_vigorous,621e340467b776a2402d7982,1175
exercise_vigorous,621e340467b776a2402d7982,1217
exercise_vigorous,621e340467b776a2402d7982,1269
exercise_vigorous,621e340467b776a2402d7982,16
exercise_vigorous,621e345c67b776a2407146a8,28
exercise_vigorous,621e345c67b776a2407146a8,163
exercise_vigorous,621e345c67b776a2407146a8,20
exercise_vigorous,621e345c67b776a2407146a8,44
exercise_vigorous,621e345c67b776a2407146a8,282
exercise_vigorous,621e345c67b776a2407146a8,450
exercise_vigorous,621e346f67b776a24081744f,1751
exercise_vigorous,621e346f67b776a24081744f,1760
exercise_vigorous,621e346f67b776a24081744f,1776
exercise_vigorous,621e346f67b776a24081744f,1803
exercise_vigorous,621e346f67b776a24081744f,1806
exercise_vigorous,621e346f67b776a24081744f,1824
exercise_vigorous,621e346f67b776a24081744f,1856
exercise_vigorous,621e346f67b776a24081744f,1876
exercise_vigorous,621e346f67b776a24081744f,1950
exercise_vigorous,621e346f67b776a24081744f,1994
exercise_vigorous,621e346f67b776a24081744f,2112
exercise_vigorous,621e346f67b776a24081744f,2241
exercise_vigorous,621e346f67b776a24081744f,2381
exercise_vigorous,621e346f67b776a24081744f,2426
exercise_vigorous,621e346f67b776a24081744f,2450
exercise_vigorous,621e346f67b776a24081744f,2471
exercise_vigorous,621e346f67b776a24081744f,2528
exercise_vigorous,621e346f67b776a24081744f,2568
exercise_vigorous,621e346f67b776a24081744f,2669
exercise_vigorous,621e346f67b776a24081744f,2785
exercise_vigorous,621e346f67b776a24081744f,2813
exercise_vigorous,621e346f67b776a24081744f,2904
exercise_vigorous,621e34db67b776a240c9c2be,0
exercise_vigorous,621e34db67b776a240c9c2be,7
exercise_vigorous,621e34db67b776a240c9c2be,21
exercise_vigorous,621e34db67b776a240c9c2be,32
exercise_vigorous,621e34db67b776a240c9c2be,44
exercise_vigorous,621e34db67b776a240c9c2be,48
exercise_vigorous,621e34db67b776a240c9c2be,77
exercise_vigorous,621e34db67b776a240c9c2be,95
exercise_vigorous,621e34db67b776a240c9c2be,99
exercise_vigorous,621e34db67b776a240c9c2be,103
exercise_vigorous,621e34db67b776a240c9c2be,117
exercise_vigorous,621e34db67b776a240c9c2be,128
exercise_vigorous,621e34db67b776a240c9c2be,141
exercise_vigorous,621e34db67b776a240c9c2be,149
exercise_vigorous,621e34db67b776a240c9c2be,165
exercise_vigorous,621e34db67b776a240c9c2be,188
exercise_vigorous,621e34db67b776a240c9c2be,195
exercise_vigorous,621e34db67b776a240c9c2be,198
exercise_vigorous,621e34db67b776a240c9c2be,213
exercise_vigorous,621e34db67b776a240c9c2be,217
exercise_vigorous,621e34db67b776a240c9c2be,223
exercise_vigorous,621e34db67b776a240c9c2be,235
exercise_vigorous,621e34db67b776a240c9c2be,242
exercise_vigorous,621e34db67b776a240c9c2be,246
exercise_vigorous,621e34db67b776a240c9c2be,261
exercise_vigorous,621e34db67b776a240c9c2be,268
exercise_vigorous,621e34db67b776a240c9c2be,286
exercise_vigorous,621e34db67b776a240c9c2be,296
exercise_vigorous,621e34db67b776a240c9c2be,311
exercise_vigorous,621e34db67b776a240c9c2be,312
exercise_vigorous,621e34db67b776a240c9c2be,318
exercise_vigorous,621e34db67b776a240c9c2be,358
exercise_vigorous,621e34db67b776a240c9c2be,360
exercise_vigorous,621e34db67b776a240c9c2be,365
exercise_vigorous,621e34db67b776a240c9c2be,380
exercise_vigorous,621e34db67b776a240c9c2be,384
exercise_vigorous,621e34db67b776a240c9c2be,405
exercise_vigorous,621e34db67b776a240c9c2be,415
exercise_vigorous,621e34db67b776a240c9c2be,431
exercise_vigorous,621e34db67b776a240c9c2be,439
exercise_vigorous,621e34db67b776a240c9c2be,457
exercise_vigorous,621e34db67b776a240c9c2be,462
exercise_vigorous,621e34db67b776a240c9c2be,477
exercise_vigorous,621e34db67b776a240c9c2be,483
exercise_vigorous,621e34db67b776a240c9c2be,487
exercise_vigorous,621e34db67b776a240c9c2be,502
exercise_vigorous,621e34db67b776a240c9c2be,511
exercise_vigorous,621e34db67b776a240c9c2be,526
exercise_vigorous,621e34db67b776a240c9c2be,535
exercise_vigorous,621e34db67b776a240c9c2be,559
exercise_vigorous,621e34db67b776a240c9c2be,572
exercise_vigorous,621e34ec67b776a240d60873,0
exercise_vigorous,621e34ec67b776a240d60873,14
exercise_vigorous,621e34ec67b776a240d60873,160
exercise_vigorous,621e34ff67b776a240e446d6,12
exercise_vigorous,621e34ff67b776a240e446d6,0
exercise_vigorous,621e34ff67b776a240e446d6,31
exercise_vigorous,621e34ff67b776a240e446d6,34
exercise_vigorous,621e34ff67b776a240e446d6,53
exercise_vigorous,621e34ff67b776a240e446d6,58
exercise_vigorous,621e34ff67b776a240e446d6,79
exercise_vigorous,621e34ff67b776a240e446d6,81
exercise_vigorous,621e34ff67b776a240e446d6,96
exercise_vigorous,621e34ff67b776a240e446d6,99
exercise_vigorous,621e34ff67b776a240e446d6,122
exercise_vigorous,621e34ff67b776a240e446d6,128
exercise_vigorous,621e34ff67b776a240e446d6,146
exercise_vigorous,621e34ff67b776a240e446d6,166
exercise_vigorous,621e34ff67b776a240e446d6,171
exercise_vigorous,621e34ff67b776a240e446d6,195
exercise_vigorous,621e34ff67b776a240e446d6,202
exercise_vigorous,621e34ff67b776a240e446d6,215
exercise_vigorous,621e34ff67b776a240e446d6,240
exercise_vigorous,621e34ff67b776a240e446d6,12
exercise_vigorous,621e34ff67b776a240e446d6,1
exercise_vigorous,621e34ff67b776a240e446d6,0
exercise_vigorous,621e34ff67b776a240e446d6,20
exercise_vigorous,621e34ff67b776a240e446d6,5
exercise_vigorous,621e34ff67b776a240e446d6,2
exercise_vigorous,621e34ff67b776a240e446d6,24
exercise_vigorous,621e34ff67b776a240e446d6,40
exercise_vigorous,621e34ff67b776a240e446d6,3
exercise_vigorous,621e34ff67b776a240e446d6,24
exercise_vigorous,621e34ff67b776a240e446d6,35
exercise_vigorous,621e34ff67b776a240e446d6,3
exercise_vigorous,621e34ff67b776a240e446d6,18
exercise_vigorous,621e34ff67b776a240e446d6,41
exercise_vigorous,621e34ff67b776a240e446d6,17
exercise_vigorous,621e34ff67b776a240e446d6,18
exercise_vigorous,621e34ff67b776a240e446d6,22
exercise_vigorous,621e34ff67b776a240e446d6,1
exercise_vigorous,621e34ff67b776a240e446d6,4
exercise_vigorous,621e34ff67b776a240e446d6,4
exercise_vigorous,621e34ff67b776a240e446d6,4
exercise_vigorous,621e34ff67b776a240e446d6,18
exercise_vigorous,621e34ff67b776a240e446d6,23
exercise_vigorous,621e34ff67b776a240e446d6,26
exercise_vigorous,621e34ff67b776a240e446d6,44
exercise_vigorous,621e34ff67b776a240e446d6,3
exercise_vigorous,621e34ff67b776a240e446d6,16
exercise_vigorous,621e34ff67b776a240e446d6,41
exercise_vigorous,621e34ff67b776a240e446d6,62
exercise_vigorous,621e34ff67b776a240e446d6,73
exercise_vigorous,621e34ff67b776a240e446d6,84
exercise_vigorous,621e34ff67b776a240e446d6,90
exercise_vigorous,621e34ff67b776a240e446d6,9
exercise_vigorous,621e34ff67b776a240e446d6,19
exercise_vigorous,621e34ff67b776a240e446d6,40
exercise_vigorous,621e34ff67b776a240e446d6,46
exercise_vigorous,621e34ff67b776a240e446d6,4
exercise_vigorous,621e34ff67b776a240e446d6,18
exercise_vigorous,621e34ff67b776a240e446d6,4
exercise_vigorous,621e34ff67b776a240e446d6,4
exercise_vigorous,621e34ff67b776a240e446d6,8
exercise_vigorous,621e34ff67b776a240e446d6,5
exercise_vigorous,621e34ff67b776a240e446d6,6
exercise_vigorous,621e351a67b776a240f6204b,13
exercise_vigorous,621e351a67b776a240f6204b,4
exercise_vigorous,621e351a67b776a240f6204b,1
exercise_vigorous,621e351a67b776a240f6204b,2
exercise_vigorous,621e351a67b776a240f6204b,14
exercise_vigorous,621e351a67b776a240f6204b,19
exercise_vigorous,621e351a67b776a240f6204b,25
exercise_vigorous,621e351a67b776a240f6204b,44
exercise_vigorous,621e351a67b776a240f6204b,47
exercise_vigorous,621e351a67b776a240f6204b,64
exercise_vigorous,621e351a67b776a240f6204b,3
exercise_vigorous,621e351a67b776a240f6204b,7
exercise_vigorous,621e351a67b776a240f6204b,21
exercise_vigorous,621e351a67b776a240f6204b,24
exercise_vigorous,621e351a67b776a240f6204b,30
exercise_vigorous,621e351a67b776a240f6204b,44
exercise_vigorous,621e351a67b776a240f6204b,48
exercise_vigorous,621e351a67b776a240f6204b,53
exercise_vigorous,621e351a67b776a240f6204b,71
exercise_vigorous,621e351a67b776a240f6204b,72
exercise_vigorous,621e351a67b776a240f6204b,77
exercise_vigorous,621e351a67b776a240f6204b,0
exercise_vigorous,621e351a67b776a240f6204b,5
exercise_vigorous,621e351a67b776a240f6204b,18
exercise_vigorous,621e351a67b776a240f6204b,29
exercise_vigorous,621e351a67b776a240f6204b,48
exercise_vigorous,621e351a67b776a240f6204b,67
exercise_vigorous,621e351a67b776a240f6204b,73
exercise_vigorous,621e351a67b776a240f6204b,75
exercise_vigorous,621e351a67b776a240f6204b,89
exercise_vigorous,621e351a67b776a240f6204b,3
exercise_vigorous,621e351a67b776a240f6204b,2
exercise_vigorous,621e351a67b776a240f6204b,0
exercise_vigorous,621e351a67b776a240f6204b,1
exercise_vigorous,621e351a67b776a240f6204b,17
exercise_vigorous,621e351a67b776a240f6204b,20
exercise_vigorous,621e351a67b776a240f6204b,0
exercise_vigorous,621e351a67b776a240f6204b,13
exercise_vigorous,621e351a67b776a240f6204b,22
exercise_vigorous,621e351a67b776a240f6204b,23
exercise_vigorous,621e351a67b776a240f6204b,39
exercise_vigorous,621e351a67b776a240f6204b,42
exercise_vigorous,621e351a67b776a240f6204b,18
exercise_vigorous,621e351a67b776a240f6204b,20
exercise_vigorous,621e351a67b776a240f6204b,23
exercise_vigorous,621e351a67b776a240f6204b,40
exercise_vigorous,621e351a67b776a240f6204b,45
exercise_vigorous,621e351a67b776a240f6204b,47
exercise_vigorous,621e351a67b776a240f6204b,0
exercise_vigorous,621e351a67b776a240f6204b,4
exercise_vigorous,621e351a67b776a240f6204b,16
exercise_vigorous,621e351a67b776a240f6204b,4
exercise_vigorous,621e351a67b776a240f6204b,4
exercise_vigorous,621e351a67b776a240f6204b,18
exercise_vigorous,621e351a67b776a240f6204b,23
exercise_vigorous,621e351a67b776a240f6204b,26
exercise_vigorous,621e351a67b776a240f6204b,3
exercise_vigorous,621e351a67b776a240f6204b,4
exercise_vigorous,621e351a67b776a240f6204b,2
exercise_vigorous,621e351a67b776a240f6204b,18
exercise_vigorous,621e351a67b776a240f6204b,21
exercise_vigorous,621e351a67b776a240f6204b,27
exercise_vigorous,621e351a67b776a240f6204b,44
exercise_vigorous,621e351a67b776a240f6204b,48
exercise_vigorous,621e351a67b776a240f6204b,51
exercise_vigorous,621e351a67b776a240f6204b,68
exercise_vigorous,621e351a67b776a240f6204b,76
exercise_vigorous,621e351a67b776a240f6204b,0
exercise_vigorous,621e351a67b776a240f6204b,0
exercise_vigorous,621e351a67b776a240f6204b,3
exercise_vigorous,621e351a67b776a240f6204b,19
exercise_vigorous,621e351a67b776a240f6204b,22
exercise_vigorous,621e351a67b776a240f6204b,27
exercise_vigorous,621e351a67b776a240f6204b,15
exercise_vigorous,621e351a67b776a240f6204b,18
exercise_vigorous,621e351a67b776a240f6204b,26
exercise_vigorous,621e351a67b776a240f6204b,39
exercise_vigorous,621e351a67b776a240f6204b,45
exercise_vigorous,621e351a67b776a240f6204b,48
exercise_vigorous,621e351a67b776a240f6204b,62
exercise_vigorous,621e351a67b776a240f6204b,66
exercise_vigorous,621e351a67b776a240f6204b,88
exercise_vigorous,621e351a67b776a240f6204b,96
exercise_vigorous,621e351a67b776a240f6204b,0
exercise_vigorous,621e351a67b776a240f6204b,13
exercise_vigorous,621e351a67b776a240f6204b,4
exercise_vigorous,621e351a67b776a240f6204b,5
exercise_vigorous,621e351a67b776a240f6204b,20
exercise_vigorous,621e351a67b776a240f6204b,28
exercise_vigorous,621e351a67b776a240f6204b,44
exercise_vigorous,621e351a67b776a240f6204b,47
exercise_vigorous,621e351a67b776a240f6204b,53
exercise_vigorous,621e351a67b776a240f6204b,66
exercise_vigorous,621e351a67b776a240f6204b,71
exercise_vigorous,621e351a67b776a240f6204b,76
exercise_vigorous,621e351a67b776a240f6204b,94
exercise_vigorous,621e351a67b776a240f6204b,100
exercise_vigorous,621e351a67b776a240f6204b,117
exercise_vigorous,621e351a67b776a240f6204b,122
exercise_vigorous,621e351a67b776a240f6204b,126
exercise_vigorous,621e351a67b776a240f6204b,142
exercise_vigorous,621e351a67b776a240f6204b,151
exercise_vigorous,621e351a67b776a240f6204b,0
exercise_vigorous,621e351a67b776a240f6204b,4
exercise_vigorous,621e351a67b776a240f6204b,2
exercise_vigorous,621e351a67b776a240f6204b,1
exercise_vigorous,621e351a67b776a240f6204b,5
exercise_vigorous,621e351a67b776a240f6204b,2
exercise_vigorous,621e351a67b776a240f6204b,20
exercise_vigorous,621e351a67b776a240f6204b,1
exercise_vigorous,621e351a67b776a240f6204b,3
exercise_vigorous,621e351a67b776a240f6204b,7
exercise_vigorous,621e351a67b776a240f6204b,4
exercise_vigorous,621e351a67b776a240f6204b,16
exercise_vigorous,621e351a67b776a240f6204b,22
exercise_vigorous,621e351a67b776a240f6204b,25
exercise_vigorous,621e351a67b776a240f6204b,43
exercise_vigorous,621e351a67b776a240f6204b,50
exercise_vigorous,621e351a67b776a240f6204b,20
exercise_vigorous,621e351a67b776a240f6204b,24
exercise_vigorous,621e351a67b776a240f6204b,36
exercise_vigorous,621e351a67b776a240f6204b,41
exercise_vigorous,621e351a67b776a240f6204b,46
exercise_vigorous,621e351a67b776a240f6204b,62
exercise_vigorous,621e351a67b776a240f6204b,68
exercise_vigorous,621e351a67b776a240f6204b,71
exercise_vigorous,621e351a67b776a240f6204b,87
exercise_vigorous,621e351a67b776a240f6204b,89
exercise_vigorous,621e351a67b776a240f6204b,94
exercise_vigorous,621e351a67b776a240f6204b,108
exercise_vigorous,621e351a67b776a240f6204b,113
exercise_vigorous,621e351a67b776a240f6204b,2
exercise_vigorous,621e351a67b776a240f6204b,16
exercise_vigorous,621e351a67b776a240f6204b,22
exercise_vigorous,621e351a67b776a240f6204b,39
exercise_vigorous,621e351a67b776a240f6204b,44
exercise_vigorous,621e351a67b776a240f6204b,49
exercise_vigorous,621e351a67b776a240f6204b,64
exercise_vigorous,621e351a67b776a240f6204b,68
exercise_vigorous,621e351a67b776a240f6204b,71
exercise_vigorous,621e351a67b776a240f6204b,85
exercise_vigorous,621e356967b776a24027bd9f,50
exercise_vigorous,621e366567b776a24076a727,5
exercise_vigorous,621e366567b776a24076a727,17
exercise_vigorous,621e366567b776a24076a727,21
exercise_vigorous,621e366567b776a24076a727,3
exercise_vigorous,621e366567b776a24076a727,17
exercise_vigorous,621e366567b776a24076a727,23
exercise_vigorous,621e366567b776a24076a727,1
exercise_vigorous,621e366567b776a24076a727,14
exercise_vigorous,621e366567b776a24076a727,21
exercise_vigorous,621e366567b776a24076a727,2
exercise_vigorous,621e366567b776a24076a727,18
exercise_vigorous,621e366567b776a24076a727,22
exercise_vigorous,621e366567b776a24076a727,26
exercise_vigorous,621e366567b776a24076a727,2
exercise_vigorous,621e366567b776a24076a727,13
exercise_vigorous,621e366567b776a24076a727,24
exercise_vigorous,621e366567b776a24076a727,29
exercise_vigorous,621e366567b776a24076a727,0
exercise_vigorous,621e366567b776a24076a727,14
exercise_vigorous,621e366567b776a24076a727,19
exercise_vigorous,621e366567b776a24076a727,2
exercise_vigorous,621e366567b776a24076a727,15
exercise_vigorous,621e366567b776a24076a727,19
exercise_vigorous,621e366567b776a24076a727,3
exercise_vigorous,621e366567b776a24076a727,17
exercise_vigorous,621e366567b776a24076a727,23
exercise_vigorous,621e366567b776a24076a727,0
exercise_vigorous,621e366567b776a24076a727,15
exercise_vigorous,621e366567b776a24076a727,20
exercise_vigorous,621e366567b776a24076a727,16
exercise_vigorous,621e366567b776a24076a727,25
exercise_vigorous,621e366567b776a24076a727,40
exercise_vigorous,621e366567b776a24076a727,47
exercise_vigorous,621e366567b776a24076a727,49
exercise_vigorous,621e366567b776a24076a727,62
exercise_vigorous,621e366567b776a24076a727,67
exercise_vigorous,621e366567b776a24076a727,3
exercise_vigorous,621e366567b776a24076a727,17
exercise_vigorous,621e366567b776a24076a727,24
exercise_vigorous,621e366567b776a24076a727,0
exercise_vigorous,621e366567b776a24076a727,14
exercise_vigorous,621e366567b776a24076a727,20
exercise_vigorous,621e366567b776a24076a727,0
exercise_vigorous,621e366567b776a24076a727,14
exercise_vigorous,621e366567b776a24076a727,20
exercise_vigorous,621e366567b776a24076a727,24
exercise_vigorous,621e366567b776a24076a727,38
exercise_vigorous,621e366567b776a24076a727,44
exercise_vigorous,621e366567b776a24076a727,49
exercise_vigorous,621e366567b776a24076a727,2
exercise_vigorous,621e366567b776a24076a727,10
exercise_vigorous,621e366567b776a24076a727,12
exercise_vigorous,621e366567b776a24076a727,29
exercise_vigorous,621e366567b776a24076a727,34
exercise_vigorous,621e366567b776a24076a727,36
exercise_vigorous,621e366567b776a24076a727,55
exercise_vigorous,621e366567b776a24076a727,4
exercise_vigorous,621e366567b776a24076a727,14
exercise_vigorous,621e366567b776a24076a727,22
exercise_vigorous,621e366567b776a24076a727,1
exercise_vigorous,621e366567b776a24076a727,14
exercise_vigorous,621e366567b776a24076a727,20
exercise_vigorous,621e366567b776a24076a727,24
exercise_vigorous,621e366567b776a24076a727,13
exercise_vigorous,621e366567b776a24076a727,18
exercise_vigorous,621e366567b776a24076a727,26
exercise_vigorous,621e366567b776a24076a727,37
exercise_vigorous,621e366567b776a24076a727,42
exercise_vigorous,621e366567b776a24076a727,50
exercise_vigorous,621e366567b776a24076a727,63
exercise_vigorous,621e366567b776a24076a727,69
exercise_vigorous,621e366567b776a24076a727,74
exercise_vigorous,621e366567b776a24076a727,87
exercise_vigorous,621e366567b776a24076a727,94
exercise_vigorous,621e366567b776a24076a727,97
exercise_vigorous,621e366567b776a24076a727,111
exercise_vigorous,621e366567b776a24076a727,121
exercise_vigorous,621e366567b776a24076a727,133
exercise_vigorous,621e366567b776a24076a727,145
exercise_vigorous,621e366567b776a24076a727,161
exercise_vigorous,621e366567b776a24076a727,169
exercise_vigorous,621e366567b776a24076a727,181
exercise_vigorous,621e366567b776a24076a727,187
exercise_vigorous,621e366567b776a24076a727,191
exercise_vigorous,621e366567b776a24076a727,205
exercise_vigorous,621e366567b776a24076a727,210
exercise_vigorous,621e366567b776a24076a727,215
exercise_vigorous,621e366567b776a24076a727,2
exercise_vigorous,621e366567b776a24076a727,5
exercise_vigorous,621e366567b776a24076a727,7
exercise_vigorous,621e366567b776a24076a727,22
exercise_vigorous,621e366567b776a24076a727,32
exercise_vigorous,621e366567b776a24076a727,43
exercise_vigorous,621e366567b776a24076a727,48
exercise_vigorous,621e366567b776a24076a727,56
exercise_vigorous,621e366567b776a24076a727,67
exercise_vigorous,621e366567b776a24076a727,79
exercise_vigorous,621e366567b776a24076a727,93
exercise_vigorous,621e366567b776a24076a727,97
exercise_vigorous,621e366567b776a24076a727,101
exercise_vigorous,621e366567b776a24076a727,117
exercise_vigorous,621e366567b776a24076a727,121
exercise_vigorous,621e366567b776a24076a727,128
exercise_vigorous,621e366567b776a24076a727,139
exercise_vigorous,621e366567b776a24076a727,144
exercise_vigorous,621e366567b776a24076a727,150
exercise_vigorous,621e366567b776a24076a727,167
exercise_vigorous,621e366567b776a24076a727,2
exercise_vigorous,621e366567b776a24076a727,5
exercise_vigorous,621e366567b776a24076a727,20
exercise_vigorous,621e366567b776a24076a727,0
exercise_vigorous,621e366567b776a24076a727,4
exercise_vigorous,621e366567b776a24076a727,16
exercise_vigorous,621e366567b776a24076a727,21
exercise_vigorous,621e366567b776a24076a727,3
exercise_vigorous,621e366567b776a24076a727,18
exercise_vigorous,621e366567b776a24076a727,24
exercise_vigorous,621e366567b776a24076a727,5
exercise_vigorous,621e366567b776a24076a727,20
exercise_vigorous,621e366567b776a24076a727,21
exercise_vigorous,621e366567b776a24076a727,1
exercise_vigorous,621e366567b776a24076a727,16
exercise_vigorous,621e366567b776a24076a727,23
exercise_vigorous,621e366567b776a24076a727,25
exercise_vigorous,621e366567b776a24076a727,1
exercise_vigorous,621e366567b776a24076a727,16
exercise_vigorous,621e366567b776a24076a727,38
exercise_vigorous,621e366567b776a24076a727,4
exercise_vigorous,621e366567b776a24076a727,3
exercise_vigorous,621e366567b776a24076a727,17
exercise_vigorous,621e366567b776a24076a727,24
exercise_vigorous,621e366567b776a24076a727,2
exercise_vigorous,621e366567b776a24076a727,16
exercise_vigorous,621e366567b776a24076a727,21
exercise_vigorous,621e366567b776a24076a727,2
exercise_vigorous,621e366567b776a24076a727,17
exercise_vigorous,621e366567b776a24076a727,22
exercise_vigorous,621e366567b776a24076a727,39
exercise_vigorous,621e366567b776a24076a727,44
exercise_vigorous,621e366567b776a24076a727,51
exercise_vigorous,621e366567b776a24076a727,66
exercise_vigorous,621e366567b776a24076a727,73
exercise_vigorous,621e366567b776a24076a727,89
exercise_vigorous,621e366567b776a24076a727,95
exercise_vigorous,621e366567b776a24076a727,98
exercise_vigorous,621e366567b776a24076a727,112
exercise_vigorous,621e366567b776a24076a727,116
exercise_vigorous,621e366567b776a24076a727,122
exercise_vigorous,621e366567b776a24076a727,136
exercise_vigorous,621e366567b776a24076a727,140
exercise_vigorous,621e366567b776a24076a727,147
exercise_vigorous,621e366567b776a24076a727,166
exercise_vigorous,621e366567b776a24076a727,185
exercise_vigorous,621e366567b776a24076a727,188
exercise_vigorous,621e366567b776a24076a727,194
exercise_vigorous,621e366567b776a24076a727,207
exercise_vigorous,621e366567b776a24076a727,212
exercise_vigorous,621e366567b776a24076a727,217
exercise_vigorous,621e366567b776a24076a727,234
exercise_vigorous,621e366567b776a24076a727,239
exercise_vigorous,621e366567b776a24076a727,244
exercise_vigorous,621e366567b776a24076a727,263
exercise_vigorous,621e366567b776a24076a727,267
exercise_vigorous,621e367e67b776a24087d75d,560
exercise_vigorous,621e367e67b776a24087d75d,0
exercise_vigorous,621e367e67b776a24087d75d,6
exercise_vigorous,621e367e67b776a24087d75d,43
exercise_vigorous,621e367e67b776a24087d75d,68
exercise_vigorous,621e367e67b776a24087d75d,73
exercise_vigorous,621e36bb67b776a240b40d64,192
exercise_vigorous,621e36bb67b776a240b40d64,196
exercise_vigorous,621e36bb67b776a240b40d64,208
exercise_vigorous,621e36bb67b776a240b40d64,238
exercise_vigorous,621e36c267b776a240ba2756,21
exercise_vigorous,621e36c267b776a240ba2756,36
exercise_vigorous,621e36c267b776a240ba2756,70
exercise_vigorous,621e36c267b776a240ba2756,43
exercise_vigorous,621e36c267b776a240ba2756,61
exercise_vigorous,621e36c267b776a240ba2756,65
exercise_vigorous,621e36c267b776a240ba2756,17
exercise_vigorous,621e36c267b776a240ba2756,40
exercise_vigorous,621e36c267b776a240ba2756,154
exercise_vigorous,621e36c267b776a240ba2756,43
exercise_vigorous,621e36c267b776a240ba2756,39
exercise_vigorous,621e36c267b776a240ba2756,76
exercise_vigorous,621e36c267b776a240ba2756,160
exercise_vigorous,621e36c267b776a240ba2756,121
exercise_vigorous,621e36dd67b776a240ce9a45,5
exercise_vigorous,621e36dd67b776a240ce9a45,30
exercise_vigorous,621e36dd67b776a240ce9a45,46
exercise_vigorous,621e36dd67b776a240ce9a45,69
exercise_vigorous,621e36dd67b776a240ce9a45,95
exercise_vigorous,621e36dd67b776a240ce9a45,118
exercise_vigorous,621e36dd67b776a240ce9a45,4
exercise_vigorous,621e36dd67b776a240ce9a45,3
exercise_vigorous,621e36dd67b776a240ce9a45,24
exercise_vigorous,621e36dd67b776a240ce9a45,47
exercise_vigorous,621e36dd67b776a240ce9a45,75
exercise_vigorous,621e36dd67b776a240ce9a45,95
exercise_vigorous,621e36dd67b776a240ce9a45,126
exercise_vigorous,621e36dd67b776a240ce9a45,5
exercise_vigorous,621e36dd67b776a240ce9a45,1
exercise_vigorous,621e36dd67b776a240ce9a45,28
exercise_vigorous,621e36dd67b776a240ce9a45,76
exercise_vigorous,621e36dd67b776a240ce9a45,98
exercise_vigorous,621e36dd67b776a240ce9a45,25
exercise_vigorous,621e36dd67b776a240ce9a45,48
exercise_vigorous,621e36f967b776a240e5e7c9,1
exercise_vigorous,621e36f967b776a240e5e7c9,4
exercise_vigorous,621e36f967b776a240e5e7c9,9
exercise_vigorous,621e36f967b776a240e5e7c9,24
exercise_vigorous,621e36f967b776a240e5e7c9,30
exercise_vigorous,621e36f967b776a240e5e7c9,34
exercise_vigorous,621e36f967b776a240e5e7c9,47
exercise_vigorous,621e36f967b776a240e5e7c9,52
exercise_vigorous,621e36f967b776a240e5e7c9,57
exercise_vigorous,621e36f967b776a240e5e7c9,72
exercise_vigorous,621e36f967b776a240e5e7c9,77
exercise_vigorous,621e36f967b776a240e5e7c9,82
exercise_vigorous,621e36f967b776a240e5e7c9,97
exercise_vigorous,621e36f967b776a240e5e7c9,107
exercise_vigorous,621e36f967b776a240e5e7c9,4
exercise_vigorous,621e36f967b776a240e5e7c9,11
exercise_vigorous,621e36f967b776a240e5e7c9,13
exercise_vigorous,621e36f967b776a240e5e7c9,26
exercise_vigorous,621e36f967b776a240e5e7c9,31
exercise_vigorous,621e36f967b776a240e5e7c9,36
exercise_vigorous,621e36f967b776a240e5e7c9,50
exercise_vigorous,621e36f967b776a240e5e7c9,55
exercise_vigorous,621e36f967b776a240e5e7c9,60
exercise_vigorous,621e36f967b776a240e5e7c9,78
exercise_vigorous,621e36f967b776a240e5e7c9,83
exercise_vigorous,621e36f967b776a240e5e7c9,103
exercise_vigorous,621e36f967b776a240e5e7c9,121
exercise_vigorous,621e36f967b776a240e5e7c9,129
exercise_vigorous,621e36f967b776a240e5e7c9,131
exercise_vigorous,621e36f967b776a240e5e7c9,2
exercise_vigorous,621e36f967b776a240e5e7c9,6
exercise_vigorous,621e36f967b776a240e5e7c9,9
exercise_vigorous,621e36f967b776a240e5e7c9,1
exercise_vigorous,621e36f967b776a240e5e7c9,12
exercise_vigorous,621e36f967b776a240e5e7c9,24
exercise_vigorous,621e36f967b776a240e5e7c9,34
exercise_vigorous,621e36f967b776a240e5e7c9,48
exercise_vigorous,621e36f967b776a240e5e7c9,55
exercise_vigorous,621e36f967b776a240e5e7c9,57
exercise_vigorous,621e36f967b776a240e5e7c9,72
exercise_vigorous,621e36f967b776a240e5e7c9,80
exercise_vigorous,621e36f967b776a240e5e7c9,83
exercise_vigorous,621e36f967b776a240e5e7c9,96
exercise_vigorous,621e36f967b776a240e5e7c9,102
exercise_vigorous,621e36f967b776a240e5e7c9,106
exercise_vigorous,621e36f967b776a240e5e7c9,120
exercise_vigorous,621e36f967b776a240e5e7c9,124
exercise_vigorous,621e36f967b776a240e5e7c9,131
exercise_vigorous,621e36f967b776a240e5e7c9,146
exercise_vigorous,621e36f967b776a240e5e7c9,151
exercise_vigorous,621e36f967b776a240e5e7c9,156
exercise_vigorous,621e36f967b776a240e5e7c9,170
exercise_vigorous,621e36f967b776a240e5e7c9,176
exercise_vigorous,621e36f967b776a240e5e7c9,179
exercise_vigorous,621e36f967b776a240e5e7c9,192
exercise_vigorous,621e36f967b776a240e5e7c9,202
exercise_vigorous,621e36f967b776a240e5e7c9,215
exercise_vigorous,621e36f967b776a240e5e7c9,4
exercise_vigorous,621e36f967b776a240e5e7c9,7
exercise_vigorous,621e36f967b776a240e5e7c9,23
exercise_vigorous,621e36f967b776a240e5e7c9,27
exercise_vigorous,621e36f967b776a240e5e7c9,46
exercise_vigorous,621e36f967b776a240e5e7c9,51
exercise_vigorous,621e36f967b776a240e5e7c9,55
exercise_vigorous,621e36f967b776a240e5e7c9,73
exercise_vigorous,621e36f967b776a240e5e7c9,76
exercise_vigorous,621e36f967b776a240e5e7c9,80
exercise_vigorous,621e36f967b776a240e5e7c9,120
exercise_vigorous,621e36f967b776a240e5e7c9,125
exercise_vigorous,621e36f967b776a240e5e7c9,130
exercise_vigorous,621e36f967b776a240e5e7c9,143
exercise_vigorous,621e36f967b776a240e5e7c9,152
exercise_vigorous,621e36f967b776a240e5e7c9,166
exercise_vigorous,621e36f967b776a240e5e7c9,173
exercise_vigorous,621e36f967b776a240e5e7c9,177
exercise_vigorous,621e36f967b776a240e5e7c9,197
exercise_vigorous,621e36f967b776a240e5e7c9,200
exercise_vigorous,621e36f967b776a240e5e7c9,214
exercise_vigorous,621e36f967b776a240e5e7c9,222
exercise_vigorous,621e36f967b776a240e5e7c9,224
exercise_vigorous,621e36f967b776a240e5e7c9,238
exercise_vigorous,621e36f967b776a240e5e7c9,243
exercise_vigorous,621e36f967b776a240e5e7c9,247
exercise_vigorous,621e36f967b776a240e5e7c9,264
exercise_vigorous,621e36f967b776a240e5e7c9,274
exercise_vigorous,621e36f967b776a240e5e7c9,3
exercise_vigorous,621e36f967b776a240e5e7c9,13
exercise_vigorous,621e36f967b776a240e5e7c9,26
exercise_vigorous,621e36f967b776a240e5e7c9,30
exercise_vigorous,621e36f967b776a240e5e7c9,50
exercise_vigorous,621e36f967b776a240e5e7c9,56
exercise_vigorous,621e36f967b776a240e5e7c9,81
exercise_vigorous,621e36f967b776a240e5e7c9,83
exercise_vigorous,621e36f967b776a240e5e7c9,103
exercise_vigorous,621e36f967b776a240e5e7c9,109
exercise_vigorous,621e36f967b776a240e5e7c9,121
exercise_vigorous,621e36f967b776a240e5e7c9,126
exercise_vigorous,621e36f967b776a240e5e7c9,134
exercise_vigorous,621e36f967b776a240e5e7c9,149
exercise_vigorous,621e36f967b776a240e5e7c9,153
exercise_vigorous,621e36f967b776a240e5e7c9,157
exercise_vigorous,621e36f967b776a240e5e7c9,174
exercise_vigorous,621e36f967b776a240e5e7c9,177
exercise_vigorous,621e36f967b776a240e5e7c9,181
exercise_vigorous,621e36f967b776a240e5e7c9,194
exercise_vigorous,621e36f967b776a240e5e7c9,199
exercise_vigorous,621e36f967b776a240e5e7c9,203
exercise_vigorous,621e36f967b776a240e5e7c9,218
exercise_vigorous,621e36f967b776a240e5e7c9,228
exercise_vigorous,621e36f967b776a240e5e7c9,241
exercise_vigorous,621e36f967b776a240e5e7c9,248
exercise_vigorous,621e36f967b776a240e5e7c9,1
exercise_vigorous,621e36f967b776a240e5e7c9,18
exercise_vigorous,621e36f967b776a240e5e7c9,0
exercise_vigorous,621e36f967b776a240e5e7c9,25
exercise_vigorous,621e36f967b776a240e5e7c9,29
exercise_vigorous,621e36f967b776a240e5e7c9,2
exercise_vigorous,621e36f967b776a240e5e7c9,9
exercise_vigorous,621e36f967b776a240e5e7c9,12
exercise_vigorous,621e36f967b776a240e5e7c9,26
exercise_vigorous,621e36f967b776a240e5e7c9,33
exercise_vigorous,621e36f967b776a240e5e7c9,35
exercise_vigorous,621e36f967b776a240e5e7c9,50
exercise_vigorous,621e36f967b776a240e5e7c9,57
exercise_vigorous,621e36f967b776a240e5e7c9,73
exercise_vigorous,621e36f967b776a240e5e7c9,77
exercise_vigorous,621e36f967b776a240e5e7c9,82
exercise_vigorous,621e36f967b776a240e5e7c9,97
exercise_vigorous,621e36f967b776a240e5e7c9,107
exercise_vigorous,621e36f967b776a240e5e7c9,11
exercise_vigorous,621e36f967b776a240e5e7c9,21
exercise_vigorous,621e36f967b776a240e5e7c9,35
exercise_vigorous,621e36f967b776a240e5e7c9,31
exercise_vigorous,621e36f967b776a240e5e7c9,52
exercise_vigorous,621e36f967b776a240e5e7c9,58
exercise_vigorous,621e36f967b776a240e5e7c9,71
exercise_vigorous,621e36f967b776a240e5e7c9,78
exercise_vigorous,621e36f967b776a240e5e7c9,82
exercise_vigorous,621e36f967b776a240e5e7c9,97
exercise_vigorous,621e36f967b776a240e5e7c9,100
exercise_vigorous,621e36f967b776a240e5e7c9,105
exercise_vigorous,621e36f967b776a240e5e7c9,118
exercise_vigorous,621e36f967b776a240e5e7c9,125
exercise_vigorous,621e36f967b776a240e5e7c9,128
exercise_vigorous,621e36f967b776a240e5e7c9,150
exercise_vigorous,621e36f967b776a240e5e7c9,15
exercise_vigorous,621e36f967b776a240e5e7c9,21
exercise_vigorous,621e36f967b776a240e5e7c9,27
exercise_vigorous,621e36f967b776a240e5e7c9,41
exercise_vigorous,621e36f967b776a240e5e7c9,7
exercise_vigorous,621e36f967b776a240e5e7c9,22
exercise_vigorous,621e36f967b776a240e5e7c9,44
exercise_vigorous,621e375b67b776a240290cdc,39
exercise_vigorous,621e375b67b776a240290cdc,44
exercise_vigorous,621e375b67b776a240290cdc,48
exercise_vigorous,621e375b67b776a240290cdc,13
exercise_vigorous,621e375b67b776a240290cdc,39
exercise_vigorous,621e375b67b776a240290cdc,48
exercise_vigorous,621e375b67b776a240290cdc,63
walk_only,621e2e8e67b776a24055b564,1
walk_only,621e2e8e67b776a24055b564,0
walk_only,621e2e8e67b776a24055b564,0
walk_only,621e2e8e67b776a24055b564,1
walk_only,621e2e8e67b776a24055b564,0
walk_only,621e2e8e67b776a24055b564,4
walk_only,621e2e8e67b776a24055b564,0
walk_only,621e2e8e67b776a24055b564,3
walk_only,621e2e8e67b776a24055b564,6
walk_only,621e2e8e67b776a24055b564,24
walk_only,621e2e8e67b776a24055b564,31
walk_only,621e2e8e67b776a24055b564,43
walk_only,621e2e8e67b776a24055b564,4
walk_only,621e2e8e67b776a24055b564,2
walk_only,621e2e8e67b776a24055b564,0
walk_only,621e2e8e67b776a24055b564,7
walk_only,621e2e8e67b776a24055b564,1
walk_only,621e2e8e67b776a24055b564,0
walk_only,621e2e8e67b776a24055b564,1
walk_only,621e2e8e67b776a24055b564,3
walk_only,621e2e8e67b776a24055b564,5
walk_only,621e2e8e67b776a24055b564,1
walk_only,621e2e8e67b776a24055b564,0
walk_only,621e2e8e67b776a24055b564,7
walk_only,621e2e8e67b776a24055b564,3
walk_only,621e2e8e67b776a24055b564,1
walk_only,621e2e8e67b776a24055b564,6
walk_only,621e2e8e67b776a24055b564,0
walk_only,621e2e8e67b776a24055b564,0
walk_only,621e2e8e67b776a24055b564,5
walk_only,621e2e8e67b776a24055b564,21
walk_only,621e2e8e67b776a24055b564,0
walk_only,621e2e8e67b776a24055b564,1
walk_only,621e2e8e67b776a24055b564,2
walk_only,621e2e8e67b776a24055b564,0
walk_only,621e2e8e67b776a24055b564,0
walk_only,621e2e8e67b776a24055b564,3
walk_only,621e2e8e67b776a24055b564,19
walk_only,621e2e8e67b776a24055b564,0
walk_only,621e2e8e67b776a24055b564,1
walk_only,621e2e8e67b776a24055b564,0
walk_only,621e2e8e67b776a24055b564,6
walk_only,621e2e8e67b776a24055b564,0
walk_only,621e2e8e67b776a24055b564,18
walk_only,621e2e8e67b776a24055b564,5
walk_only,621e2e8e67b776a24055b564,1
walk_only,621e2e8e67b776a24055b564,7
walk_only,621e2e8e67b776a24055b564,1
walk_only,621e2e8e67b776a24055b564,0
walk_only,621e2e8e67b776a24055b564,1
walk_only,621e2e8e67b776a24055b564,2
walk_only,621e2e8e67b776a24055b564,3
walk_only,621e2e8e67b776a24055b564,5
walk_only,621e2e8e67b776a24055b564,17
walk_only,621e2e8e67b776a24055b564,0
walk_only,621e2e8e67b776a24055b564,0
walk_only,621e2e8e67b776a24055b564,2
walk_only,621e2e8e67b776a24055b564,7
walk_only,621e2e8e67b776a24055b564,0
walk_only,621e2e8e67b776a24055b564,5
walk_only,621e2e8e67b776a24055b564,1
walk_only,621e2e8e67b776a24055b564,6
walk_only,621e2e8e67b776a24055b564,2
walk_only,621e2e8e67b776a24055b564,1
walk_only,621e2eaf67b776a2406b14ac,2
walk_only,621e2eaf67b776a2406b14ac,7
walk_only,621e2eaf67b776a2406b14ac,27
walk_only,621e2eaf67b776a2406b14ac,0
walk_only,621e2eaf67b776a2406b14ac,5
walk_only,621e2eaf67b776a2406b14ac,12
walk_only,621e2eaf67b776a2406b14ac,0
walk_only,621e2eaf67b776a2406b14ac,5
walk_only,621e2eaf67b776a2406b14ac,1
walk_only,621e2eaf67b776a2406b14ac,3
walk_only,621e2eaf67b776a2406b14ac,1
walk_only,621e2eaf67b776a2406b14ac,0
walk_only,621e2eaf67b776a2406b14ac,13
walk_only,621e2eaf67b776a2406b14ac,18
walk_only,621e2eaf67b776a2406b14ac,1
walk_only,621e2eaf67b776a2406b14ac,3
walk_only,621e2eaf67b776a2406b14ac,8
walk_only,621e2eaf67b776a2406b14ac,1
walk_only,621e2eaf67b776a2406b14ac,2
walk_only,621e2eaf67b776a2406b14ac,7
walk_only,621e2eaf67b776a2406b14ac,1
walk_only,621e2eaf67b776a2406b14ac,3
walk_only,621e2eaf67b776a2406b14ac,8
walk_only,621e2eaf67b776a2406b14ac,2
walk_only,621e2eaf67b776a2406b14ac,14
walk_only,621e2eaf67b776a2406b14ac,19
walk_only,621e2eaf67b776a2406b14ac,0
walk_only,621e2eaf67b776a2406b14ac,17
walk_only,621e2eaf67b776a2406b14ac,1
walk_only,621e2eaf67b776a2406b14ac,5
walk_only,621e2eaf67b776a2406b14ac,4
walk_only,621e2eaf67b776a2406b14ac,4
walk_only,621e2ed667b776a24085d8d1,44
walk_only,621e2ed667b776a24085d8d1,48
walk_only,621e2ed667b776a24085d8d1,60
walk_only,621e2ed667b776a24085d8d1,65
walk_only,621e2ed667b776a24085d8d1,89
walk_only,621e2ed667b776a24085d8d1,114
walk_only,621e2ed667b776a24085d8d1,134
walk_only,621e2ed667b776a24085d8d1,143
walk_only,621e2ed667b776a24085d8d1,156
walk_only,621e2ed667b776a24085d8d1,19
walk_only,621e2ed667b776a24085d8d1,37
walk_only,621e2ed667b776a24085d8d1,44
walk_only,621e2ed667b776a24085d8d1,47
walk_only,621e2ed667b776a24085d8d1,62
walk_only,621e2ed667b776a24085d8d1,68
walk_only,621e2ed667b776a24085d8d1,71
walk_only,621e2ed667b776a24085d8d1,87
walk_only,621e2ed667b776a24085d8d1,96
walk_only,621e2ed667b776a24085d8d1,109
walk_only,621e2ed667b776a24085d8d1,114
walk_only,621e2ed667b776a24085d8d1,122
walk_only,621e2ed667b776a24085d8d1,161
walk_only,621e2ed667b776a24085d8d1,166
walk_only,621e2ed667b776a24085d8d1,25
walk_only,621e2ed667b776a24085d8d1,33
walk_only,621e2ed667b776a24085d8d1,54
walk_only,621e2ed667b776a24085d8d1,72
walk_only,621e2ed667b776a24085d8d1,17
walk_only,621e2ed667b776a24085d8d1,24
walk_only,621e2ed667b776a24085d8d1,40
walk_only,621e2ed667b776a24085d8d1,49
walk_only,621e2ed667b776a24085d8d1,64
walk_only,621e2ed667b776a24085d8d1,71
walk_only,621e2ed667b776a24085d8d1,16
walk_only,621e2ed667b776a24085d8d1,0
walk_only,621e2ed667b776a24085d8d1,3
walk_only,621e2ed667b776a24085d8d1,11
walk_only,621e2ed667b776a24085d8d1,25
walk_only,621e2ed667b776a24085d8d1,39
walk_only,621e2ed667b776a24085d8d1,63
walk_only,621e2ed667b776a24085d8d1,92
walk_only,621e2ed667b776a24085d8d1,5
walk_only,621e2ed667b776a24085d8d1,5
walk_only,621e2ed667b776a24085d8d1,22
walk_only,621e2ed667b776a24085d8d1,14
walk_only,621e2ed667b776a24085d8d1,19
walk_only,621e2ed667b776a24085d8d1,69
walk_only,621e2ed667b776a24085d8d1,72
walk_only,621e2ed667b776a24085d8d1,99
walk_only,621e2ed667b776a24085d8d1,50
walk_only,621e2ed667b776a24085d8d1,56
walk_only,621e2ed667b776a24085d8d1,78
walk_only,621e2ed667b776a24085d8d1,84
walk_only,621e2ed667b776a24085d8d1,109
walk_only,621e2ed667b776a24085d8d1,121
walk_only,621e2ed667b776a24085d8d1,128
walk_only,621e2ed667b776a24085d8d1,145
walk_only,621e2ed667b776a24085d8d1,152
walk_only,621e2ed667b776a24085d8d1,171
walk_only,621e2ed667b776a24085d8d1,179
walk_only,621e2ed667b776a24085d8d1,195
walk_only,621e2ed667b776a24085d8d1,203
walk_only,621e2ed667b776a24085d8d1,205
walk_only,621e2ed667b776a24085d8d1,217
walk_only,621e2ed667b776a24085d8d1,244
walk_only,621e2ed667b776a24085d8d1,246
walk_only,621e2ed667b776a24085d8d1,253
walk_only,621e2ed667b776a24085d8d1,271
walk_only,621e2ed667b776a24085d8d1,277
walk_only,621e2ed667b776a24085d8d1,295
walk_only,621e2ed667b776a24085d8d1,300
walk_only,621e2ed667b776a24085d8d1,320
walk_only,621e2ed667b776a24085d8d1,2
walk_only,621e2ed667b776a24085d8d1,47
walk_only,621e2ed667b776a24085d8d1,50
walk_only,621e2ed667b776a24085d8d1,67
walk_only,621e2ed667b776a24085d8d1,74
walk_only,621e2ed667b776a24085d8d1,88
walk_only,621e2ed667b776a24085d8d1,96
walk_only,621e2ed667b776a24085d8d1,110
walk_only,621e2ed667b776a24085d8d1,14
walk_only,621e2ed667b776a24085d8d1,39
walk_only,621e2ed667b776a24085d8d1,0
walk_only,621e2ed667b776a24085d8d1,41
walk_only,621e2ed667b776a24085d8d1,63
walk_only,621e2f1b67b776a240b3d87c,50
walk_only,621e2f1b67b776a240b3d87c,55
walk_only,621e2f1b67b776a240b3d87c,60
walk_only,621e2f1b67b776a240b3d87c,73
walk_only,621e2f1b67b776a240b3d87c,79
walk_only,621e2f1b67b776a240b3d87c,83
walk_only,621e2f1b67b776a240b3d87c,127
walk_only,621e2f1b67b776a240b3d87c,133
walk_only,621e2f1b67b776a240b3d87c,147
walk_only,621e2f1b67b776a240b3d87c,151
walk_only,621e2f1b67b776a240b3d87c,179
walk_only,621e2f1b67b776a240b3d87c,181
walk_only,621e2f1b67b776a240b3d87c,206
walk_only,621e2f1b67b776a240b3d87c,241
walk_only,621e2f1b67b776a240b3d87c,251
walk_only,621e2f1b67b776a240b3d87c,265
walk_only,621e2f1b67b776a240b3d87c,274
walk_only,621e2f1b67b776a240b3d87c,276
walk_only,621e2f1b67b776a240b3d87c,291
walk_only,621e2f1b67b776a240b3d87c,294
walk_only,621e2f1b67b776a240b3d87c,300
walk_only,621e2f1b67b776a240b3d87c,323
walk_only,621e2f1b67b776a240b3d87c,346
walk_only,621e2f1b67b776a240b3d87c,366
walk_only,621e2f1b67b776a240b3d87c,369
walk_only,621e2f1b67b776a240b3d87c,395
walk_only,621e2f1b67b776a240b3d87c,411
walk_only,621e2f1b67b776a240b3d87c,419
walk_only,621e2f1b67b776a240b3d87c,436
walk_only,621e2f1b67b776a240b3d87c,441
walk_only,621e2f1b67b776a240b3d87c,458
walk_only,621e2f1b67b776a240b3d87c,464
walk_only,621e2f1b67b776a240b3d87c,467
walk_only,621e2f1b67b776a240b3d87c,483
walk_only,621e2f1b67b776a240b3d87c,486
walk_only,621e2f1b67b776a240b3d87c,511
walk_only,621e2f1b67b776a240b3d87c,513
walk_only,621e2f1b67b776a240b3d87c,533
walk_only,621e2f1b67b776a240b3d87c,585
walk_only,621e2f1b67b776a240b3d87c,606
walk_only,621e2f1b67b776a240b3d87c,628
walk_only,621e2f1b67b776a240b3d87c,630
walk_only,621e2f1b67b776a240b3d87c,656
walk_only,621e2f1b67b776a240b3d87c,683
walk_only,621e2f1b67b776a240b3d87c,706
walk_only,621e2f1b67b776a240b3d87c,723
walk_only,621e2f1b67b776a240b3d87c,752
walk_only,621e2f1b67b776a240b3d87c,774
walk_only,621e2f1b67b776a240b3d87c,803
walk_only,621e2f1b67b776a240b3d87c,823
walk_only,621e2f1b67b776a240b3d87c,829
walk_only,621e2f1b67b776a240b3d87c,868
walk_only,621e2f1b67b776a240b3d87c,892
walk_only,621e2f1b67b776a240b3d87c,917
walk_only,621e2f1b67b776a240b3d87c,967
walk_only,621e2f1b67b776a240b3d87c,1081
walk_only,621e2f1b67b776a240b3d87c,1086
walk_only,621e2f1b67b776a240b3d87c,1105
walk_only,621e2f1b67b776a240b3d87c,1111
walk_only,621e2f1b67b776a240b3d87c,1133
walk_only,621e2f1b67b776a240b3d87c,1155
walk_only,621e2f1b67b776a240b3d87c,1165
walk_only,621e2f1b67b776a240b3d87c,1182
walk_only,621e2f1b67b776a240b3d87c,1231
walk_only,621e2f1b67b776a240b3d87c,1261
walk_only,621e2f1b67b776a240b3d87c,1279
walk_only,621e2f1b67b776a240b3d87c,1287
walk_only,621e2f1b67b776a240b3d87c,1328
walk_only,621e2f1b67b776a240b3d87c,1353
walk_only,621e2f1b67b776a240b3d87c,1371
walk_only,621e2f3967b776a240c654db,2
walk_only,621e2f3967b776a240c654db,16
walk_only,621e2f3967b776a240c654db,21
walk_only,621e2f3967b776a240c654db,26
walk_only,621e2f3967b776a240c654db,41
walk_only,621e2f3967b776a240c654db,45
walk_only,621e2f3967b776a240c654db,2
walk_only,621e2f3967b776a240c654db,16
walk_only,621e2f3967b776a240c654db,21
walk_only,621e2f3967b776a240c654db,3
walk_only,621e2f3967b776a240c654db,2
walk_only,621e2f3967b776a240c654db,0
walk_only,621e2f3967b776a240c654db,2
walk_only,621e2f3967b776a240c654db,16
walk_only,621e2f3967b776a240c654db,23
walk_only,621e2f3967b776a240c654db,26
walk_only,621e2f3967b776a240c654db,39
walk_only,621e2f3967b776a240c654db,43
walk_only,621e2f3967b776a240c654db,50
walk_only,621e2f3967b776a240c654db,62
walk_only,621e2f3967b776a240c654db,67
walk_only,621e2f3967b776a240c654db,72
walk_only,621e2f3967b776a240c654db,87
walk_only,621e2f3967b776a240c654db,91
walk_only,621e2f3967b776a240c654db,96
walk_only,621e2f3967b776a240c654db,110
walk_only,621e2f3967b776a240c654db,115
walk_only,621e2f3967b776a240c654db,120
walk_only,621e2f3967b776a240c654db,134
walk_only,621e2f3967b776a240c654db,141
walk_only,621e2f3967b776a240c654db,144
walk_only,621e2f3967b776a240c654db,3
walk_only,621e2f3967b776a240c654db,8
walk_only,621e2f3967b776a240c654db,10
walk_only,621e2f3967b776a240c654db,25
walk_only,621e2f3967b776a240c654db,32
walk_only,621e2f3967b776a240c654db,47
walk_only,621e2f3967b776a240c654db,52
walk_only,621e2f3967b776a240c654db,57
walk_only,621e2f3967b776a240c654db,71
walk_only,621e2f3967b776a240c654db,76
walk_only,621e2f3967b776a240c654db,95
walk_only,621e2f3967b776a240c654db,100
walk_only,621e2f3967b776a240c654db,106
walk_only,621e2f3967b776a240c654db,119
walk_only,621e2f3967b776a240c654db,124
walk_only,621e2f3967b776a240c654db,130
walk_only,621e2f3967b776a240c654db,143
walk_only,621e2f3967b776a240c654db,0
walk_only,621e2f3967b776a240c654db,5
walk_only,621e2f3967b776a240c654db,21
walk_only,621e2f3967b776a240c654db,28
walk_only,621e2f3967b776a240c654db,1
walk_only,621e2f3967b776a240c654db,17
walk_only,621e2f3967b776a240c654db,22
walk_only,621e2f3967b776a240c654db,38
walk_only,621e2f3967b776a240c654db,2
walk_only,621e2f3967b776a240c654db,0
walk_only,621e2f3967b776a240c654db,16
walk_only,621e2f3967b776a240c654db,19
walk_only,621e2f3967b776a240c654db,3
walk_only,621e2f3967b776a240c654db,16
walk_only,621e2f3967b776a240c654db,21
walk_only,621e2f3967b776a240c654db,26
walk_only,621e2f3967b776a240c654db,40
walk_only,621e2f3967b776a240c654db,45
walk_only,621e2f3967b776a240c654db,50
walk_only,621e2f3967b776a240c654db,64
walk_only,621e2f3967b776a240c654db,73
walk_only,621e2f3967b776a240c654db,74
walk_only,621e2f3967b776a240c654db,3
walk_only,621e2f3967b776a240c654db,9
walk_only,621e2f3967b776a240c654db,10
walk_only,621e2f3967b776a240c654db,25
walk_only,621e2f3967b776a240c654db,32
walk_only,621e2f3967b776a240c654db,34
walk_only,621e2f3967b776a240c654db,49
walk_only,621e2f3967b776a240c654db,2
walk_only,621e2f3967b776a240c654db,17
walk_only,621e2f3967b776a240c654db,26
walk_only,621e2f3967b776a240c654db,40
walk_only,621e2f3967b776a240c654db,45
walk_only,621e2f3967b776a240c654db,50
walk_only,621e2f3967b776a240c654db,2
walk_only,621e2f3967b776a240c654db,7
walk_only,621e2f3967b776a240c654db,21
walk_only,621e2f3967b776a240c654db,32
walk_only,621e2f3967b776a240c654db,47
walk_only,621e2f3967b776a240c654db,4
walk_only,621e2f3967b776a240c654db,7
walk_only,621e2f3967b776a240c654db,21
walk_only,621e2f3967b776a240c654db,28
walk_only,621e2f3967b776a240c654db,31
walk_only,621e2f3967b776a240c654db,43
walk_only,621e2f3967b776a240c654db,52
walk_only,621e2f3967b776a240c654db,53
walk_only,621e2f3967b776a240c654db,70
walk_only,621e2f3967b776a240c654db,78
walk_only,621e2f3967b776a240c654db,91
walk_only,621e2f3967b776a240c654db,99
walk_only,621e2f3967b776a240c654db,117
walk_only,621e2f3967b776a240c654db,124
walk_only,621e2f3967b776a240c654db,126
walk_only,621e2f3967b776a240c654db,141
walk_only,621e2f3967b776a240c654db,148
walk_only,621e2f3967b776a240c654db,149
walk_only,621e2f3967b776a240c654db,166
walk_only,621e2f3967b776a240c654db,171
walk_only,621e2f3967b776a240c654db,175
walk_only,621e2f3967b776a240c654db,189
walk_only,621e2f3967b776a240c654db,199
walk_only,621e2f3967b776a240c654db,212
walk_only,621e2f3967b776a240c654db,5
walk_only,621e2f3967b776a240c654db,6
walk_only,621e2f3967b776a240c654db,22
walk_only,621e2f3967b776a240c654db,25
walk_only,621e2f3967b776a240c654db,30
walk_only,621e2f3967b776a240c654db,44
walk_only,621e2f3967b776a240c654db,53
walk_only,621e2f3967b776a240c654db,55
walk_only,621e2f3967b776a240c654db,68
walk_only,621e2f3967b776a240c654db,73
walk_only,621e2f3967b776a240c654db,78
walk_only,621e2f3967b776a240c654db,96
walk_only,621e2f3967b776a240c654db,103
walk_only,621e2f3967b776a240c654db,121
walk_only,621e2f3967b776a240c654db,5
walk_only,621e2f3967b776a240c654db,22
walk_only,621e2f3967b776a240c654db,28
walk_only,621e2f3967b776a240c654db,0
walk_only,621e2f3967b776a240c654db,6
walk_only,621e2f3967b776a240c654db,0
walk_only,621e2f3967b776a240c654db,5
walk_only,621e2f3967b776a240c654db,2
walk_only,621e2f3967b776a240c654db,16
walk_only,621e2f3967b776a240c654db,22
walk_only,621e2f3967b776a240c654db,27
walk_only,621e2f3967b776a240c654db,40
walk_only,621e2f3967b776a240c654db,45
walk_only,621e2f3967b776a240c654db,50
walk_only,621e2f3967b776a240c654db,64
walk_only,621e2f3967b776a240c654db,4
walk_only,621e2f3967b776a240c654db,20
walk_only,621e2f3967b776a240c654db,27
walk_only,621e2f3967b776a240c654db,30
walk_only,621e2f3967b776a240c654db,45
walk_only,621e2f3967b776a240c654db,53
walk_only,621e2f3967b776a240c654db,66
walk_only,621e2f3967b776a240c654db,71
walk_only,621e2f3967b776a240c654db,76
walk_only,621e2f3967b776a240c654db,92
walk_only,621e2f3967b776a240c654db,102
walk_only,621e2f3967b776a240c654db,114
walk_only,621e2f3967b776a240c654db,125
walk_only,621e2f3967b776a240c654db,143
walk_only,621e2f3967b776a240c654db,148
walk_only,621e2f3967b776a240c654db,163
walk_only,621e2f3967b776a240c654db,188
walk_only,621e2f3967b776a240c654db,7
walk_only,621e2f3967b776a240c654db,23
walk_only,621e2f3967b776a240c654db,32
walk_only,621e2f5767b776a240d8f9d6,13
walk_only,621e2f5767b776a240d8f9d6,2
walk_only,621e2f5767b776a240d8f9d6,1
walk_only,621e2f5767b776a240d8f9d6,1
walk_only,621e2f5767b776a240d8f9d6,4
walk_only,621e2f5767b776a240d8f9d6,19
walk_only,621e2f5767b776a240d8f9d6,21
walk_only,621e2f5767b776a240d8f9d6,43
walk_only,621e2f5767b776a240d8f9d6,45
walk_only,621e2f5767b776a240d8f9d6,50
walk_only,621e2f5767b776a240d8f9d6,17
walk_only,621e2f5767b776a240d8f9d6,23
walk_only,621e2f5767b776a240d8f9d6,24
walk_only,621e2f5767b776a240d8f9d6,41
walk_only,621e2f5767b776a240d8f9d6,2
walk_only,621e2f5767b776a240d8f9d6,15
walk_only,621e2f5767b776a240d8f9d6,20
walk_only,621e2f5767b776a240d8f9d6,24
walk_only,621e2f5767b776a240d8f9d6,0
walk_only,621e2f5767b776a240d8f9d6,26
walk_only,621e2f5767b776a240d8f9d6,2
walk_only,621e2f5767b776a240d8f9d6,4
walk_only,621e2f5767b776a240d8f9d6,0
walk_only,621e2f5767b776a240d8f9d6,1
walk_only,621e2f5767b776a240d8f9d6,0
walk_only,621e2f5767b776a240d8f9d6,3
walk_only,621e2f5767b776a240d8f9d6,19
walk_only,621e2f5767b776a240d8f9d6,21
walk_only,621e2f5767b776a240d8f9d6,0
walk_only,621e2f5767b776a240d8f9d6,17
walk_only,621e2f5767b776a240d8f9d6,19
walk_only,621e2f5767b776a240d8f9d6,26
walk_only,621e2f5767b776a240d8f9d6,40
walk_only,621e2f5767b776a240d8f9d6,1
walk_only,621e2f5767b776a240d8f9d6,15
walk_only,621e2f5767b776a240d8f9d6,0
walk_only,621e2f5767b776a240d8f9d6,4
walk_only,621e2f5767b776a240d8f9d6,23
walk_only,621e2f5767b776a240d8f9d6,43
walk_only,621e2f5767b776a240d8f9d6,1
walk_only,621e2f5767b776a240d8f9d6,19
walk_only,621e2f5767b776a240d8f9d6,4
walk_only,621e2f6167b776a240e082a9,1
walk_only,621e2f6167b776a240e082a9,14
walk_only,621e2f6167b776a240e082a9,19
walk_only,621e2f6167b776a240e082a9,2
walk_only,621e2f6167b776a240e082a9,16
walk_only,621e2f6167b776a240e082a9,21
walk_only,621e2f6167b776a240e082a9,26
walk_only,621e2f6167b776a240e082a9,42
walk_only,621e2f6167b776a240e082a9,0
walk_only,621e2f6167b776a240e082a9,1
walk_only,621e2f6167b776a240e082a9,17
walk_only,621e2f6167b776a240e082a9,4
walk_only,621e2f6167b776a240e082a9,17
walk_only,621e2f6167b776a240e082a9,1
walk_only,621e2f6167b776a240e082a9,0
walk_only,621e2f6167b776a240e082a9,13
walk_only,621e2f6167b776a240e082a9,18
walk_only,621e2f6167b776a240e082a9,2
walk_only,621e2f6167b776a240e082a9,12
walk_only,621e2f6167b776a240e082a9,2
walk_only,621e2f6167b776a240e082a9,4
walk_only,621e2f6167b776a240e082a9,18
walk_only,621e2f6167b776a240e082a9,23
walk_only,621e2f6167b776a240e082a9,29
walk_only,621e2f6167b776a240e082a9,42
walk_only,621e2f6167b776a240e082a9,49
walk_only,621e2f6167b776a240e082a9,55
walk_only,621e2f6167b776a240e082a9,0
walk_only,621e2f6167b776a240e082a9,6
walk_only,621e2f6167b776a240e082a9,10
walk_only,621e2f6167b776a240e082a9,25
walk_only,621e2f6167b776a240e082a9,31
walk_only,621e2f6167b776a240e082a9,34
walk_only,621e2f6167b776a240e082a9,47
walk_only,621e2f6167b776a240e082a9,51
walk_only,621e2f6167b776a240e082a9,57
walk_only,621e2f6167b776a240e082a9,11
walk_only,621e2f6167b776a240e082a9,16
walk_only,621e2f6167b776a240e082a9,21
walk_only,621e2f6167b776a240e082a9,36
walk_only,621e2f6167b776a240e082a9,40
walk_only,621e2f6167b776a240e082a9,45
walk_only,621e2f6167b776a240e082a9,59
walk_only,621e2f6167b776a240e082a9,1
walk_only,621e2f6167b776a240e082a9,6
walk_only,621e2f6167b776a240e082a9,20
walk_only,621e2f6167b776a240e082a9,26
walk_only,621e2f6167b776a240e082a9,4
walk_only,621e2f6167b776a240e082a9,117
walk_only,621e2f6167b776a240e082a9,123
walk_only,621e2f6167b776a240e082a9,128
walk_only,621e2f6167b776a240e082a9,142
walk_only,621e2f6167b776a240e082a9,147
walk_only,621e2f6167b776a240e082a9,151
walk_only,621e2f6167b776a240e082a9,166
walk_only,621e2f6167b776a240e082a9,113
walk_only,621e2f6167b776a240e082a9,118
walk_only,621e2f6167b776a240e082a9,124
walk_only,621e2f6167b776a240e082a9,138
walk_only,621e2f7a67b776a240f14425,0
walk_only,621e2f7a67b776a240f14425,14
walk_only,621e2f7a67b776a240f14425,19
walk_only,621e2f7a67b776a240f14425,24
walk_only,621e2f7a67b776a240f14425,38
walk_only,621e2f7a67b776a240f14425,43
walk_only,621e2f7a67b776a240f14425,48
walk_only,621e2f7a67b776a240f14425,62
walk_only,621e2f7a67b776a240f14425,68
walk_only,621e2f7a67b776a240f14425,72
walk_only,621e2f7a67b776a240f14425,96
walk_only,621e2f7a67b776a240f14425,97
walk_only,621e2f7a67b776a240f14425,115
walk_only,621e2f7a67b776a240f14425,1
walk_only,621e2f7a67b776a240f14425,5
walk_only,621e2f7a67b776a240f14425,17
walk_only,621e2f7a67b776a240f14425,22
walk_only,621e2f7a67b776a240f14425,27
walk_only,621e2f7a67b776a240f14425,41
walk_only,621e2f7a67b776a240f14425,46
walk_only,621e2f7a67b776a240f14425,51
walk_only,621e2f7a67b776a240f14425,65
walk_only,621e2f7a67b776a240f14425,72
walk_only,621e2f7a67b776a240f14425,13
walk_only,621e2f7a67b776a240f14425,18
walk_only,621e2f7a67b776a240f14425,23
walk_only,621e2f7a67b776a240f14425,37
walk_only,621e2f7a67b776a240f14425,3
walk_only,621e2f7a67b776a240f14425,4
walk_only,621e2f7a67b776a240f14425,2
walk_only,621e2f7a67b776a240f14425,25
walk_only,621e2f7a67b776a240f14425,31
walk_only,621e2f7a67b776a240f14425,36
walk_only,621e2f7a67b776a240f14425,47
walk_only,621e2f7a67b776a240f14425,52
walk_only,621e2f7a67b776a240f14425,57
walk_only,621e2f7a67b776a240f14425,71
walk_only,621e2f7a67b776a240f14425,79
walk_only,621e2f7a67b776a240f14425,81
walk_only,621e2f7a67b776a240f14425,95
walk_only,621e2f7a67b776a240f14425,100
walk_only,621e2f7a67b776a240f14425,107
walk_only,621e2f7a67b776a240f14425,119
walk_only,621e2f7a67b776a240f14425,124
walk_only,621e2f7a67b776a240f14425,129
walk_only,621e2f7a67b776a240f14425,143
walk_only,621e2f7a67b776a240f14425,148
walk_only,621e2f7a67b776a240f14425,153
walk_only,621e2f7a67b776a240f14425,170
walk_only,621e2f7a67b776a240f14425,196
walk_only,621e2f7a67b776a240f14425,215
walk_only,621e2f7a67b776a240f14425,220
walk_only,621e2f7a67b776a240f14425,225
walk_only,621e2f7a67b776a240f14425,239
walk_only,621e2f7a67b776a240f14425,244
walk_only,621e2f7a67b776a240f14425,4
walk_only,621e2f7a67b776a240f14425,16
walk_only,621e2f7a67b776a240f14425,21
walk_only,621e2f7a67b776a240f14425,26
walk_only,621e2f7a67b776a240f14425,40
walk_only,621e2f7a67b776a240f14425,50
walk_only,621e2f7a67b776a240f14425,64
walk_only,621e2f7a67b776a240f14425,69
walk_only,621e2f7a67b776a240f14425,96
walk_only,621e2f7a67b776a240f14425,100
walk_only,621e2f7a67b776a240f14425,116
walk_only,621e2f7a67b776a240f14425,120
walk_only,621e2f7a67b776a240f14425,123
walk_only,621e2f7a67b776a240f14425,136
walk_only,621e2f7a67b776a240f14425,142
walk_only,621e2f7a67b776a240f14425,147
walk_only,621e2f7a67b776a240f14425,161
walk_only,621e2f7a67b776a240f14425,167
walk_only,621e2f7a67b776a240f14425,170
walk_only,621e2f7a67b776a240f14425,184
walk_only,621e2f7a67b776a240f14425,189
walk_only,621e2f7a67b776a240f14425,194
walk_only,621e2f7a67b776a240f14425,208
walk_only,621e2f7a67b776a240f14425,213
walk_only,621e2f7a67b776a240f14425,220
walk_only,621e2f7a67b776a240f14425,232
walk_only,621e2f7a67b776a240f14425,240
walk_only,621e2f7a67b776a240f14425,242
walk_only,621e2f7a67b776a240f14425,258
walk_only,621e2f7a67b776a240f14425,265
walk_only,621e2f7a67b776a240f14425,268
walk_only,621e2f7a67b776a240f14425,283
walk_only,621e2f7a67b776a240f14425,3
walk_only,621e2f7a67b776a240f14425,7
walk_only,621e2f7a67b776a240f14425,19
walk_only,621e2f7a67b776a240f14425,24
walk_only,621e2f7a67b776a240f14425,31
walk_only,621e2f7a67b776a240f14425,43
walk_only,621e2f7a67b776a240f14425,1
walk_only,621e2f7a67b776a240f14425,6
walk_only,621e2f7a67b776a240f14425,20
walk_only,621e2f7a67b776a240f14425,25
walk_only,621e2f7a67b776a240f14425,30
walk_only,621e2f7a67b776a240f14425,44
walk_only,621e2f7a67b776a240f14425,49
walk_only,621e2f7a67b776a240f14425,0
walk_only,621e2f7a67b776a240f14425,14
walk_only,621e2f7a67b776a240f14425,0
walk_only,621e2f7a67b776a240f14425,1
walk_only,621e2f7a67b776a240f14425,6
walk_only,621e2f7a67b776a240f14425,1
walk_only,621e2f7a67b776a240f14425,4
walk_only,621e2f7a67b776a240f14425,7
walk_only,621e2f7a67b776a240f14425,25
walk_only,621e2f7a67b776a240f14425,33
walk_only,621e2f7a67b776a240f14425,44
walk_only,621e2f7a67b776a240f14425,50
walk_only,621e2f7a67b776a240f14425,55
walk_only,621e2f7a67b776a240f14425,68
walk_only,621e2f7a67b776a240f14425,73
walk_only,621e2f7a67b776a240f14425,80
walk_only,621e2f7a67b776a240f14425,92
walk_only,621e2f7a67b776a240f14425,99
walk_only,621e2f7a67b776a240f14425,3
walk_only,621e2f7a67b776a240f14425,15
walk_only,621e2f7a67b776a240f14425,21
walk_only,621e2f7a67b776a240f14425,41
walk_only,621e2f7a67b776a240f14425,49
walk_only,621e2f7a67b776a240f14425,51
walk_only,621e2f7a67b776a240f14425,69
walk_only,621e2f7a67b776a240f14425,73
walk_only,621e2f7a67b776a240f14425,75
walk_only,621e2f7a67b776a240f14425,92
walk_only,621e2f7a67b776a240f14425,97
walk_only,621e2f7a67b776a240f14425,113
walk_only,621e2f7a67b776a240f14425,118
walk_only,621e2f7a67b776a240f14425,121
walk_only,621e2f7a67b776a240f14425,135
walk_only,621e2f7a67b776a240f14425,140
walk_only,621e2f7a67b776a240f14425,146
walk_only,621e2f7a67b776a240f14425,159
walk_only,621e2f7a67b776a240f14425,164
walk_only,621e2f7a67b776a240f14425,209
walk_only,621e2f7a67b776a240f14425,215
walk_only,621e2f7a67b776a240f14425,219
walk_only,621e2f7a67b776a240f14425,233
walk_only,621e2f7a67b776a240f14425,240
walk_only,621e2f7a67b776a240f14425,242
walk_only,621e2f7a67b776a240f14425,255
walk_only,621e2f7a67b776a240f14425,260
walk_only,621e2f7a67b776a240f14425,266
walk_only,621e2f7a67b776a240f14425,279
walk_only,621e2f7a67b776a240f14425,284
walk_only,621e2f7a67b776a240f14425,290
walk_only,621e2f7a67b776a240f14425,303
walk_only,621e2f7a67b776a240f14425,308
walk_only,621e2f7a67b776a240f14425,4
walk_only,621e2f7a67b776a240f14425,17
walk_only,621e2f7a67b776a240f14425,22
walk_only,621e2f7a67b776a240f14425,27
walk_only,621e2f7a67b776a240f14425,41
walk_only,621e2f7a67b776a240f14425,74
walk_only,621e2f7a67b776a240f14425,0
walk_only,621e2f7a67b776a240f14425,14
walk_only,621e2f7a67b776a240f14425,20
walk_only,621e2f7a67b776a240f14425,24
walk_only,621e2f7a67b776a240f14425,36
walk_only,621e2f9167b776a240011ccb,50
walk_only,621e2f9167b776a240011ccb,65
walk_only,621e2f9167b776a240011ccb,69
walk_only,621e2f9167b776a240011ccb,74
walk_only,621e2f9167b776a240011ccb,93
walk_only,621e2f9167b776a240011ccb,98
walk_only,621e2f9167b776a240011ccb,112
walk_only,621e2f9167b776a240011ccb,117
walk_only,621e2f9167b776a240011ccb,122
walk_only,621e2f9167b776a240011ccb,136
walk_only,621e2f9167b776a240011ccb,141
walk_only,621e2f9167b776a240011ccb,147
walk_only,621e2f9167b776a240011ccb,163
walk_only,621e2f9167b776a240011ccb,168
walk_only,621e2f9167b776a240011ccb,172
walk_only,621e2f9167b776a240011ccb,186
walk_only,621e2f9167b776a240011ccb,193
walk_only,621e2f9167b776a240011ccb,195
walk_only,621e2f9167b776a240011ccb,208
walk_only,621e2f9167b776a240011ccb,213
walk_only,621e2f9167b776a240011ccb,218
walk_only,621e2f9167b776a240011ccb,232
walk_only,621e2f9167b776a240011ccb,238
walk_only,621e2f9167b776a240011ccb,242
walk_only,621e2f9167b776a240011ccb,257
walk_only,621e2f9167b776a240011ccb,263
walk_only,621e2f9167b776a240011ccb,266
walk_only,621e2f9167b776a240011ccb,281
walk_only,621e2f9167b776a240011ccb,286
walk_only,621e2f9167b776a240011ccb,290
walk_only,621e2f9167b776a240011ccb,304
walk_only,621e2f9167b776a240011ccb,309
walk_only,621e2f9167b776a240011ccb,314
walk_only,621e2f9167b776a240011ccb,330
walk_only,621e2f9167b776a240011ccb,355
walk_only,621e2f9167b776a240011ccb,361
walk_only,621e2f9167b776a240011ccb,377
walk_only,621e2f9167b776a240011ccb,383
walk_only,621e2f9167b776a240011ccb,386
walk_only,621e2f9167b776a240011ccb,400
walk_only,621e2f9167b776a240011ccb,405
walk_only,621e2f9167b776a240011ccb,412
walk_only,621e2f9167b776a240011ccb,427
walk_only,621e2f9167b776a240011ccb,430
walk_only,621e2f9167b776a240011ccb,434
walk_only,621e2f9167b776a240011ccb,449
walk_only,621e2f9167b776a240011ccb,454
walk_only,621e2f9167b776a240011ccb,472
walk_only,621e2f9167b776a240011ccb,477
walk_only,621e2f9167b776a240011ccb,482
walk_only,621e2f9167b776a240011ccb,498
walk_only,621e2f9167b776a240011ccb,504
walk_only,621e2f9167b776a240011ccb,508
walk_only,621e2f9167b776a240011ccb,523
walk_only,621e2f9167b776a240011ccb,528
walk_only,621e2f9167b776a240011ccb,532
walk_only,621e2f9167b776a240011ccb,544
walk_only,621e2f9167b776a240011ccb,549
walk_only,621e2f9167b776a240011ccb,556
walk_only,621e2f9167b776a240011ccb,569
walk_only,621e2f9167b776a240011ccb,575
walk_only,621e2f9167b776a240011ccb,579
walk_only,621e2f9167b776a240011ccb,593
walk_only,621e2f9167b776a240011ccb,598
walk_only,621e2f9167b776a240011ccb,602
walk_only,621e2f9167b776a240011ccb,621
walk_only,621e2f9167b776a240011ccb,626
walk_only,621e2f9167b776a240011ccb,641
walk_only,621e2f9167b776a240011ccb,646
walk_only,621e2f9167b776a240011ccb,651
walk_only,621e2f9167b776a240011ccb,667
walk_only,621e2f9167b776a240011ccb,672
walk_only,621e2f9167b776a240011ccb,676
walk_only,621e2f9167b776a240011ccb,691
walk_only,621e2f9167b776a240011ccb,700
walk_only,621e2f9167b776a240011ccb,712
walk_only,621e2f9167b776a240011ccb,718
walk_only,621e2f9167b776a240011ccb,722
walk_only,621e2f9167b776a240011ccb,737
walk_only,621e2f9167b776a240011ccb,741
walk_only,621e2f9167b776a240011ccb,746
walk_only,621e2f9167b776a240011ccb,766
walk_only,621e2f9167b776a240011ccb,770
walk_only,621e2f9167b776a240011ccb,785
walk_only,621e2f9167b776a240011ccb,792
walk_only,621e2f9167b776a240011ccb,797
walk_only,621e2f9167b776a240011ccb,808
walk_only,621e2f9167b776a240011ccb,813
walk_only,621e2f9167b776a240011ccb,818
walk_only,621e2f9167b776a240011ccb,835
walk_only,621e2f9167b776a240011ccb,840
walk_only,621e2f9167b776a240011ccb,860
walk_only,621e2f9167b776a240011ccb,864
walk_only,621e2f9167b776a240011ccb,868
walk_only,621e2f9167b776a240011ccb,885
walk_only,621e2f9167b776a240011ccb,890
walk_only,621e2f9167b776a240011ccb,906
walk_only,621e2f9167b776a240011ccb,911
walk_only,621e2f9167b776a240011ccb,915
walk_only,621e2f9167b776a240011ccb,932
walk_only,621e2f9167b776a240011ccb,935
walk_only,621e2f9167b776a240011ccb,941
walk_only,621e2f9167b776a240011ccb,953
walk_only,621e2f9167b776a240011ccb,958
walk_only,621e2f9167b776a240011ccb,963
walk_only,621e2f9167b776a240011ccb,977
walk_only,621e2f9167b776a240011ccb,982
walk_only,621e2f9167b776a240011ccb,987
walk_only,621e2f9167b776a240011ccb,1002
walk_only,621e2f9167b776a240011ccb,1010
walk_only,621e2f9167b776a240011ccb,1012
walk_only,621e2f9167b776a240011ccb,1048
walk_only,621e2f9167b776a240011ccb,1055
walk_only,621e2f9167b776a240011ccb,1058
walk_only,621e2f9167b776a240011ccb,0
walk_only,621e2f9167b776a240011ccb,8
walk_only,621e2f9167b776a240011ccb,19
walk_only,621e2f9167b776a240011ccb,26
walk_only,621e2f9167b776a240011ccb,30
walk_only,621e2f9167b776a240011ccb,43
walk_only,621e2f9167b776a240011ccb,49
walk_only,621e2f9167b776a240011ccb,55
walk_only,621e2f9167b776a240011ccb,67
walk_only,621e2f9167b776a240011ccb,0
walk_only,621e2f9167b776a240011ccb,6
walk_only,621e2f9167b776a240011ccb,21
walk_only,621e2f9167b776a240011ccb,28
walk_only,621e2f9167b776a240011ccb,32
walk_only,621e2f9167b776a240011ccb,45
walk_only,621e2f9167b776a240011ccb,55
walk_only,621e2f9167b776a240011ccb,68
walk_only,621e2f9167b776a240011ccb,4
walk_only,621e2f9167b776a240011ccb,18
walk_only,621e2f9167b776a240011ccb,21
walk_only,621e2f9167b776a240011ccb,4
walk_only,621e2f9167b776a240011ccb,18
walk_only,621e2f9167b776a240011ccb,22
walk_only,621e2f9167b776a240011ccb,28
walk_only,621e2f9167b776a240011ccb,41
walk_only,621e2f9167b776a240011ccb,48
walk_only,621e2f9167b776a240011ccb,1
walk_only,621e2f9167b776a240011ccb,18
walk_only,621e2f9167b776a240011ccb,20
walk_only,621e2f9167b776a240011ccb,28
walk_only,621e2f9167b776a240011ccb,42
walk_only,621e2f9167b776a240011ccb,47
walk_only,621e2f9167b776a240011ccb,50
walk_only,621e2f9167b776a240011ccb,68
walk_only,621e2f9167b776a240011ccb,72
walk_only,621e2f9167b776a240011ccb,74
walk_only,621e2f9167b776a240011ccb,92
walk_only,621e2f9167b776a240011ccb,99
walk_only,621e2f9167b776a240011ccb,116
walk_only,621e2f9167b776a240011ccb,124
walk_only,621e2f9167b776a240011ccb,137
walk_only,621e2f9167b776a240011ccb,146
walk_only,621e2f9167b776a240011ccb,160
walk_only,621e2f9167b776a240011ccb,165
walk_only,621e2f9167b776a240011ccb,169
walk_only,621e2f9167b776a240011ccb,184
walk_only,621e2f9167b776a240011ccb,190
walk_only,621e2f9167b776a240011ccb,194
walk_only,621e2f9167b776a240011ccb,1
walk_only,621e2f9167b776a240011ccb,6
walk_only,621e2f9167b776a240011ccb,21
walk_only,621e2f9167b776a240011ccb,27
walk_only,621e2f9167b776a240011ccb,44
walk_only,621e2fb367b776a24015accd,3
walk_only,621e2fb367b776a24015accd,16
walk_only,621e2fb367b776a24015accd,21
walk_only,621e2fb367b776a24015accd,26
walk_only,621e2fb367b776a24015accd,46
walk_only,621e2fb367b776a24015accd,64
walk_only,621e2fb367b776a24015accd,69
walk_only,621e2fb367b776a24015accd,74
walk_only,621e2fb367b776a24015accd,92
walk_only,621e2fb367b776a24015accd,16
walk_only,621e2fb367b776a24015accd,18
walk_only,621e2fb367b776a24015accd,15
walk_only,621e2fb367b776a24015accd,19
walk_only,621e2fb367b776a24015accd,25
walk_only,621e2fb367b776a24015accd,38
walk_only,621e2fb367b776a24015accd,3
walk_only,621e2fb367b776a24015accd,7
walk_only,621e2fb367b776a24015accd,21
walk_only,621e2fb367b776a24015accd,26
walk_only,621e2fb367b776a24015accd,31
walk_only,621e2fb367b776a24015accd,46
walk_only,621e2fb367b776a24015accd,52
walk_only,621e2fb367b776a24015accd,0
walk_only,621e2fb367b776a24015accd,12
walk_only,621e2fb367b776a24015accd,0
walk_only,621e2fb367b776a24015accd,3
walk_only,621e2fb367b776a24015accd,20
walk_only,621e2fb367b776a24015accd,24
walk_only,621e2fb367b776a24015accd,28
walk_only,621e2fb367b776a24015accd,0
walk_only,621e2fb367b776a24015accd,4
walk_only,621e2fb367b776a24015accd,9
walk_only,621e2fb367b776a24015accd,23
walk_only,621e2fb367b776a24015accd,28
walk_only,621e2fb367b776a24015accd,33
walk_only,621e2fb367b776a24015accd,49
walk_only,621e2fb367b776a24015accd,52
walk_only,621e2fb367b776a24015accd,57
walk_only,621e2fb367b776a24015accd,72
walk_only,621e2fb367b776a24015accd,76
walk_only,621e2fb367b776a24015accd,81
walk_only,621e2fb367b776a24015accd,97
walk_only,621e2fb367b776a24015accd,100
walk_only,621e2fb367b776a24015accd,105
walk_only,621e2fb367b776a24015accd,121
walk_only,621e2fb367b776a24015accd,2
walk_only,621e2fb367b776a24015accd,6
walk_only,621e2fb367b776a24015accd,20
walk_only,621e2fb367b776a24015accd,3
walk_only,621e2fb367b776a24015accd,2
walk_only,621e2fb367b776a24015accd,13
walk_only,621e2fb367b776a24015accd,2
walk_only,621e2fb367b776a24015accd,5
walk_only,621e2fb367b776a24015accd,19
walk_only,621e2fb367b776a24015accd,24
walk_only,621e2fb367b776a24015accd,29
walk_only,621e2fb367b776a24015accd,43
walk_only,621e2fb367b776a24015accd,48
walk_only,621e2fb367b776a24015accd,53
walk_only,621e2fb367b776a24015accd,67
walk_only,621e2fb367b776a24015accd,72
walk_only,621e2fb367b776a24015accd,77
walk_only,621e2fb367b776a24015accd,14
walk_only,621e2fb367b776a24015accd,18
walk_only,621e2fb367b776a24015accd,23
walk_only,621e2fb367b776a24015accd,46
walk_only,621e2fb367b776a24015accd,86
walk_only,621e2fb367b776a24015accd,98
walk_only,621e2fb367b776a24015accd,111
walk_only,621e2fb367b776a24015accd,116
walk_only,621e2fb367b776a24015accd,119
walk_only,621e2fb367b776a24015accd,13
walk_only,621e2fb367b776a24015accd,20
walk_only,621e2fb367b776a24015accd,39
walk_only,621e2fb367b776a24015accd,42
walk_only,621e2fb367b776a24015accd,60
walk_only,621e2fb367b776a24015accd,65
walk_only,621e2fb367b776a24015accd,70
walk_only,621e2fb367b776a24015accd,15
walk_only,621e2fb367b776a24015accd,0
walk_only,621e2fb367b776a24015accd,14
walk_only,621e2fb367b776a24015accd,21
walk_only,621e2fb367b776a24015accd,39
walk_only,621e2fb367b776a24015accd,13
walk_only,621e2fb367b776a24015accd,17
walk_only,621e2fb367b776a24015accd,20
walk_only,621e2fb367b776a24015accd,12
walk_only,621e2fb367b776a24015accd,17
walk_only,621e2fb367b776a24015accd,37
walk_only,621e2fb367b776a24015accd,41
walk_only,621e2fb367b776a24015accd,46
walk_only,621e2fb367b776a24015accd,60
walk_only,621e2fb367b776a24015accd,65
walk_only,621e2fb367b776a24015accd,71
walk_only,621e2fb367b776a24015accd,86
walk_only,621e2fb367b776a24015accd,92
walk_only,621e2fb367b776a24015accd,96
walk_only,621e2fb367b776a24015accd,1
walk_only,621e2fb367b776a24015accd,10
walk_only,621e2fb367b776a24015accd,23
walk_only,621e2fb367b776a24015accd,28
walk_only,621e2fb367b776a24015accd,34
walk_only,621e2fb367b776a24015accd,12
walk_only,621e2fb367b776a24015accd,17
walk_only,621e2fb367b776a24015accd,22
walk_only,621e2fb367b776a24015accd,36
walk_only,621e2fb367b776a24015accd,42
walk_only,621e2fb367b776a24015accd,46
walk_only,621e2fb367b776a24015accd,13
walk_only,621e2fb367b776a24015accd,18
walk_only,621e2fb367b776a24015accd,23
walk_only,621e2fb367b776a24015accd,38
walk_only,621e2fb367b776a24015accd,42
walk_only,621e2fb367b776a24015accd,48
walk_only,621e2fb367b776a24015accd,11
walk_only,621e2fb367b776a24015accd,16
walk_only,621e2fb367b776a24015accd,19
walk_only,621e2fb367b776a24015accd,34
walk_only,621e2fb367b776a24015accd,41
walk_only,621e2fb367b776a24015accd,43
walk_only,621e2fb367b776a24015accd,56
walk_only,621e2fb367b776a24015accd,60
walk_only,621e2fb367b776a24015accd,65
walk_only,621e2fb367b776a24015accd,80
walk_only,621e2fb367b776a24015accd,84
walk_only,621e2fb367b776a24015accd,90
walk_only,621e2fb367b776a24015accd,103
walk_only,621e2fb367b776a24015accd,108
walk_only,621e2fb367b776a24015accd,114
walk_only,621e2fb367b776a24015accd,127
walk_only,621e2fb367b776a24015accd,133
walk_only,621e2fb367b776a24015accd,137
walk_only,621e2fb367b776a24015accd,151
walk_only,621e2fb367b776a24015accd,156
walk_only,621e2fb367b776a24015accd,180
walk_only,621e2fb367b776a24015accd,203
walk_only,621e2fb367b776a24015accd,12
walk_only,621e2fb367b776a24015accd,19
walk_only,621e2fb367b776a24015accd,37
walk_only,621e2fb367b776a24015accd,45
walk_only,621e2fb367b776a24015accd,61
walk_only,621e2fb367b776a24015accd,65
walk_only,621e2fb367b776a24015accd,70
walk_only,621e2fb367b776a24015accd,84
walk_only,621e2fb367b776a24015accd,1
walk_only,621e2fb367b776a24015accd,6
walk_only,621e2fb367b776a24015accd,26
walk_only,621e2fb367b776a24015accd,48
walk_only,621e2fb367b776a24015accd,1
walk_only,621e2fb367b776a24015accd,24
walk_only,621e2fce67b776a240279baa,3
walk_only,621e2fce67b776a240279baa,16
walk_only,621e2fce67b776a240279baa,21
walk_only,621e2fce67b776a240279baa,27
walk_only,621e2fce67b776a240279baa,40
walk_only,621e2fce67b776a240279baa,64
walk_only,621e2fce67b776a240279baa,70
walk_only,621e2fce67b776a240279baa,2
walk_only,621e2fce67b776a240279baa,12
walk_only,621e2fce67b776a240279baa,4
walk_only,621e2fce67b776a240279baa,7
walk_only,621e2fce67b776a240279baa,13
walk_only,621e2fce67b776a240279baa,24
walk_only,621e2fce67b776a240279baa,35
walk_only,621e2fce67b776a240279baa,40
walk_only,621e2fce67b776a240279baa,0
walk_only,621e2fce67b776a240279baa,15
walk_only,621e2fce67b776a240279baa,21
walk_only,621e2fce67b776a240279baa,0
walk_only,621e2fce67b776a240279baa,14
walk_only,621e2fce67b776a240279baa,24
walk_only,621e2fce67b776a240279baa,38
walk_only,621e2fce67b776a240279baa,43
walk_only,621e2fce67b776a240279baa,1
walk_only,621e2fce67b776a240279baa,13
walk_only,621e2fce67b776a240279baa,24
walk_only,621e2fce67b776a240279baa,39
walk_only,621e2fce67b776a240279baa,1
walk_only,621e2fce67b776a240279baa,5
walk_only,621e2fce67b776a240279baa,22
walk_only,621e2fce67b776a240279baa,24
walk_only,621e2fce67b776a240279baa,28
walk_only,621e2fce67b776a240279baa,40
walk_only,621e2fce67b776a240279baa,46
walk_only,621e2fce67b776a240279baa,50
walk_only,621e2fce67b776a240279baa,2
walk_only,621e2fce67b776a240279baa,8
walk_only,621e2fce67b776a240279baa,2
walk_only,621e2fce67b776a240279baa,16
walk_only,621e2fce67b776a240279baa,23
walk_only,621e2fce67b776a240279baa,28
walk_only,621e2fce67b776a240279baa,41
walk_only,621e2fce67b776a240279baa,5
walk_only,621e2fce67b776a240279baa,3
walk_only,621e2fce67b776a240279baa,7
walk_only,621e2fce67b776a240279baa,3
walk_only,621e2fce67b776a240279baa,19
walk_only,621e2fce67b776a240279baa,26
walk_only,621e2fce67b776a240279baa,29
walk_only,621e2fce67b776a240279baa,50
walk_only,621e2fce67b776a240279baa,53
walk_only,621e2fce67b776a240279baa,65
walk_only,621e2fce67b776a240279baa,70
walk_only,621e2fce67b776a240279baa,76
walk_only,621e2fce67b776a240279baa,89
walk_only,621e2fce67b776a240279baa,94
walk_only,621e2fce67b776a240279baa,100
walk_only,621e2fce67b776a240279baa,113
walk_only,621e2fce67b776a240279baa,1
walk_only,621e2fce67b776a240279baa,11
walk_only,621e2fce67b776a240279baa,14
walk_only,621e2fce67b776a240279baa,20
walk_only,621e2fce67b776a240279baa,1
walk_only,621e2fce67b776a240279baa,16
walk_only,621e2fce67b776a240279baa,22
walk_only,621e2fce67b776a240279baa,1
walk_only,621e2fce67b776a240279baa,14
walk_only,621e2fce67b776a240279baa,20
walk_only,621e2fce67b776a240279baa,24
walk_only,621e2fce67b776a240279baa,35
walk_only,621e2fce67b776a240279baa,41
walk_only,621e2fce67b776a240279baa,46
walk_only,621e2fce67b776a240279baa,60
walk_only,621e2fce67b776a240279baa,64
walk_only,621e2fce67b776a240279baa,2
walk_only,621e2fce67b776a240279baa,12
walk_only,621e2fce67b776a240279baa,18
walk_only,621e2fce67b776a240279baa,13
walk_only,621e2fce67b776a240279baa,19
walk_only,621e2fce67b776a240279baa,24
walk_only,621e2fce67b776a240279baa,38
walk_only,621e2fce67b776a240279baa,45
walk_only,621e2fce67b776a240279baa,47
walk_only,621e2fce67b776a240279baa,63
walk_only,621e2fce67b776a240279baa,69
walk_only,621e2fce67b776a240279baa,13
walk_only,621e2fce67b776a240279baa,19
walk_only,621e2fce67b776a240279baa,1
walk_only,621e2fce67b776a240279baa,12
walk_only,621e2fce67b776a240279baa,15
walk_only,621e2fce67b776a240279baa,34
walk_only,621e2fce67b776a240279baa,40
walk_only,621e2fce67b776a240279baa,44
walk_only,621e2fce67b776a240279baa,58
walk_only,621e2fce67b776a240279baa,65
walk_only,621e2fce67b776a240279baa,82
walk_only,621e2fce67b776a240279baa,87
walk_only,621e2fce67b776a240279baa,92
walk_only,621e2fce67b776a240279baa,10
walk_only,621e2fce67b776a240279baa,15
walk_only,621e2fce67b776a240279baa,20
walk_only,621e2fce67b776a240279baa,9
walk_only,621e2fce67b776a240279baa,15
walk_only,621e2fce67b776a240279baa,1
walk_only,621e2fce67b776a240279baa,2
walk_only,621e2fce67b776a240279baa,10
walk_only,621e2fce67b776a240279baa,22
walk_only,621e2fce67b776a240279baa,30
walk_only,621e2fce67b776a240279baa,33
walk_only,621e2fce67b776a240279baa,45
walk_only,621e2fce67b776a240279baa,69
walk_only,621e2fce67b776a240279baa,75
walk_only,621e2fce67b776a240279baa,80
walk_only,621e2fce67b776a240279baa,93
walk_only,621e2fce67b776a240279baa,100
walk_only,621e2fce67b776a240279baa,105
walk_only,621e2fce67b776a240279baa,117
walk_only,621e2fce67b776a240279baa,122
walk_only,621e2fce67b776a240279baa,128
walk_only,621e2fce67b776a240279baa,143
walk_only,621e2fce67b776a240279baa,3
walk_only,621e2fce67b776a240279baa,7
walk_only,621e2fce67b776a240279baa,20
walk_only,621e2fce67b776a240279baa,26
walk_only,621e2fce67b776a240279baa,3
walk_only,621e2fce67b776a240279baa,14
walk_only,621e2fce67b776a240279baa,20
walk_only,621e2fce67b776a240279baa,25
walk_only,621e2fce67b776a240279baa,2
walk_only,621e2fce67b776a240279baa,9
walk_only,621e2fce67b776a240279baa,0
walk_only,621e2fce67b776a240279baa,13
walk_only,621e2fce67b776a240279baa,18
walk_only,621e2fce67b776a240279baa,24
walk_only,621e2fce67b776a240279baa,37
walk_only,621e2fce67b776a240279baa,43
walk_only,621e2fce67b776a240279baa,63
walk_only,621e2fce67b776a240279baa,71
walk_only,621e2fce67b776a240279baa,88
walk_only,621e2fce67b776a240279baa,2
walk_only,621e2fce67b776a240279baa,14
walk_only,621e2fce67b776a240279baa,21
walk_only,621e2fce67b776a240279baa,24
walk_only,621e2fce67b776a240279baa,37
walk_only,621e2fce67b776a240279baa,42
walk_only,621e2fce67b776a240279baa,67
walk_only,621e2fce67b776a240279baa,0
walk_only,621e2fce67b776a240279baa,14
walk_only,621e2fce67b776a240279baa,18
walk_only,621e2fce67b776a240279baa,22
walk_only,621e2fce67b776a240279baa,49
walk_only,621e2fce67b776a240279baa,52
walk_only,621e2fce67b776a240279baa,56
walk_only,621e2fce67b776a240279baa,70
walk_only,621e2fce67b776a240279baa,76
walk_only,621e2ff067b776a2403eb737,0
walk_only,621e2ff067b776a2403eb737,19
walk_only,621e2ff067b776a2403eb737,23
walk_only,621e2ff067b776a2403eb737,28
walk_only,621e2ff067b776a2403eb737,46
walk_only,621e2ff067b776a2403eb737,51
walk_only,621e2ff067b776a2403eb737,53
walk_only,621e2ff067b776a2403eb737,68
walk_only,621e2ff067b776a2403eb737,77
walk_only,621e2ff067b776a2403eb737,90
walk_only,621e2ff067b776a2403eb737,95
walk_only,621e2ff067b776a2403eb737,115
walk_only,621e2ff067b776a2403eb737,119
walk_only,621e2ff067b776a2403eb737,126
walk_only,621e2ff067b776a2403eb737,138
walk_only,621e2ff067b776a2403eb737,144
walk_only,621e2ff067b776a2403eb737,162
walk_only,621e2ff067b776a2403eb737,167
walk_only,621e2ff067b776a2403eb737,174
walk_only,621e2ff067b776a2403eb737,187
walk_only,621e2ff067b776a2403eb737,3
walk_only,621e2ff067b776a2403eb737,5
walk_only,621e2ff067b776a2403eb737,21
walk_only,621e2ff067b776a2403eb737,28
walk_only,621e2ff067b776a2403eb737,32
walk_only,621e2ff067b776a2403eb737,47
walk_only,621e2ff067b776a2403eb737,6
walk_only,621e2ff067b776a2403eb737,21
walk_only,621e2ff067b776a2403eb737,25
walk_only,621e2ff067b776a2403eb737,29
walk_only,621e2ff067b776a2403eb737,43
walk_only,621e2ff067b776a2403eb737,49
walk_only,621e2ff067b776a2403eb737,54
walk_only,621e2ff067b776a2403eb737,67
walk_only,621e2ff067b776a2403eb737,72
walk_only,621e2ff067b776a2403eb737,77
walk_only,621e2ff067b776a2403eb737,90
walk_only,621e2ff067b776a2403eb737,97
walk_only,621e2ff067b776a2403eb737,114
walk_only,621e2ff067b776a2403eb737,122
walk_only,621e2ff067b776a2403eb737,125
walk_only,621e2ff067b776a2403eb737,141
walk_only,621e2ff067b776a2403eb737,147
walk_only,621e2ff067b776a2403eb737,165
walk_only,621e2ff067b776a2403eb737,186
walk_only,621e2ff067b776a2403eb737,4
walk_only,621e2ff067b776a2403eb737,8
walk_only,621e2ff067b776a2403eb737,23
walk_only,621e2ff067b776a2403eb737,28
walk_only,621e2ff067b776a2403eb737,33
walk_only,621e2ff067b776a2403eb737,48
walk_only,621e2ff067b776a2403eb737,52
walk_only,621e2ff067b776a2403eb737,56
walk_only,621e2ff067b776a2403eb737,71
walk_only,621e2ff067b776a2403eb737,75
walk_only,621e2ff067b776a2403eb737,80
walk_only,621e2ff067b776a2403eb737,94
walk_only,621e2ff067b776a2403eb737,99
walk_only,621e2ff067b776a2403eb737,104
walk_only,621e2ff067b776a2403eb737,3
walk_only,621e2ff067b776a2403eb737,10
walk_only,621e2ff067b776a2403eb737,34
walk_only,621e2ff067b776a2403eb737,53
walk_only,621e2ff067b776a2403eb737,57
walk_only,621e2ff067b776a2403eb737,59
walk_only,621e2ff067b776a2403eb737,74
walk_only,621e2ff067b776a2403eb737,79
walk_only,621e2ff067b776a2403eb737,83
walk_only,621e2ff067b776a2403eb737,98
walk_only,621e2ff067b776a2403eb737,103
walk_only,621e2ff067b776a2403eb737,108
walk_only,621e2ff067b776a2403eb737,123
walk_only,621e2ff067b776a2403eb737,126
walk_only,621e2ff067b776a2403eb737,4
walk_only,621e2ff067b776a2403eb737,18
walk_only,621e2ff067b776a2403eb737,25
walk_only,621e2ff067b776a2403eb737,28
walk_only,621e2ff067b776a2403eb737,47
walk_only,621e2ff067b776a2403eb737,50
walk_only,621e2ff067b776a2403eb737,54
walk_only,621e2ff067b776a2403eb737,71
walk_only,621e2ff067b776a2403eb737,74
walk_only,621e2ff067b776a2403eb737,92
walk_only,621e2ff067b776a2403eb737,96
walk_only,621e2ff067b776a2403eb737,116
walk_only,621e2ff067b776a2403eb737,124
walk_only,621e2ff067b776a2403eb737,138
walk_only,621e2ff067b776a2403eb737,145
walk_only,621e2ff067b776a2403eb737,148
walk_only,621e2ff067b776a2403eb737,163
walk_only,621e2ff067b776a2403eb737,1
walk_only,621e2ff067b776a2403eb737,21
walk_only,621e2ff067b776a2403eb737,30
walk_only,621e2ff067b776a2403eb737,44
walk_only,621e2ff067b776a2403eb737,50
walk_only,621e2ff067b776a2403eb737,53
walk_only,621e2ff067b776a2403eb737,69
walk_only,621e2ff067b776a2403eb737,74
walk_only,621e2ff067b776a2403eb737,77
walk_only,621e2ff067b776a2403eb737,91
walk_only,621e2ff067b776a2403eb737,96
walk_only,621e2ff067b776a2403eb737,102
walk_only,621e2ff067b776a2403eb737,114
walk_only,621e2ff067b776a2403eb737,125
walk_only,621e2ff067b776a2403eb737,140
walk_only,621e2ff067b776a2403eb737,147
walk_only,621e2ff067b776a2403eb737,150
walk_only,621e2ff067b776a2403eb737,162
walk_only,621e2ff067b776a2403eb737,168
walk_only,621e2ff067b776a2403eb737,186
walk_only,621e2ff067b776a2403eb737,193
walk_only,621e2ff067b776a2403eb737,197
walk_only,621e2ff067b776a2403eb737,212
walk_only,621e2ff067b776a2403eb737,219
walk_only,621e2ff067b776a2403eb737,237
walk_only,621e2ff067b776a2403eb737,243
walk_only,621e2ff067b776a2403eb737,259
walk_only,621e2ff067b776a2403eb737,265
walk_only,621e2ff067b776a2403eb737,284
walk_only,621e2ff067b776a2403eb737,289
walk_only,621e2ff067b776a2403eb737,293
walk_only,621e2ff067b776a2403eb737,310
walk_only,621e2ff067b776a2403eb737,315
walk_only,621e2ff067b776a2403eb737,317
walk_only,621e2ff067b776a2403eb737,331
walk_only,621e2ff067b776a2403eb737,335
walk_only,621e2ff067b776a2403eb737,341
walk_only,621e2ff067b776a2403eb737,357
walk_only,621e2ff067b776a2403eb737,359
walk_only,621e2ff067b776a2403eb737,407
walk_only,621e2ff067b776a2403eb737,414
walk_only,621e2ff067b776a2403eb737,428
walk_only,621e2ff067b776a2403eb737,432
walk_only,621e2ff067b776a2403eb737,436
walk_only,621e2ff067b776a2403eb737,452
walk_only,621e2ff067b776a2403eb737,458
walk_only,621e2ff067b776a2403eb737,475
walk_only,621e2ff067b776a2403eb737,481
walk_only,621e2ff067b776a2403eb737,500
walk_only,621e2ff067b776a2403eb737,507
walk_only,621e2ff067b776a2403eb737,511
walk_only,621e2ff067b776a2403eb737,523
walk_only,621e2ff067b776a2403eb737,527
walk_only,621e2ff067b776a2403eb737,551
walk_only,621e2ff067b776a2403eb737,555
walk_only,621e301367b776a24057738e,16
walk_only,621e301367b776a24057738e,19
walk_only,621e301367b776a24057738e,43
walk_only,621e301367b776a24057738e,45
walk_only,621e301367b776a24057738e,50
walk_only,621e301367b776a24057738e,20
walk_only,621e301e67b776a240608a72,18
walk_only,621e301e67b776a240608a72,19
walk_only,621e301e67b776a240608a72,64
walk_only,621e301e67b776a240608a72,71
walk_only,621e301e67b776a240608a72,74
walk_only,621e301e67b776a240608a72,87
walk_only,621e301e67b776a240608a72,97
walk_only,621e301e67b776a240608a72,110
walk_only,621e301e67b776a240608a72,122
walk_only,621e301e67b776a240608a72,3
walk_only,621e301e67b776a240608a72,16
walk_only,621e301e67b776a240608a72,20
walk_only,621e301e67b776a240608a72,72
walk_only,621e301e67b776a240608a72,100
walk_only,621e301e67b776a240608a72,112
walk_only,621e301e67b776a240608a72,143
walk_only,621e301e67b776a240608a72,145
walk_only,621e301e67b776a240608a72,1
walk_only,621e301e67b776a240608a72,88
walk_only,621e301e67b776a240608a72,109
walk_only,621e301e67b776a240608a72,115
walk_only,621e301e67b776a240608a72,133
walk_only,621e301e67b776a240608a72,64
walk_only,621e301e67b776a240608a72,70
walk_only,621e301e67b776a240608a72,74
walk_only,621e301e67b776a240608a72,88
walk_only,621e301e67b776a240608a72,94
walk_only,621e301e67b776a240608a72,160
walk_only,621e301e67b776a240608a72,185
walk_only,621e301e67b776a240608a72,232
walk_only,621e301e67b776a240608a72,238
walk_only,621e301e67b776a240608a72,243
walk_only,621e301e67b776a240608a72,259
walk_only,621e301e67b776a240608a72,284
walk_only,621e301e67b776a240608a72,289
walk_only,621e301e67b776a240608a72,304
walk_only,621e301e67b776a240608a72,2680
walk_only,621e301e67b776a240608a72,2686
walk_only,621e301e67b776a240608a72,11
walk_only,621e301e67b776a240608a72,15
walk_only,621e301e67b776a240608a72,18
walk_only,621e301e67b776a240608a72,41
walk_only,621e301e67b776a240608a72,71
walk_only,621e301e67b776a240608a72,47
walk_only,621e301e67b776a240608a72,8
walk_only,621e301e67b776a240608a72,22
walk_only,621e301e67b776a240608a72,28
walk_only,621e301e67b776a240608a72,47
walk_only,621e30c867b776a240d4aa6c,1
walk_only,621e30c867b776a240d4aa6c,14
walk_only,621e30c867b776a240d4aa6c,19
walk_only,621e30c867b776a240d4aa6c,25
walk_only,621e30c867b776a240d4aa6c,38
walk_only,621e30c867b776a240d4aa6c,9
walk_only,621e30c867b776a240d4aa6c,21
walk_only,621e30c867b776a240d4aa6c,26
walk_only,621e30c867b776a240d4aa6c,2
walk_only,621e30c867b776a240d4aa6c,18
walk_only,621e30c867b776a240d4aa6c,22
walk_only,621e30c867b776a240d4aa6c,39
walk_only,621e30c867b776a240d4aa6c,13
walk_only,621e30c867b776a240d4aa6c,25
walk_only,621e30c867b776a240d4aa6c,38
walk_only,621e30c867b776a240d4aa6c,44
walk_only,621e30c867b776a240d4aa6c,62
walk_only,621e30c867b776a240d4aa6c,71
walk_only,621e30c867b776a240d4aa6c,85
walk_only,621e30c867b776a240d4aa6c,94
walk_only,621e30c867b776a240d4aa6c,114
walk_only,621e30c867b776a240d4aa6c,139
walk_only,621e30c867b776a240d4aa6c,145
walk_only,621e30c867b776a240d4aa6c,157
walk_only,621e30c867b776a240d4aa6c,164
walk_only,621e30c867b776a240d4aa6c,170
walk_only,621e30c867b776a240d4aa6c,181
walk_only,621e30c867b776a240d4aa6c,188
walk_only,621e30c867b776a240d4aa6c,192
walk_only,621e30c867b776a240d4aa6c,205
walk_only,621e30c867b776a240d4aa6c,211
walk_only,621e30c867b776a240d4aa6c,215
walk_only,621e30c867b776a240d4aa6c,231
walk_only,621e30c867b776a240d4aa6c,234
walk_only,621e30c867b776a240d4aa6c,239
walk_only,621e30c867b776a240d4aa6c,253
walk_only,621e30c867b776a240d4aa6c,263
walk_only,621e30c867b776a240d4aa6c,281
walk_only,621e30c867b776a240d4aa6c,5
walk_only,621e30c867b776a240d4aa6c,3
walk_only,621e30c867b776a240d4aa6c,13
walk_only,621e30c867b776a240d4aa6c,18
walk_only,621e30c867b776a240d4aa6c,24
walk_only,621e30c867b776a240d4aa6c,50
walk_only,621e30c867b776a240d4aa6c,64
walk_only,621e30c867b776a240d4aa6c,69
walk_only,621e30c867b776a240d4aa6c,71
walk_only,621e30c867b776a240d4aa6c,24
walk_only,621e30c867b776a240d4aa6c,39
walk_only,621e30c867b776a240d4aa6c,43
walk_only,621e30c867b776a240d4aa6c,63
walk_only,621e30c867b776a240d4aa6c,40
walk_only,621e30c867b776a240d4aa6c,61
walk_only,621e30c867b776a240d4aa6c,71
walk_only,621e30c867b776a240d4aa6c,84
walk_only,621e30c867b776a240d4aa6c,110
walk_only,621e30c867b776a240d4aa6c,133
walk_only,621e30c867b776a240d4aa6c,145
walk_only,621e30c867b776a240d4aa6c,161
walk_only,621e30c867b776a240d4aa6c,163
walk_only,621e30c867b776a240d4aa6c,168
walk_only,621e30c867b776a240d4aa6c,179
walk_only,621e30c867b776a240d4aa6c,184
walk_only,621e30c867b776a240d4aa6c,190
walk_only,621e30c867b776a240d4aa6c,12
walk_only,621e30c867b776a240d4aa6c,15
walk_only,621e30c867b776a240d4aa6c,19
walk_only,621e30c867b776a240d4aa6c,22
walk_only,621e30c867b776a240d4aa6c,36
walk_only,621e30c867b776a240d4aa6c,41
walk_only,621e30c867b776a240d4aa6c,4
walk_only,621e30c867b776a240d4aa6c,17
walk_only,621e30c867b776a240d4aa6c,22
walk_only,621e30c867b776a240d4aa6c,12
walk_only,621e30c867b776a240d4aa6c,19
walk_only,621e30c867b776a240d4aa6c,11
walk_only,621e30c867b776a240d4aa6c,23
walk_only,621e30c867b776a240d4aa6c,0
walk_only,621e30c867b776a240d4aa6c,13
walk_only,621e30c867b776a240d4aa6c,18
walk_only,621e30c867b776a240d4aa6c,2
walk_only,621e30c867b776a240d4aa6c,27
walk_only,621e30c867b776a240d4aa6c,51
walk_only,621e30c867b776a240d4aa6c,62
walk_only,621e30c867b776a240d4aa6c,89
walk_only,621e30c867b776a240d4aa6c,95
walk_only,621e30c867b776a240d4aa6c,99
walk_only,621e30c867b776a240d4aa6c,115
walk_only,621e30c867b776a240d4aa6c,135
walk_only,621e30c867b776a240d4aa6c,183
walk_only,621e30c867b776a240d4aa6c,192
walk_only,621e30c867b776a240d4aa6c,14
walk_only,621e30c867b776a240d4aa6c,24
walk_only,621e30c867b776a240d4aa6c,39
walk_only,621e30c867b776a240d4aa6c,49
walk_only,621e30c867b776a240d4aa6c,8
walk_only,621e30c867b776a240d4aa6c,24
walk_only,621e30c867b776a240d4aa6c,31
walk_only,621e30c867b776a240d4aa6c,33
walk_only,621e30c867b776a240d4aa6c,45
walk_only,621e30c867b776a240d4aa6c,55
walk_only,621e30c867b776a240d4aa6c,14
walk_only,621e30c867b776a240d4aa6c,24
walk_only,621e30c867b776a240d4aa6c,11
walk_only,621e30c867b776a240d4aa6c,16
walk_only,621e30c867b776a240d4aa6c,2
walk_only,621e30c867b776a240d4aa6c,16
walk_only,621e30c867b776a240d4aa6c,23
walk_only,621e30c867b776a240d4aa6c,26
walk_only,621e30c867b776a240d4aa6c,41
walk_only,621e30c867b776a240d4aa6c,45
walk_only,621e30c867b776a240d4aa6c,51
walk_only,621e30c867b776a240d4aa6c,0
walk_only,621e30c867b776a240d4aa6c,3
walk_only,621e30c867b776a240d4aa6c,8
walk_only,621e30c867b776a240d4aa6c,21
walk_only,621e30c867b776a240d4aa6c,46
walk_only,621e30e467b776a240e817c7,16
walk_only,621e30e467b776a240e817c7,27
walk_only,621e30e467b776a240e817c7,39
walk_only,621e30e467b776a240e817c7,44
walk_only,621e30e467b776a240e817c7,49
walk_only,621e30e467b776a240e817c7,63
walk_only,621e30e467b776a240e817c7,73
walk_only,621e30e467b776a240e817c7,88
walk_only,621e30e467b776a240e817c7,100
walk_only,621e30e467b776a240e817c7,111
walk_only,621e30e467b776a240e817c7,3
walk_only,621e30e467b776a240e817c7,7
walk_only,621e30e467b776a240e817c7,25
walk_only,621e30e467b776a240e817c7,34
walk_only,621e30e467b776a240e817c7,53
walk_only,621e30e467b776a240e817c7,70
walk_only,621e30e467b776a240e817c7,81
walk_only,621e30e467b776a240e817c7,100
walk_only,621e30e467b776a240e817c7,119
walk_only,621e30e467b776a240e817c7,129
walk_only,621e30e467b776a240e817c7,142
walk_only,621e30e467b776a240e817c7,20
walk_only,621e30e467b776a240e817c7,9
walk_only,621e30e467b776a240e817c7,29
walk_only,621e30e467b776a240e817c7,35
walk_only,621e30e467b776a240e817c7,50
walk_only,621e30e467b776a240e817c7,102
walk_only,621e30e467b776a240e817c7,0
walk_only,621e30e467b776a240e817c7,46
walk_only,621e30e467b776a240e817c7,49
walk_only,621e30e467b776a240e817c7,63
walk_only,621e30e467b776a240e817c7,87
walk_only,621e30e467b776a240e817c7,161
walk_only,621e30e467b776a240e817c7,208
walk_only,621e30e467b776a240e817c7,253
walk_only,621e30e467b776a240e817c7,4
walk_only,621e30e467b776a240e817c7,24
walk_only,621e30e467b776a240e817c7,77
walk_only,621e30e467b776a240e817c7,217
walk_only,621e30e467b776a240e817c7,236
walk_only,621e30e467b776a240e817c7,259
walk_only,621e30e467b776a240e817c7,283
walk_only,621e30e467b776a240e817c7,1
walk_only,621e30e467b776a240e817c7,117
walk_only,621e30e467b776a240e817c7,140
walk_only,621e30e467b776a240e817c7,183
walk_only,621e30f467b776a240f22944,196
walk_only,621e30f467b776a240f22944,217
walk_only,621e30f467b776a240f22944,219
walk_only,621e30f467b776a240f22944,224
walk_only,621e30f467b776a240f22944,238
walk_only,621e30f467b776a240f22944,244
walk_only,621e30f467b776a240f22944,250
walk_only,621e30f467b776a240f22944,262
walk_only,621e30f467b776a240f22944,268
walk_only,621e30f467b776a240f22944,272
walk_only,621e30f467b776a240f22944,5
walk_only,621e30f467b776a240f22944,4
walk_only,621e30f467b776a240f22944,2
walk_only,621e30f467b776a240f22944,27
walk_only,621e30f467b776a240f22944,41
walk_only,621e30f467b776a240f22944,46
walk_only,621e30f467b776a240f22944,69
walk_only,621e30f467b776a240f22944,73
walk_only,621e30f467b776a240f22944,78
walk_only,621e30f467b776a240f22944,96
walk_only,621e30f467b776a240f22944,99
walk_only,621e30f467b776a240f22944,113
walk_only,621e30f467b776a240f22944,120
walk_only,621e30f467b776a240f22944,3
walk_only,621e30f467b776a240f22944,6
walk_only,621e30f467b776a240f22944,7
walk_only,621e30f467b776a240f22944,21
walk_only,621e30f467b776a240f22944,25
walk_only,621e30f467b776a240f22944,30
walk_only,621e30f467b776a240f22944,44
walk_only,621e30f467b776a240f22944,51
walk_only,621e30f467b776a240f22944,54
walk_only,621e30f467b776a240f22944,69
walk_only,621e30f467b776a240f22944,80
walk_only,621e30f467b776a240f22944,93
walk_only,621e30f467b776a240f22944,97
walk_only,621e30f467b776a240f22944,105
walk_only,621e30f467b776a240f22944,116
walk_only,621e30f467b776a240f22944,122
walk_only,621e30f467b776a240f22944,127
walk_only,621e30f467b776a240f22944,167
walk_only,621e30f467b776a240f22944,173
walk_only,621e30f467b776a240f22944,188
walk_only,621e30f467b776a240f22944,194
walk_only,621e30f467b776a240f22944,201
walk_only,621e30f467b776a240f22944,218
walk_only,621e30f467b776a240f22944,223
walk_only,621e30f467b776a240f22944,236
walk_only,621e30f467b776a240f22944,241
walk_only,621e30f467b776a240f22944,248
walk_only,621e30f467b776a240f22944,260
walk_only,621e30f467b776a240f22944,270
walk_only,621e30f467b776a240f22944,284
walk_only,621e30f467b776a240f22944,289
walk_only,621e30f467b776a240f22944,311
walk_only,621e30f467b776a240f22944,318
walk_only,621e30f467b776a240f22944,2
walk_only,621e30f467b776a240f22944,1
walk_only,621e30f467b776a240f22944,3
walk_only,621e30f467b776a240f22944,5
walk_only,621e30f467b776a240f22944,0
walk_only,621e30f467b776a240f22944,0
walk_only,621e30f467b776a240f22944,4
walk_only,621e30f467b776a240f22944,14
walk_only,621e30f467b776a240f22944,20
walk_only,621e30f467b776a240f22944,23
walk_only,621e30f467b776a240f22944,37
walk_only,621e30f467b776a240f22944,49
walk_only,621e30f467b776a240f22944,64
walk_only,621e30f467b776a240f22944,68
walk_only,621e30f467b776a240f22944,73
walk_only,621e30f467b776a240f22944,3
walk_only,621e30f467b776a240f22944,20
walk_only,621e30f467b776a240f22944,30
walk_only,621e30f467b776a240f22944,41
walk_only,621e30f467b776a240f22944,49
walk_only,621e30f467b776a240f22944,65
walk_only,621e30f467b776a240f22944,72
walk_only,621e30f467b776a240f22944,75
walk_only,621e30f467b776a240f22944,89
walk_only,621e30f467b776a240f22944,5
walk_only,621e30f467b776a240f22944,19
walk_only,621e30f467b776a240f22944,1
walk_only,621e30f467b776a240f22944,28
walk_only,621e30f467b776a240f22944,30
walk_only,621e30f467b776a240f22944,45
walk_only,621e30f467b776a240f22944,19
walk_only,621e30f467b776a240f22944,25
walk_only,621e30f467b776a240f22944,44
walk_only,621e30f467b776a240f22944,48
walk_only,621e30f467b776a240f22944,55
walk_only,621e30f467b776a240f22944,67
walk_only,621e30f467b776a240f22944,77
walk_only,621e30f467b776a240f22944,91
walk_only,621e30f467b776a240f22944,96
walk_only,621e30f467b776a240f22944,115
walk_only,621e30f467b776a240f22944,11
walk_only,621e30f467b776a240f22944,27
walk_only,621e30f467b776a240f22944,32
walk_only,621e30f467b776a240f22944,35
walk_only,621e30f467b776a240f22944,1
walk_only,621e30f467b776a240f22944,19
walk_only,621e30f467b776a240f22944,23
walk_only,621e30f467b776a240f22944,41
walk_only,621e30f467b776a240f22944,48
walk_only,621e30f467b776a240f22944,55
walk_only,621e30f467b776a240f22944,4
walk_only,621e30f467b776a240f22944,12
walk_only,621e30f467b776a240f22944,2
walk_only,621e30f467b776a240f22944,11
walk_only,621e30f467b776a240f22944,26
walk_only,621e30f467b776a240f22944,31
walk_only,621e30f467b776a240f22944,12
walk_only,621e30f467b776a240f22944,29
walk_only,621e30f467b776a240f22944,6
walk_only,621e30f467b776a240f22944,27
walk_only,621e30f467b776a240f22944,46
walk_only,621e30f467b776a240f22944,49
walk_only,621e30f467b776a240f22944,57
walk_only,621e30f467b776a240f22944,71
walk_only,621e30f467b776a240f22944,74
walk_only,621e30f467b776a240f22944,94
walk_only,621e30f467b776a240f22944,98
walk_only,621e30f467b776a240f22944,118
walk_only,621e30f467b776a240f22944,121
walk_only,621e30f467b776a240f22944,129
walk_only,621e30f467b776a240f22944,4
walk_only,621e30f467b776a240f22944,11
walk_only,621e30f467b776a240f22944,23
walk_only,621e310d67b776a24003096d,101
walk_only,621e310d67b776a24003096d,115
walk_only,621e310d67b776a24003096d,4
walk_only,621e310d67b776a24003096d,9
walk_only,621e310d67b776a24003096d,23
walk_only,621e310d67b776a24003096d,28
walk_only,621e310d67b776a24003096d,47
walk_only,621e310d67b776a24003096d,53
walk_only,621e310d67b776a24003096d,59
walk_only,621e310d67b776a24003096d,71
walk_only,621e310d67b776a24003096d,78
walk_only,621e310d67b776a24003096d,104
walk_only,621e310d67b776a24003096d,123
walk_only,621e310d67b776a24003096d,128
walk_only,621e310d67b776a24003096d,131
walk_only,621e310d67b776a24003096d,144
walk_only,621e310d67b776a24003096d,148
walk_only,621e310d67b776a24003096d,153
walk_only,621e310d67b776a24003096d,169
walk_only,621e310d67b776a24003096d,172
walk_only,621e310d67b776a24003096d,191
walk_only,621e310d67b776a24003096d,196
walk_only,621e310d67b776a24003096d,205
walk_only,621e310d67b776a24003096d,217
walk_only,621e310d67b776a24003096d,240
walk_only,621e310d67b776a24003096d,267
walk_only,621e310d67b776a24003096d,4
walk_only,621e310d67b776a24003096d,28
walk_only,621e310d67b776a24003096d,20
walk_only,621e310d67b776a24003096d,28
walk_only,621e310d67b776a24003096d,0
walk_only,621e310d67b776a24003096d,3
walk_only,621e310d67b776a24003096d,18
walk_only,621e310d67b776a24003096d,24
walk_only,621e310d67b776a24003096d,45
walk_only,621e310d67b776a24003096d,65
walk_only,621e310d67b776a24003096d,88
walk_only,621e310d67b776a24003096d,100
walk_only,621e310d67b776a24003096d,161
walk_only,621e310d67b776a24003096d,166
walk_only,621e310d67b776a24003096d,187
walk_only,621e310d67b776a24003096d,47
walk_only,621e310d67b776a24003096d,67
walk_only,621e310d67b776a24003096d,71
walk_only,621e310d67b776a24003096d,76
walk_only,621e310d67b776a24003096d,98
walk_only,621e310d67b776a24003096d,115
walk_only,621e310d67b776a24003096d,4
walk_only,621e310d67b776a24003096d,11
walk_only,621e310d67b776a24003096d,27
walk_only,621e310d67b776a24003096d,33
walk_only,621e310d67b776a24003096d,74
walk_only,621e310d67b776a24003096d,77
walk_only,621e310d67b776a24003096d,98
walk_only,621e310d67b776a24003096d,150
walk_only,621e310d67b776a24003096d,158
walk_only,621e310d67b776a24003096d,173
walk_only,621e310d67b776a24003096d,4
walk_only,621e310d67b776a24003096d,76
walk_only,621e310d67b776a24003096d,119
walk_only,621e310d67b776a24003096d,138
walk_only,621e310d67b776a24003096d,141
walk_only,621e310d67b776a24003096d,148
walk_only,621e310d67b776a24003096d,5
walk_only,621e310d67b776a24003096d,19
walk_only,621e310d67b776a24003096d,44
walk_only,621e310d67b776a24003096d,50
walk_only,621e310d67b776a24003096d,54
walk_only,621e310d67b776a24003096d,69
walk_only,621e310d67b776a24003096d,74
walk_only,621e310d67b776a24003096d,92
walk_only,621e310d67b776a24003096d,6
walk_only,621e310d67b776a24003096d,16
walk_only,621e310d67b776a24003096d,23
walk_only,621e310d67b776a24003096d,30
walk_only,621e310d67b776a24003096d,43
walk_only,621e310d67b776a24003096d,48
walk_only,621e310d67b776a24003096d,51
walk_only,621e310d67b776a24003096d,66
walk_only,621e310d67b776a24003096d,76
walk_only,621e310d67b776a24003096d,90
walk_only,621e310d67b776a24003096d,97
walk_only,621e310d67b776a24003096d,100
walk_only,621e310d67b776a24003096d,123
walk_only,621e310d67b776a24003096d,138
walk_only,621e310d67b776a24003096d,162
walk_only,621e310d67b776a24003096d,166
walk_only,621e310d67b776a24003096d,170
walk_only,621e310d67b776a24003096d,185
walk_only,621e310d67b776a24003096d,194
walk_only,621e310d67b776a24003096d,3
walk_only,621e310d67b776a24003096d,12
walk_only,621e310d67b776a24003096d,30
walk_only,621e310d67b776a24003096d,37
walk_only,621e312a67b776a240164d59,16
walk_only,621e312a67b776a240164d59,21
walk_only,621e312a67b776a240164d59,28
walk_only,621e312a67b776a240164d59,40
walk_only,621e312a67b776a240164d59,45
walk_only,621e312a67b776a240164d59,4
walk_only,621e312a67b776a240164d59,18
walk_only,621e312a67b776a240164d59,23
walk_only,621e312a67b776a240164d59,28
walk_only,621e312a67b776a240164d59,42
walk_only,621e312a67b776a240164d59,2
walk_only,621e312a67b776a240164d59,7
walk_only,621e312a67b776a240164d59,21
walk_only,621e312a67b776a240164d59,5
walk_only,621e312a67b776a240164d59,24
walk_only,621e312a67b776a240164d59,3
walk_only,621e312a67b776a240164d59,20
walk_only,621e312a67b776a240164d59,0
walk_only,621e312a67b776a240164d59,5
walk_only,621e312a67b776a240164d59,19
walk_only,621e312a67b776a240164d59,24
walk_only,621e312a67b776a240164d59,32
walk_only,621e312a67b776a240164d59,45
walk_only,621e312a67b776a240164d59,50
walk_only,621e312a67b776a240164d59,67
walk_only,621e312a67b776a240164d59,74
walk_only,621e312a67b776a240164d59,79
walk_only,621e312a67b776a240164d59,94
walk_only,621e312a67b776a240164d59,11
walk_only,621e312a67b776a240164d59,17
walk_only,621e312a67b776a240164d59,0
walk_only,621e312a67b776a240164d59,24
walk_only,621e312a67b776a240164d59,3
walk_only,621e312a67b776a240164d59,4
walk_only,621e312a67b776a240164d59,34
walk_only,621e312a67b776a240164d59,69
walk_only,621e312a67b776a240164d59,79
walk_only,621e312a67b776a240164d59,94
walk_only,621e312a67b776a240164d59,98
walk_only,621e312a67b776a240164d59,104
walk_only,621e312a67b776a240164d59,117
walk_only,621e312a67b776a240164d59,143
walk_only,621e312a67b776a240164d59,153
walk_only,621e312a67b776a240164d59,166
walk_only,621e312a67b776a240164d59,171
walk_only,621e312a67b776a240164d59,199
walk_only,621e312a67b776a240164d59,216
walk_only,621e312a67b776a240164d59,223
walk_only,621e312a67b776a240164d59,226
walk_only,621e312a67b776a240164d59,238
walk_only,621e312a67b776a240164d59,261
walk_only,621e312a67b776a240164d59,266
walk_only,621e312a67b776a240164d59,285
walk_only,621e312a67b776a240164d59,290
walk_only,621e312a67b776a240164d59,296
walk_only,621e312a67b776a240164d59,309
walk_only,621e312a67b776a240164d59,316
walk_only,621e312a67b776a240164d59,320
walk_only,621e312a67b776a240164d59,333
walk_only,621e312a67b776a240164d59,340
walk_only,621e312a67b776a240164d59,362
walk_only,621e312a67b776a240164d59,367
walk_only,621e312a67b776a240164d59,383
walk_only,621e312a67b776a240164d59,390
walk_only,621e312a67b776a240164d59,407
walk_only,621e312a67b776a240164d59,410
walk_only,621e312a67b776a240164d59,429
walk_only,621e312a67b776a240164d59,434
walk_only,621e312a67b776a240164d59,439
walk_only,621e312a67b776a240164d59,573
walk_only,621e312a67b776a240164d59,579
walk_only,621e312a67b776a240164d59,583
walk_only,621e312a67b776a240164d59,597
walk_only,621e312a67b776a240164d59,602
walk_only,621e312a67b776a240164d59,607
walk_only,621e312a67b776a240164d59,621
walk_only,621e312a67b776a240164d59,627
walk_only,621e312a67b776a240164d59,645
walk_only,621e312a67b776a240164d59,650
walk_only,621e312a67b776a240164d59,699
walk_only,621e312a67b776a240164d59,741
walk_only,621e312a67b776a240164d59,766
walk_only,621e312a67b776a240164d59,794
walk_only,621e312a67b776a240164d59,816
walk_only,621e312a67b776a240164d59,840
walk_only,621e312a67b776a240164d59,6
walk_only,621e312a67b776a240164d59,53
walk_only,621e312a67b776a240164d59,4
walk_only,621e312a67b776a240164d59,25
walk_only,621e312a67b776a240164d59,53
walk_only,621e322367b776a240e44e9b,6
walk_only,621e322367b776a240e44e9b,9
walk_only,621e322367b776a240e44e9b,14
walk_only,621e322367b776a240e44e9b,3
walk_only,621e322367b776a240e44e9b,8
walk_only,621e322367b776a240e44e9b,0
walk_only,621e322367b776a240e44e9b,12
walk_only,621e322367b776a240e44e9b,25
walk_only,621e322367b776a240e44e9b,37
walk_only,621e322367b776a240e44e9b,51
walk_only,621e322367b776a240e44e9b,74
walk_only,621e322367b776a240e44e9b,82
walk_only,621e322367b776a240e44e9b,84
walk_only,621e322367b776a240e44e9b,3
walk_only,621e322367b776a240e44e9b,4
walk_only,621e322367b776a240e44e9b,9
walk_only,621e322367b776a240e44e9b,15
walk_only,621e322367b776a240e44e9b,2
walk_only,621e322367b776a240e44e9b,7
walk_only,621e322367b776a240e44e9b,13
walk_only,621e322367b776a240e44e9b,26
walk_only,621e322367b776a240e44e9b,4
walk_only,621e322367b776a240e44e9b,9
walk_only,621e322367b776a240e44e9b,3
walk_only,621e322367b776a240e44e9b,8
walk_only,621e322367b776a240e44e9b,13
walk_only,621e322367b776a240e44e9b,29
walk_only,621e322367b776a240e44e9b,2
walk_only,621e322367b776a240e44e9b,21
walk_only,621e322367b776a240e44e9b,27
walk_only,621e322367b776a240e44e9b,30
walk_only,621e322367b776a240e44e9b,3
walk_only,621e322367b776a240e44e9b,27
walk_only,621e322367b776a240e44e9b,32
walk_only,621e322367b776a240e44e9b,0
walk_only,621e322367b776a240e44e9b,4
walk_only,621e322367b776a240e44e9b,8
walk_only,621e322367b776a240e44e9b,4
walk_only,621e322367b776a240e44e9b,25
walk_only,621e322367b776a240e44e9b,29
walk_only,621e322367b776a240e44e9b,42
walk_only,621e322367b776a240e44e9b,13
walk_only,621e322367b776a240e44e9b,0
walk_only,621e322367b776a240e44e9b,5
walk_only,621e322367b776a240e44e9b,19
walk_only,621e322367b776a240e44e9b,24
walk_only,621e322367b776a240e44e9b,2
walk_only,621e322367b776a240e44e9b,6
walk_only,621e322367b776a240e44e9b,12
walk_only,621e322367b776a240e44e9b,13
walk_only,621e322367b776a240e44e9b,17
walk_only,621e322367b776a240e44e9b,22
walk_only,621e322367b776a240e44e9b,36
walk_only,621e322367b776a240e44e9b,41
walk_only,621e322367b776a240e44e9b,46
walk_only,621e322367b776a240e44e9b,61
walk_only,621e322367b776a240e44e9b,65
walk_only,621e322367b776a240e44e9b,0
walk_only,621e322367b776a240e44e9b,3
walk_only,621e322367b776a240e44e9b,9
walk_only,621e322367b776a240e44e9b,4
walk_only,621e322367b776a240e44e9b,12
walk_only,621e322367b776a240e44e9b,19
walk_only,621e322367b776a240e44e9b,38
walk_only,621e322367b776a240e44e9b,42
walk_only,621e322367b776a240e44e9b,46
walk_only,621e322367b776a240e44e9b,59
walk_only,621e322367b776a240e44e9b,63
walk_only,621e322367b776a240e44e9b,68
walk_only,621e322367b776a240e44e9b,0
walk_only,621e322367b776a240e44e9b,1
walk_only,621e322367b776a240e44e9b,6
walk_only,621e322367b776a240e44e9b,3
walk_only,621e322367b776a240e44e9b,8
walk_only,621e322367b776a240e44e9b,87
walk_only,621e322367b776a240e44e9b,9
walk_only,621e322367b776a240e44e9b,4
walk_only,621e322367b776a240e44e9b,24
walk_only,621e322367b776a240e44e9b,33
walk_only,621e322367b776a240e44e9b,48
walk_only,621e322367b776a240e44e9b,53
walk_only,621e322367b776a240e44e9b,57
walk_only,621e323667b776a240f19134,230
walk_only,621e323667b776a240f19134,235
walk_only,621e323667b776a240f19134,241
walk_only,621e323667b776a240f19134,255
walk_only,621e323667b776a240f19134,259
walk_only,621e323667b776a240f19134,264
walk_only,621e323667b776a240f19134,278
walk_only,621e323667b776a240f19134,283
walk_only,621e323667b776a240f19134,288
walk_only,621e323667b776a240f19134,302
walk_only,621e323667b776a240f19134,307
walk_only,621e323667b776a240f19134,312
walk_only,621e323667b776a240f19134,328
walk_only,621e323667b776a240f19134,334
walk_only,621e323667b776a240f19134,3
walk_only,621e323667b776a240f19134,17
walk_only,621e323667b776a240f19134,4
walk_only,621e323667b776a240f19134,15
walk_only,621e323667b776a240f19134,22
walk_only,621e323667b776a240f19134,25
walk_only,621e323667b776a240f19134,40
walk_only,621e323667b776a240f19134,44
walk_only,621e323667b776a240f19134,51
walk_only,621e323667b776a240f19134,64
walk_only,621e323667b776a240f19134,71
walk_only,621e323667b776a240f19134,89
walk_only,621e323667b776a240f19134,94
walk_only,621e323667b776a240f19134,97
walk_only,621e323667b776a240f19134,112
walk_only,621e323667b776a240f19134,116
walk_only,621e323667b776a240f19134,121
walk_only,621e323667b776a240f19134,138
walk_only,621e323667b776a240f19134,143
walk_only,621e323667b776a240f19134,147
walk_only,621e323667b776a240f19134,162
walk_only,621e323667b776a240f19134,167
walk_only,621e323667b776a240f19134,171
walk_only,621e323667b776a240f19134,183
walk_only,621e323667b776a240f19134,190
walk_only,621e323667b776a240f19134,193
walk_only,621e323667b776a240f19134,207
walk_only,621e323667b776a240f19134,213
walk_only,621e323667b776a240f19134,217
walk_only,621e323667b776a240f19134,231
walk_only,621e323667b776a240f19134,236
walk_only,621e323667b776a240f19134,241
walk_only,621e323667b776a240f19134,255
walk_only,621e323667b776a240f19134,261
walk_only,621e323667b776a240f19134,265
walk_only,621e323667b776a240f19134,279
walk_only,621e323667b776a240f19134,0
walk_only,621e323667b776a240f19134,14
walk_only,621e323667b776a240f19134,21
walk_only,621e323667b776a240f19134,40
walk_only,621e323667b776a240f19134,46
walk_only,621e323667b776a240f19134,61
walk_only,621e323667b776a240f19134,65
walk_only,621e323667b776a240f19134,69
walk_only,621e323667b776a240f19134,83
walk_only,621e323667b776a240f19134,88
walk_only,621e323667b776a240f19134,93
walk_only,621e323667b776a240f19134,108
walk_only,621e323667b776a240f19134,113
walk_only,621e323667b776a240f19134,117
walk_only,621e323667b776a240f19134,131
walk_only,621e323667b776a240f19134,136
walk_only,621e323667b776a240f19134,141
walk_only,621e323667b776a240f19134,155
walk_only,621e323667b776a240f19134,162
walk_only,621e323667b776a240f19134,165
walk_only,621e323667b776a240f19134,181
walk_only,621e323667b776a240f19134,19
walk_only,621e323667b776a240f19134,3
walk_only,621e323667b776a240f19134,16
walk_only,621e323667b776a240f19134,20
walk_only,621e323667b776a240f19134,25
walk_only,621e323667b776a240f19134,39
walk_only,621e323667b776a240f19134,44
walk_only,621e323667b776a240f19134,49
walk_only,621e323667b776a240f19134,63
walk_only,621e323667b776a240f19134,73
walk_only,621e323667b776a240f19134,89
walk_only,621e323667b776a240f19134,94
walk_only,621e323667b776a240f19134,98
walk_only,621e323667b776a240f19134,113
walk_only,621e323667b776a240f19134,3
walk_only,621e323667b776a240f19134,7
walk_only,621e323667b776a240f19134,14
walk_only,621e323667b776a240f19134,18
walk_only,621e323667b776a240f19134,19
walk_only,621e323667b776a240f19134,35
walk_only,621e323667b776a240f19134,45
walk_only,621e323667b776a240f19134,57
walk_only,621e323667b776a240f19134,62
walk_only,621e323667b776a240f19134,67
walk_only,621e323667b776a240f19134,81
walk_only,621e323667b776a240f19134,86
walk_only,621e323667b776a240f19134,91
walk_only,621e323667b776a240f19134,105
walk_only,621e323667b776a240f19134,110
walk_only,621e323667b776a240f19134,115
walk_only,621e323667b776a240f19134,129
walk_only,621e323667b776a240f19134,135
walk_only,621e323667b776a240f19134,1
walk_only,621e323667b776a240f19134,14
walk_only,621e323667b776a240f19134,25
walk_only,621e323667b776a240f19134,40
walk_only,621e323667b776a240f19134,46
walk_only,621e323667b776a240f19134,50
walk_only,621e323667b776a240f19134,64
walk_only,621e323667b776a240f19134,71
walk_only,621e323667b776a240f19134,74
walk_only,621e323667b776a240f19134,86
walk_only,621e323667b776a240f19134,92
walk_only,621e323667b776a240f19134,96
walk_only,621e323667b776a240f19134,110
walk_only,621e323667b776a240f19134,115
walk_only,621e323667b776a240f19134,120
walk_only,621e323667b776a240f19134,134
walk_only,621e323667b776a240f19134,139
walk_only,621e323667b776a240f19134,144
walk_only,621e323667b776a240f19134,158
walk_only,621e323667b776a240f19134,163
walk_only,621e323667b776a240f19134,169
walk_only,621e323667b776a240f19134,183
walk_only,621e323667b776a240f19134,187
walk_only,621e323667b776a240f19134,193
walk_only,621e323667b776a240f19134,208
walk_only,621e323667b776a240f19134,214
walk_only,621e323667b776a240f19134,218
walk_only,621e323667b776a240f19134,232
walk_only,621e323667b776a240f19134,238
walk_only,621e323667b776a240f19134,242
walk_only,621e323667b776a240f19134,255
walk_only,621e323667b776a240f19134,260
walk_only,621e323667b776a240f19134,264
walk_only,621e323667b776a240f19134,278
walk_only,621e323667b776a240f19134,283
walk_only,621e323667b776a240f19134,288
walk_only,621e323667b776a240f19134,304
walk_only,621e323667b776a240f19134,307
walk_only,621e323667b776a240f19134,312
walk_only,621e323667b776a240f19134,326
walk_only,621e323667b776a240f19134,331
walk_only,621e323667b776a240f19134,336
walk_only,621e323667b776a240f19134,351
walk_only,621e323667b776a240f19134,355
walk_only,621e323667b776a240f19134,360
walk_only,621e323667b776a240f19134,377
walk_only,621e323667b776a240f19134,382
walk_only,621e323667b776a240f19134,386
walk_only,621e323667b776a240f19134,400
walk_only,621e323667b776a240f19134,407
walk_only,621e323667b776a240f19134,409
walk_only,621e323667b776a240f19134,422
walk_only,621e323667b776a240f19134,427
walk_only,621e323667b776a240f19134,432
walk_only,621e323667b776a240f19134,447
walk_only,621e323667b776a240f19134,451
walk_only,621e323667b776a240f19134,459
walk_only,621e323667b776a240f19134,471
walk_only,621e323667b776a240f19134,475
walk_only,621e323667b776a240f19134,480
walk_only,621e323667b776a240f19134,494
walk_only,621e323667b776a240f19134,499
walk_only,621e323667b776a240f19134,504
walk_only,621e323667b776a240f19134,518
walk_only,621e323667b776a240f19134,523
walk_only,621e323667b776a240f19134,528
walk_only,621e323667b776a240f19134,544
walk_only,621e323667b776a240f19134,550
walk_only,621e323667b776a240f19134,568
walk_only,621e323667b776a240f19134,574
walk_only,621e323667b776a240f19134,578
walk_only,621e324e67b776a2400191cb,52
walk_only,621e324e67b776a2400191cb,69
walk_only,621e324e67b776a2400191cb,74
walk_only,621e324e67b776a2400191cb,79
walk_only,621e324e67b776a2400191cb,94
walk_only,621e324e67b776a2400191cb,98
walk_only,621e324e67b776a2400191cb,104
walk_only,621e324e67b776a2400191cb,118
walk_only,621e324e67b776a2400191cb,124
walk_only,621e324e67b776a2400191cb,127
walk_only,621e324e67b776a2400191cb,0
walk_only,621e324e67b776a2400191cb,3
walk_only,621e324e67b776a2400191cb,9
walk_only,621e324e67b776a2400191cb,1
walk_only,621e324e67b776a2400191cb,4
walk_only,621e324e67b776a2400191cb,6
walk_only,621e324e67b776a2400191cb,23
walk_only,621e324e67b776a2400191cb,28
walk_only,621e324e67b776a2400191cb,31
walk_only,621e324e67b776a2400191cb,46
walk_only,621e324e67b776a2400191cb,48
walk_only,621e324e67b776a2400191cb,55
walk_only,621e324e67b776a2400191cb,72
walk_only,621e324e67b776a2400191cb,78
walk_only,621e324e67b776a2400191cb,92
walk_only,621e324e67b776a2400191cb,99
walk_only,621e324e67b776a2400191cb,101
walk_only,621e324e67b776a2400191cb,116
walk_only,621e324e67b776a2400191cb,120
walk_only,621e324e67b776a2400191cb,2
walk_only,621e324e67b776a2400191cb,0
walk_only,621e324e67b776a2400191cb,8
walk_only,621e324e67b776a2400191cb,1
walk_only,621e324e67b776a2400191cb,7
walk_only,621e324e67b776a2400191cb,10
walk_only,621e324e67b776a2400191cb,24
walk_only,621e324e67b776a2400191cb,30
walk_only,621e324e67b776a2400191cb,33
walk_only,621e324e67b776a2400191cb,47
walk_only,621e324e67b776a2400191cb,54
walk_only,621e324e67b776a2400191cb,57
walk_only,621e324e67b776a2400191cb,71
walk_only,621e324e67b776a2400191cb,75
walk_only,621e324e67b776a2400191cb,81
walk_only,621e324e67b776a2400191cb,98
walk_only,621e324e67b776a2400191cb,99
walk_only,621e324e67b776a2400191cb,106
walk_only,621e324e67b776a2400191cb,119
walk_only,621e324e67b776a2400191cb,126
walk_only,621e324e67b776a2400191cb,144
walk_only,621e324e67b776a2400191cb,148
walk_only,621e324e67b776a2400191cb,152
walk_only,621e324e67b776a2400191cb,170
walk_only,621e324e67b776a2400191cb,176
walk_only,621e324e67b776a2400191cb,178
walk_only,621e324e67b776a2400191cb,193
walk_only,621e324e67b776a2400191cb,198
walk_only,621e324e67b776a2400191cb,202
walk_only,621e324e67b776a2400191cb,215
walk_only,621e324e67b776a2400191cb,219
walk_only,621e324e67b776a2400191cb,225
walk_only,621e324e67b776a2400191cb,243
walk_only,621e324e67b776a2400191cb,250
walk_only,621e324e67b776a2400191cb,264
walk_only,621e324e67b776a2400191cb,269
walk_only,621e324e67b776a2400191cb,273
walk_only,621e324e67b776a2400191cb,287
walk_only,621e324e67b776a2400191cb,295
walk_only,621e324e67b776a2400191cb,299
walk_only,621e324e67b776a2400191cb,3
walk_only,621e324e67b776a2400191cb,13
walk_only,621e324e67b776a2400191cb,27
walk_only,621e324e67b776a2400191cb,33
walk_only,621e324e67b776a2400191cb,3
walk_only,621e324e67b776a2400191cb,18
walk_only,621e324e67b776a2400191cb,24
walk_only,621e324e67b776a2400191cb,28
walk_only,621e324e67b776a2400191cb,43
walk_only,621e324e67b776a2400191cb,46
walk_only,621e324e67b776a2400191cb,49
walk_only,621e324e67b776a2400191cb,3
walk_only,621e324e67b776a2400191cb,12
walk_only,621e324e67b776a2400191cb,3
walk_only,621e324e67b776a2400191cb,3
walk_only,621e324e67b776a2400191cb,10
walk_only,621e324e67b776a2400191cb,22
walk_only,621e324e67b776a2400191cb,4
walk_only,621e324e67b776a2400191cb,7
walk_only,621e324e67b776a2400191cb,0
walk_only,621e324e67b776a2400191cb,7
walk_only,621e324e67b776a2400191cb,10
walk_only,621e324e67b776a2400191cb,27
walk_only,621e324e67b776a2400191cb,36
walk_only,621e324e67b776a2400191cb,49
walk_only,621e324e67b776a2400191cb,55
walk_only,621e324e67b776a2400191cb,59
walk_only,621e324e67b776a2400191cb,73
walk_only,621e324e67b776a2400191cb,79
walk_only,621e324e67b776a2400191cb,81
walk_only,621e324e67b776a2400191cb,96
walk_only,621e324e67b776a2400191cb,101
walk_only,621e324e67b776a2400191cb,105
walk_only,621e324e67b776a2400191cb,121
walk_only,621e324e67b776a2400191cb,126
walk_only,621e324e67b776a2400191cb,129
walk_only,621e324e67b776a2400191cb,143
walk_only,621e324e67b776a2400191cb,148
walk_only,621e324e67b776a2400191cb,153
walk_only,621e324e67b776a2400191cb,167
walk_only,621e324e67b776a2400191cb,4
walk_only,621e324e67b776a2400191cb,10
walk_only,621e324e67b776a2400191cb,27
walk_only,621e324e67b776a2400191cb,32
walk_only,621e324e67b776a2400191cb,34
walk_only,621e324e67b776a2400191cb,49
walk_only,621e324e67b776a2400191cb,55
walk_only,621e324e67b776a2400191cb,58
walk_only,621e324e67b776a2400191cb,0
walk_only,621e324e67b776a2400191cb,5
walk_only,621e324e67b776a2400191cb,9
walk_only,621e324e67b776a2400191cb,24
walk_only,621e324e67b776a2400191cb,28
walk_only,621e324e67b776a2400191cb,34
walk_only,621e324e67b776a2400191cb,47
walk_only,621e324e67b776a2400191cb,52
walk_only,621e324e67b776a2400191cb,71
walk_only,621e324e67b776a2400191cb,4
walk_only,621e324e67b776a2400191cb,8
walk_only,621e324e67b776a2400191cb,22
walk_only,621e324e67b776a2400191cb,1
walk_only,621e324e67b776a2400191cb,6
walk_only,621e324e67b776a2400191cb,29
walk_only,621e324e67b776a2400191cb,32
walk_only,621e324e67b776a2400191cb,47
walk_only,621e324e67b776a2400191cb,52
walk_only,621e324e67b776a2400191cb,57
walk_only,621e324e67b776a2400191cb,68
walk_only,621e324e67b776a2400191cb,76
walk_only,621e324e67b776a2400191cb,92
walk_only,621e324e67b776a2400191cb,5
walk_only,621e324e67b776a2400191cb,9
walk_only,621e324e67b776a2400191cb,24
walk_only,621e324e67b776a2400191cb,29
walk_only,621e324e67b776a2400191cb,35
walk_only,621e324e67b776a2400191cb,47
walk_only,621e324e67b776a2400191cb,57
walk_only,621e324e67b776a2400191cb,71
walk_only,621e324e67b776a2400191cb,3
walk_only,621e324e67b776a2400191cb,8
walk_only,621e324e67b776a2400191cb,11
walk_only,621e324e67b776a2400191cb,56
walk_only,621e324e67b776a2400191cb,72
walk_only,621e324e67b776a2400191cb,83
walk_only,621e324e67b776a2400191cb,97
walk_only,621e324e67b776a2400191cb,105
walk_only,621e324e67b776a2400191cb,119
walk_only,621e324e67b776a2400191cb,129
walk_only,621e324e67b776a2400191cb,0
walk_only,621e324e67b776a2400191cb,8
walk_only,621e324e67b776a2400191cb,27
walk_only,621e324e67b776a2400191cb,33
walk_only,621e324e67b776a2400191cb,49
walk_only,621e324e67b776a2400191cb,55
walk_only,621e324e67b776a2400191cb,58
walk_only,621e326767b776a24012e179,4
walk_only,621e326767b776a24012e179,2
walk_only,621e326767b776a24012e179,5
walk_only,621e326767b776a24012e179,4
walk_only,621e326767b776a24012e179,7
walk_only,621e326767b776a24012e179,0
walk_only,621e326767b776a24012e179,7
walk_only,621e326767b776a24012e179,3
walk_only,621e326767b776a24012e179,0
walk_only,621e326767b776a24012e179,3
walk_only,621e326767b776a24012e179,4
walk_only,621e326767b776a24012e179,4
walk_only,621e326767b776a24012e179,0
walk_only,621e326767b776a24012e179,0
walk_only,621e326767b776a24012e179,7
walk_only,621e326767b776a24012e179,0
walk_only,621e326767b776a24012e179,3
walk_only,621e326767b776a24012e179,1
walk_only,621e326767b776a24012e179,3
walk_only,621e326767b776a24012e179,3
walk_only,621e326767b776a24012e179,6
walk_only,621e326767b776a24012e179,3
walk_only,621e326767b776a24012e179,4
walk_only,621e326767b776a24012e179,4
walk_only,621e326767b776a24012e179,8
walk_only,621e326767b776a24012e179,3
walk_only,621e326767b776a24012e179,10
walk_only,621e326767b776a24012e179,6
walk_only,621e326767b776a24012e179,0
walk_only,621e326767b776a24012e179,0
walk_only,621e326767b776a24012e179,0
walk_only,621e326767b776a24012e179,0
walk_only,621e326767b776a24012e179,3
walk_only,621e326767b776a24012e179,8
walk_only,621e326767b776a24012e179,3
walk_only,621e326767b776a24012e179,0
walk_only,621e326767b776a24012e179,5
walk_only,621e326767b776a24012e179,2
walk_only,621e326767b776a24012e179,5
walk_only,621e326767b776a24012e179,0
walk_only,621e326767b776a24012e179,0
walk_only,621e326767b776a24012e179,3
walk_only,621e326767b776a24012e179,1
walk_only,621e326767b776a24012e179,4
walk_only,621e326767b776a24012e179,9
walk_only,621e326767b776a24012e179,1
walk_only,621e326767b776a24012e179,0
walk_only,621e326767b776a24012e179,3
walk_only,621e326767b776a24012e179,9
walk_only,621e326767b776a24012e179,3
walk_only,621e326767b776a24012e179,2
walk_only,621e326767b776a24012e179,7
walk_only,621e326767b776a24012e179,3
walk_only,621e326767b776a24012e179,1
walk_only,621e326767b776a24012e179,1
walk_only,621e326767b776a24012e179,5
walk_only,621e326767b776a24012e179,0
walk_only,621e326767b776a24012e179,7
walk_only,621e326767b776a24012e179,11
walk_only,621e326767b776a24012e179,2
walk_only,621e326767b776a24012e179,4
walk_only,621e326767b776a24012e179,2
walk_only,621e326767b776a24012e179,2
walk_only,621e326767b776a24012e179,3
walk_only,621e326767b776a24012e179,1
walk_only,621e326767b776a24012e179,4
walk_only,621e326767b776a24012e179,0
walk_only,621e326767b776a24012e179,6
walk_only,621e326767b776a24012e179,4
walk_only,621e326767b776a24012e179,3
walk_only,621e326767b776a24012e179,8
walk_only,621e326767b776a24012e179,4
walk_only,621e326767b776a24012e179,2
walk_only,621e326767b776a24012e179,7
walk_only,621e326767b776a24012e179,6
walk_only,621e326767b776a24012e179,0
walk_only,621e326767b776a24012e179,1
walk_only,621e326767b776a24012e179,7
walk_only,621e326767b776a24012e179,2
walk_only,621e326767b776a24012e179,3
walk_only,621e326767b776a24012e179,10
walk_only,621e326767b776a24012e179,3
walk_only,621e326767b776a24012e179,10
walk_only,621e326767b776a24012e179,2
walk_only,621e326767b776a24012e179,4
walk_only,621e326767b776a24012e179,9
walk_only,621e326767b776a24012e179,1
walk_only,621e326767b776a24012e179,5
walk_only,621e326767b776a24012e179,8
walk_only,621e326767b776a24012e179,3
walk_only,621e326767b776a24012e179,3
walk_only,621e326767b776a24012e179,11
walk_only,621e328667b776a240281372,41
walk_only,621e328667b776a240281372,44
walk_only,621e328667b776a240281372,49
walk_only,621e328667b776a240281372,66
walk_only,621e328667b776a240281372,71
walk_only,621e328667b776a240281372,87
walk_only,621e328667b776a240281372,93
walk_only,621e328667b776a240281372,115
walk_only,621e328667b776a240281372,121
walk_only,621e328667b776a240281372,329
walk_only,621e328667b776a240281372,335
walk_only,621e328667b776a240281372,351
walk_only,621e329067b776a2402ffad2,2
walk_only,621e329067b776a2402ffad2,5
walk_only,621e329067b776a2402ffad2,1
walk_only,621e329067b776a2402ffad2,0
walk_only,621e329067b776a2402ffad2,2
walk_only,621e329067b776a2402ffad2,4
walk_only,621e329067b776a2402ffad2,2
walk_only,621e329067b776a2402ffad2,18
walk_only,621e329067b776a2402ffad2,23
walk_only,621e329067b776a2402ffad2,1
walk_only,621e329067b776a2402ffad2,16
walk_only,621e329067b776a2402ffad2,23
walk_only,621e329067b776a2402ffad2,25
walk_only,621e329067b776a2402ffad2,42
walk_only,621e329067b776a2402ffad2,50
walk_only,621e329067b776a2402ffad2,1
walk_only,621e329067b776a2402ffad2,7
walk_only,621e329067b776a2402ffad2,1
walk_only,621e329067b776a2402ffad2,6
walk_only,621e329067b776a2402ffad2,2
walk_only,621e329067b776a2402ffad2,18
walk_only,621e329067b776a2402ffad2,21
walk_only,621e329067b776a2402ffad2,26
walk_only,621e329067b776a2402ffad2,1
walk_only,621e329067b776a2402ffad2,5
walk_only,621e329067b776a2402ffad2,4
walk_only,621e329067b776a2402ffad2,18
walk_only,621e329067b776a2402ffad2,24
walk_only,621e329067b776a2402ffad2,28
walk_only,621e329067b776a2402ffad2,45
walk_only,621e329067b776a2402ffad2,50
walk_only,621e329067b776a2402ffad2,53
walk_only,621e329067b776a2402ffad2,69
walk_only,621e329067b776a2402ffad2,74
walk_only,621e329067b776a2402ffad2,79
walk_only,621e329067b776a2402ffad2,2
walk_only,621e329067b776a2402ffad2,3
walk_only,621e329067b776a2402ffad2,7
walk_only,621e329067b776a2402ffad2,3
walk_only,621e329067b776a2402ffad2,7
walk_only,621e329067b776a2402ffad2,3
walk_only,621e329067b776a2402ffad2,0
walk_only,621e329067b776a2402ffad2,6
walk_only,621e329067b776a2402ffad2,3
walk_only,621e329067b776a2402ffad2,17
walk_only,621e329067b776a2402ffad2,0
walk_only,621e329067b776a2402ffad2,5
walk_only,621e329067b776a2402ffad2,25
walk_only,621e329067b776a2402ffad2,28
walk_only,621e329067b776a2402ffad2,47
walk_only,621e329067b776a2402ffad2,1
walk_only,621e329067b776a2402ffad2,5
walk_only,621e329067b776a2402ffad2,2
walk_only,621e329067b776a2402ffad2,0
walk_only,621e329067b776a2402ffad2,5
walk_only,621e329067b776a2402ffad2,4
walk_only,621e329067b776a2402ffad2,0
walk_only,621e329067b776a2402ffad2,0
walk_only,621e329067b776a2402ffad2,5
walk_only,621e329067b776a2402ffad2,19
walk_only,621e329067b776a2402ffad2,28
walk_only,621e329067b776a2402ffad2,43
walk_only,621e329067b776a2402ffad2,51
walk_only,621e329067b776a2402ffad2,53
walk_only,621e329067b776a2402ffad2,68
walk_only,621e329067b776a2402ffad2,89
walk_only,621e329067b776a2402ffad2,1
walk_only,621e329067b776a2402ffad2,5
walk_only,621e329067b776a2402ffad2,1
walk_only,621e329067b776a2402ffad2,0
walk_only,621e329067b776a2402ffad2,3
walk_only,621e329067b776a2402ffad2,0
walk_only,621e329067b776a2402ffad2,0
walk_only,621e329067b776a2402ffad2,3
walk_only,621e329067b776a2402ffad2,0
walk_only,621e329067b776a2402ffad2,6
walk_only,621e329067b776a2402ffad2,14
walk_only,621e329067b776a2402ffad2,20
walk_only,621e329067b776a2402ffad2,26
walk_only,621e329067b776a2402ffad2,42
walk_only,621e329067b776a2402ffad2,47
walk_only,621e329067b776a2402ffad2,50
walk_only,621e329067b776a2402ffad2,64
walk_only,621e329067b776a2402ffad2,70
walk_only,621e329067b776a2402ffad2,75
walk_only,621e329067b776a2402ffad2,1
walk_only,621e329067b776a2402ffad2,12
walk_only,621e329067b776a2402ffad2,2
walk_only,621e329067b776a2402ffad2,0
walk_only,621e329067b776a2402ffad2,17
walk_only,621e329067b776a2402ffad2,25
walk_only,621e329067b776a2402ffad2,27
walk_only,621e329067b776a2402ffad2,1
walk_only,621e329067b776a2402ffad2,0
walk_only,621e329067b776a2402ffad2,2
walk_only,621e329067b776a2402ffad2,2
walk_only,621e329067b776a2402ffad2,8
walk_only,621e329067b776a2402ffad2,3
walk_only,621e329067b776a2402ffad2,10
walk_only,621e329067b776a2402ffad2,24
walk_only,621e329067b776a2402ffad2,31
walk_only,621e329067b776a2402ffad2,34
walk_only,621e329067b776a2402ffad2,0
walk_only,621e329067b776a2402ffad2,0
walk_only,621e329067b776a2402ffad2,5
walk_only,621e329067b776a2402ffad2,2
walk_only,621e329067b776a2402ffad2,16
walk_only,621e329067b776a2402ffad2,4
walk_only,621e329067b776a2402ffad2,3
walk_only,621e329067b776a2402ffad2,17
walk_only,621e329067b776a2402ffad2,19
walk_only,621e329067b776a2402ffad2,24
walk_only,621e329067b776a2402ffad2,27
walk_only,621e329067b776a2402ffad2,44
walk_only,621e329067b776a2402ffad2,49
walk_only,621e329067b776a2402ffad2,53
walk_only,621e329067b776a2402ffad2,71
walk_only,621e329067b776a2402ffad2,73
walk_only,621e329067b776a2402ffad2,79
walk_only,621e329067b776a2402ffad2,90
walk_only,621e329067b776a2402ffad2,94
walk_only,621e329067b776a2402ffad2,99
walk_only,621e329067b776a2402ffad2,113
walk_only,621e329067b776a2402ffad2,17
walk_only,621e329067b776a2402ffad2,24
walk_only,621e329067b776a2402ffad2,4
walk_only,621e329067b776a2402ffad2,5
walk_only,621e329067b776a2402ffad2,3
walk_only,621e329067b776a2402ffad2,17
walk_only,621e329067b776a2402ffad2,4
walk_only,621e329067b776a2402ffad2,9
walk_only,621e329067b776a2402ffad2,1
walk_only,621e329067b776a2402ffad2,23
walk_only,621e329067b776a2402ffad2,30
walk_only,621e329067b776a2402ffad2,33
walk_only,621e329067b776a2402ffad2,2
walk_only,621e329067b776a2402ffad2,0
walk_only,621e329067b776a2402ffad2,0
walk_only,621e329067b776a2402ffad2,0
walk_only,621e329067b776a2402ffad2,6
walk_only,621e329067b776a2402ffad2,19
walk_only,621e329067b776a2402ffad2,27
walk_only,621e329067b776a2402ffad2,29
walk_only,621e329067b776a2402ffad2,53
walk_only,621e329067b776a2402ffad2,69
walk_only,621e329067b776a2402ffad2,72
walk_only,621e329067b776a2402ffad2,77
walk_only,621e329067b776a2402ffad2,93
walk_only,621e329067b776a2402ffad2,100
walk_only,621e329067b776a2402ffad2,102
walk_only,621e329067b776a2402ffad2,118
walk_only,621e329067b776a2402ffad2,123
walk_only,621e32af67b776a24045b4cf,3
walk_only,621e32af67b776a24045b4cf,17
walk_only,621e32af67b776a24045b4cf,22
walk_only,621e32af67b776a24045b4cf,27
walk_only,621e32af67b776a24045b4cf,11
walk_only,621e32af67b776a24045b4cf,16
walk_only,621e32af67b776a24045b4cf,21
walk_only,621e32af67b776a24045b4cf,35
walk_only,621e32af67b776a24045b4cf,40
walk_only,621e32af67b776a24045b4cf,45
walk_only,621e32af67b776a24045b4cf,2
walk_only,621e32af67b776a24045b4cf,7
walk_only,621e32af67b776a24045b4cf,2
walk_only,621e32af67b776a24045b4cf,18
walk_only,621e32af67b776a24045b4cf,0
walk_only,621e32af67b776a24045b4cf,3
walk_only,621e32af67b776a24045b4cf,17
walk_only,621e32af67b776a24045b4cf,24
walk_only,621e32af67b776a24045b4cf,27
walk_only,621e32af67b776a24045b4cf,2
walk_only,621e32af67b776a24045b4cf,7
walk_only,621e32af67b776a24045b4cf,3
walk_only,621e32af67b776a24045b4cf,17
walk_only,621e32af67b776a24045b4cf,22
walk_only,621e32af67b776a24045b4cf,27
walk_only,621e32af67b776a24045b4cf,41
walk_only,621e32af67b776a24045b4cf,46
walk_only,621e32af67b776a24045b4cf,1
walk_only,621e32af67b776a24045b4cf,15
walk_only,621e32af67b776a24045b4cf,23
walk_only,621e32af67b776a24045b4cf,25
walk_only,621e32af67b776a24045b4cf,39
walk_only,621e32af67b776a24045b4cf,44
walk_only,621e32af67b776a24045b4cf,2
walk_only,621e32af67b776a24045b4cf,1
walk_only,621e32af67b776a24045b4cf,0
walk_only,621e32af67b776a24045b4cf,3
walk_only,621e32af67b776a24045b4cf,20
walk_only,621e32af67b776a24045b4cf,24
walk_only,621e32af67b776a24045b4cf,27
walk_only,621e32af67b776a24045b4cf,2
walk_only,621e32af67b776a24045b4cf,7
walk_only,621e32af67b776a24045b4cf,3
walk_only,621e32af67b776a24045b4cf,17
walk_only,621e32af67b776a24045b4cf,22
walk_only,621e32af67b776a24045b4cf,27
walk_only,621e32af67b776a24045b4cf,41
walk_only,621e32af67b776a24045b4cf,46
walk_only,621e32af67b776a24045b4cf,1
walk_only,621e32af67b776a24045b4cf,15
walk_only,621e32af67b776a24045b4cf,22
walk_only,621e32af67b776a24045b4cf,25
walk_only,621e32af67b776a24045b4cf,41
walk_only,621e32af67b776a24045b4cf,44
walk_only,621e32af67b776a24045b4cf,0
walk_only,621e32af67b776a24045b4cf,14
walk_only,621e32af67b776a24045b4cf,21
walk_only,621e32af67b776a24045b4cf,24
walk_only,621e32af67b776a24045b4cf,4
walk_only,621e32af67b776a24045b4cf,10
walk_only,621e32af67b776a24045b4cf,14
walk_only,621e32af67b776a24045b4cf,2
walk_only,621e32af67b776a24045b4cf,3
walk_only,621e32af67b776a24045b4cf,17
walk_only,621e32af67b776a24045b4cf,23
walk_only,621e32af67b776a24045b4cf,27
walk_only,621e32af67b776a24045b4cf,42
walk_only,621e32af67b776a24045b4cf,46
walk_only,621e32af67b776a24045b4cf,2
walk_only,621e32af67b776a24045b4cf,16
walk_only,621e32af67b776a24045b4cf,21
walk_only,621e32af67b776a24045b4cf,3
walk_only,621e32af67b776a24045b4cf,2
walk_only,621e32af67b776a24045b4cf,7
walk_only,621e32af67b776a24045b4cf,4
walk_only,621e32af67b776a24045b4cf,19
walk_only,621e32af67b776a24045b4cf,25
walk_only,621e32af67b776a24045b4cf,29
walk_only,621e32af67b776a24045b4cf,0
walk_only,621e32af67b776a24045b4cf,5
walk_only,621e32af67b776a24045b4cf,7
walk_only,621e32af67b776a24045b4cf,22
walk_only,621e32af67b776a24045b4cf,4
walk_only,621e32af67b776a24045b4cf,20
walk_only,621e32af67b776a24045b4cf,24
walk_only,621e32af67b776a24045b4cf,29
walk_only,621e32af67b776a24045b4cf,43
walk_only,621e32af67b776a24045b4cf,49
walk_only,621e32af67b776a24045b4cf,53
walk_only,621e32af67b776a24045b4cf,67
walk_only,621e32af67b776a24045b4cf,72
walk_only,621e32af67b776a24045b4cf,2
walk_only,621e32af67b776a24045b4cf,3
walk_only,621e32af67b776a24045b4cf,7
walk_only,621e32af67b776a24045b4cf,4
walk_only,621e32af67b776a24045b4cf,3
walk_only,621e32af67b776a24045b4cf,6
walk_only,621e32af67b776a24045b4cf,9
walk_only,621e32af67b776a24045b4cf,24
walk_only,621e32af67b776a24045b4cf,30
walk_only,621e32af67b776a24045b4cf,35
walk_only,621e32af67b776a24045b4cf,2
walk_only,621e32af67b776a24045b4cf,7
walk_only,621e32af67b776a24045b4cf,3
walk_only,621e32af67b776a24045b4cf,3
walk_only,621e32af67b776a24045b4cf,7
walk_only,621e32af67b776a24045b4cf,12
walk_only,621e32af67b776a24045b4cf,26
walk_only,621e32af67b776a24045b4cf,31
walk_only,621e32af67b776a24045b4cf,36
walk_only,621e32af67b776a24045b4cf,50
walk_only,621e32af67b776a24045b4cf,3
walk_only,621e32af67b776a24045b4cf,2
walk_only,621e32af67b776a24045b4cf,0
walk_only,621e32af67b776a24045b4cf,2
walk_only,621e32af67b776a24045b4cf,10
walk_only,621e32af67b776a24045b4cf,17
walk_only,621e32af67b776a24045b4cf,20
walk_only,621e32af67b776a24045b4cf,34
walk_only,621e32af67b776a24045b4cf,41
walk_only,621e32af67b776a24045b4cf,43
walk_only,621e32af67b776a24045b4cf,4
walk_only,621e32af67b776a24045b4cf,8
walk_only,621e32af67b776a24045b4cf,1
walk_only,621e32af67b776a24045b4cf,16
walk_only,621e32af67b776a24045b4cf,22
walk_only,621e32af67b776a24045b4cf,37
walk_only,621e32af67b776a24045b4cf,41
walk_only,621e32af67b776a24045b4cf,1
walk_only,621e32af67b776a24045b4cf,5
walk_only,621e32af67b776a24045b4cf,10
walk_only,621e32af67b776a24045b4cf,27
walk_only,621e32af67b776a24045b4cf,34
walk_only,621e32af67b776a24045b4cf,50
walk_only,621e32af67b776a24045b4cf,7
walk_only,621e32af67b776a24045b4cf,24
walk_only,621e32af67b776a24045b4cf,1
walk_only,621e32af67b776a24045b4cf,5
walk_only,621e32af67b776a24045b4cf,17
walk_only,621e32af67b776a24045b4cf,23
walk_only,621e32af67b776a24045b4cf,30
walk_only,621e32af67b776a24045b4cf,41
walk_only,621e32af67b776a24045b4cf,46
walk_only,621e32af67b776a24045b4cf,1
walk_only,621e32af67b776a24045b4cf,19
walk_only,621e32af67b776a24045b4cf,24
walk_only,621e32af67b776a24045b4cf,2
walk_only,621e32af67b776a24045b4cf,1
walk_only,621e32af67b776a24045b4cf,4
walk_only,621e32af67b776a24045b4cf,17
walk_only,621e32af67b776a24045b4cf,22
walk_only,621e32af67b776a24045b4cf,28
walk_only,621e32af67b776a24045b4cf,1
walk_only,621e32af67b776a24045b4cf,22
walk_only,621e32af67b776a24045b4cf,26
walk_only,621e32af67b776a24045b4cf,43
walk_only,621e32af67b776a24045b4cf,2
walk_only,621e32af67b776a24045b4cf,3
walk_only,621e32af67b776a24045b4cf,17
walk_only,621e32af67b776a24045b4cf,2
walk_only,621e32af67b776a24045b4cf,9
walk_only,621e32af67b776a24045b4cf,23
walk_only,621e32af67b776a24045b4cf,28
walk_only,621e32af67b776a24045b4cf,32
walk_only,621e32af67b776a24045b4cf,2
walk_only,621e32af67b776a24045b4cf,0
walk_only,621e32af67b776a24045b4cf,17
walk_only,621e32af67b776a24045b4cf,23
walk_only,621e32af67b776a24045b4cf,27
walk_only,621e32af67b776a24045b4cf,41
walk_only,621e32af67b776a24045b4cf,47
walk_only,621e32af67b776a24045b4cf,50
walk_only,621e32af67b776a24045b4cf,2
walk_only,621e32d067b776a2405b7d54,142
walk_only,621e32d067b776a2405b7d54,147
walk_only,621e32d067b776a2405b7d54,161
walk_only,621e32d067b776a2405b7d54,166
walk_only,621e32d067b776a2405b7d54,171
walk_only,621e32d067b776a2405b7d54,185
walk_only,621e32d067b776a2405b7d54,192
walk_only,621e32d067b776a2405b7d54,197
walk_only,621e32d067b776a2405b7d54,210
walk_only,621e32d067b776a2405b7d54,214
walk_only,621e32d067b776a2405b7d54,221
walk_only,621e32d067b776a2405b7d54,234
walk_only,621e32d067b776a2405b7d54,242
walk_only,621e32d067b776a2405b7d54,244
walk_only,621e32d067b776a2405b7d54,259
walk_only,621e32d067b776a2405b7d54,268
walk_only,621e32d067b776a2405b7d54,284
walk_only,621e32d067b776a2405b7d54,290
walk_only,621e32d067b776a2405b7d54,293
walk_only,621e32d067b776a2405b7d54,305
walk_only,621e32d067b776a2405b7d54,310
walk_only,621e32d067b776a2405b7d54,316
walk_only,621e32d067b776a2405b7d54,329
walk_only,621e32d067b776a2405b7d54,336
walk_only,621e32d067b776a2405b7d54,341
walk_only,621e32d067b776a2405b7d54,353
walk_only,621e32d067b776a2405b7d54,360
walk_only,621e32d067b776a2405b7d54,363
walk_only,621e32d067b776a2405b7d54,378
walk_only,621e32d067b776a2405b7d54,382
walk_only,621e32d067b776a2405b7d54,389
walk_only,621e32d067b776a2405b7d54,403
walk_only,621e32d067b776a2405b7d54,408
walk_only,621e32d067b776a2405b7d54,427
walk_only,621e32d067b776a2405b7d54,433
walk_only,621e32d067b776a2405b7d54,455
walk_only,621e32d067b776a2405b7d54,458
walk_only,621e32d067b776a2405b7d54,460
walk_only,621e32d067b776a2405b7d54,474
walk_only,621e32d067b776a2405b7d54,482
walk_only,621e32d067b776a2405b7d54,497
walk_only,621e32d067b776a2405b7d54,503
walk_only,621e32d067b776a2405b7d54,507
walk_only,621e32d067b776a2405b7d54,523
walk_only,621e32d067b776a2405b7d54,528
walk_only,621e32d067b776a2405b7d54,531
walk_only,621e32d067b776a2405b7d54,545
walk_only,621e32d067b776a2405b7d54,551
walk_only,621e32d067b776a2405b7d54,557
walk_only,621e32d067b776a2405b7d54,570
walk_only,621e32d067b776a2405b7d54,576
walk_only,621e32d067b776a2405b7d54,579
walk_only,621e32d067b776a2405b7d54,596
walk_only,621e32d067b776a2405b7d54,601
walk_only,621e32d067b776a2405b7d54,620
walk_only,621e32d067b776a2405b7d54,629
walk_only,621e32d067b776a2405b7d54,641
walk_only,621e32d067b776a2405b7d54,647
walk_only,621e32d067b776a2405b7d54,653
walk_only,621e32d067b776a2405b7d54,667
walk_only,621e32d067b776a2405b7d54,675
walk_only,621e32d067b776a2405b7d54,690
walk_only,621e32d067b776a2405b7d54,696
walk_only,621e32d067b776a2405b7d54,716
walk_only,621e32d067b776a2405b7d54,2
walk_only,621e32d067b776a2405b7d54,6
walk_only,621e32d067b776a2405b7d54,20
walk_only,621e32d067b776a2405b7d54,27
walk_only,621e32d067b776a2405b7d54,30
walk_only,621e32d067b776a2405b7d54,46
walk_only,621e32d067b776a2405b7d54,52
walk_only,621e32d067b776a2405b7d54,70
walk_only,621e32d067b776a2405b7d54,3
walk_only,621e32d067b776a2405b7d54,15
walk_only,621e32d067b776a2405b7d54,20
walk_only,621e32d067b776a2405b7d54,27
walk_only,621e32d067b776a2405b7d54,39
walk_only,621e32d067b776a2405b7d54,46
walk_only,621e32d067b776a2405b7d54,51
walk_only,621e32d067b776a2405b7d54,64
walk_only,621e32d067b776a2405b7d54,73
walk_only,621e32d067b776a2405b7d54,89
walk_only,621e32d067b776a2405b7d54,92
walk_only,621e32d067b776a2405b7d54,98
walk_only,621e32d067b776a2405b7d54,111
walk_only,621e32d067b776a2405b7d54,123
walk_only,621e32d067b776a2405b7d54,137
walk_only,621e32d067b776a2405b7d54,149
walk_only,621e32d067b776a2405b7d54,161
walk_only,621e32d067b776a2405b7d54,167
walk_only,621e32d067b776a2405b7d54,172
walk_only,621e32d067b776a2405b7d54,184
walk_only,621e32d067b776a2405b7d54,1
walk_only,621e32d067b776a2405b7d54,5
walk_only,621e32d067b776a2405b7d54,20
walk_only,621e32d067b776a2405b7d54,24
walk_only,621e32d067b776a2405b7d54,29
walk_only,621e32d067b776a2405b7d54,45
walk_only,621e32d067b776a2405b7d54,49
walk_only,621e32d067b776a2405b7d54,54
walk_only,621e32d067b776a2405b7d54,76
walk_only,621e32d067b776a2405b7d54,92
walk_only,621e32d067b776a2405b7d54,101
walk_only,621e32d067b776a2405b7d54,119
walk_only,621e32d067b776a2405b7d54,123
walk_only,621e32d067b776a2405b7d54,127
walk_only,621e32d067b776a2405b7d54,141
walk_only,621e32d067b776a2405b7d54,150
walk_only,621e32d067b776a2405b7d54,164
walk_only,621e32d067b776a2405b7d54,168
walk_only,621e32d067b776a2405b7d54,173
walk_only,621e32d067b776a2405b7d54,191
walk_only,621e32d067b776a2405b7d54,197
walk_only,621e32d067b776a2405b7d54,212
walk_only,621e32d067b776a2405b7d54,248
walk_only,621e32d067b776a2405b7d54,265
walk_only,621e32d067b776a2405b7d54,371
walk_only,621e32d067b776a2405b7d54,577
walk_only,621e32d967b776a240627414,1
walk_only,621e32d967b776a240627414,19
walk_only,621e32d967b776a240627414,26
walk_only,621e32d967b776a240627414,41
walk_only,621e32d967b776a240627414,49
walk_only,621e32d967b776a240627414,52
walk_only,621e32d967b776a240627414,65
walk_only,621e32d967b776a240627414,2
walk_only,621e32d967b776a240627414,3
walk_only,621e32d967b776a240627414,3
walk_only,621e32d967b776a240627414,2
walk_only,621e32d967b776a240627414,2
walk_only,621e32d967b776a240627414,4
walk_only,621e32d967b776a240627414,1
walk_only,621e32d967b776a240627414,16
walk_only,621e32d967b776a240627414,19
walk_only,621e32d967b776a240627414,3
walk_only,621e32d967b776a240627414,8
walk_only,621e32d967b776a240627414,19
walk_only,621e32d967b776a240627414,1
walk_only,621e32d967b776a240627414,0
walk_only,621e32d967b776a240627414,15
walk_only,621e32d967b776a240627414,0
walk_only,621e32d967b776a240627414,3
walk_only,621e32d967b776a240627414,15
walk_only,621e32d967b776a240627414,20
walk_only,621e32d967b776a240627414,1
walk_only,621e32d967b776a240627414,17
walk_only,621e32d967b776a240627414,21
walk_only,621e32d967b776a240627414,28
walk_only,621e32d967b776a240627414,42
walk_only,621e32d967b776a240627414,45
walk_only,621e32d967b776a240627414,3
walk_only,621e32d967b776a240627414,1
walk_only,621e32d967b776a240627414,1
walk_only,621e32d967b776a240627414,2
walk_only,621e32d967b776a240627414,7
walk_only,621e32d967b776a240627414,9
walk_only,621e32d967b776a240627414,0
walk_only,621e32d967b776a240627414,18
walk_only,621e32d967b776a240627414,5
walk_only,621e32d967b776a240627414,4
walk_only,621e32d967b776a240627414,0
walk_only,621e32d967b776a240627414,5
walk_only,621e32d967b776a240627414,1
walk_only,621e32d967b776a240627414,27
walk_only,621e32d967b776a240627414,32
walk_only,621e32d967b776a240627414,2
walk_only,621e32d967b776a240627414,3
walk_only,621e32d967b776a240627414,6
walk_only,621e32d967b776a240627414,15
walk_only,621e32d967b776a240627414,20
walk_only,621e32d967b776a240627414,16
walk_only,621e32d967b776a240627414,21
walk_only,621e32d967b776a240627414,27
walk_only,621e32d967b776a240627414,3
walk_only,621e32d967b776a240627414,0
walk_only,621e32d967b776a240627414,20
walk_only,621e32d967b776a240627414,24
walk_only,621e32d967b776a240627414,93
walk_only,621e32d967b776a240627414,117
walk_only,621e32d967b776a240627414,140
walk_only,621e32d967b776a240627414,143
walk_only,621e32d967b776a240627414,149
walk_only,621e32e667b776a2406d2f1c,49
walk_only,621e32e667b776a2406d2f1c,56
walk_only,621e32e667b776a2406d2f1c,104
walk_only,621e32e667b776a2406d2f1c,151
walk_only,621e32e667b776a2406d2f1c,192
walk_only,621e32e667b776a2406d2f1c,15
walk_only,621e32e667b776a2406d2f1c,1
walk_only,621e32e667b776a2406d2f1c,43
walk_only,621e32e667b776a2406d2f1c,1
walk_only,621e331067b776a24085dd3f,4
walk_only,621e331067b776a24085dd3f,7
walk_only,621e331067b776a24085dd3f,28
walk_only,621e331067b776a24085dd3f,32
walk_only,621e331067b776a24085dd3f,43
walk_only,621e331067b776a24085dd3f,48
walk_only,621e331067b776a24085dd3f,55
walk_only,621e331067b776a24085dd3f,67
walk_only,621e331067b776a24085dd3f,72
walk_only,621e331067b776a24085dd3f,79
walk_only,621e331067b776a24085dd3f,91
walk_only,621e331067b776a24085dd3f,97
walk_only,621e331067b776a24085dd3f,102
walk_only,621e331067b776a24085dd3f,115
walk_only,621e331067b776a24085dd3f,120
walk_only,621e331067b776a24085dd3f,128
walk_only,621e331067b776a24085dd3f,139
walk_only,621e331067b776a24085dd3f,144
walk_only,621e331067b776a24085dd3f,151
walk_only,621e331067b776a24085dd3f,166
walk_only,621e331067b776a24085dd3f,176
walk_only,621e331067b776a24085dd3f,189
walk_only,621e331067b776a24085dd3f,195
walk_only,621e331067b776a24085dd3f,199
walk_only,621e331067b776a24085dd3f,211
walk_only,621e331067b776a24085dd3f,216
walk_only,621e331067b776a24085dd3f,222
walk_only,621e331067b776a24085dd3f,235
walk_only,621e331067b776a24085dd3f,240
walk_only,621e331067b776a24085dd3f,245
walk_only,621e331067b776a24085dd3f,261
walk_only,621e331067b776a24085dd3f,266
walk_only,621e331067b776a24085dd3f,269
walk_only,621e331067b776a24085dd3f,283
walk_only,621e331067b776a24085dd3f,295
walk_only,621e331067b776a24085dd3f,307
walk_only,621e331067b776a24085dd3f,313
walk_only,621e331067b776a24085dd3f,319
walk_only,621e331067b776a24085dd3f,339
walk_only,621e331067b776a24085dd3f,343
walk_only,621e331067b776a24085dd3f,357
walk_only,621e331067b776a24085dd3f,380
walk_only,621e331067b776a24085dd3f,403
walk_only,621e331067b776a24085dd3f,413
walk_only,621e331067b776a24085dd3f,428
walk_only,621e331067b776a24085dd3f,432
walk_only,621e331067b776a24085dd3f,437
walk_only,621e331067b776a24085dd3f,452
walk_only,621e331067b776a24085dd3f,456
walk_only,621e331067b776a24085dd3f,463
walk_only,621e331067b776a24085dd3f,475
walk_only,621e331067b776a24085dd3f,480
walk_only,621e331067b776a24085dd3f,487
walk_only,621e331067b776a24085dd3f,511
walk_only,621e331067b776a24085dd3f,525
walk_only,621e331067b776a24085dd3f,532
walk_only,621e331067b776a24085dd3f,547
walk_only,621e331067b776a24085dd3f,554
walk_only,621e331067b776a24085dd3f,559
walk_only,621e331067b776a24085dd3f,571
walk_only,621e331067b776a24085dd3f,576
walk_only,621e331067b776a24085dd3f,581
walk_only,621e331067b776a24085dd3f,595
walk_only,621e331067b776a24085dd3f,602
walk_only,621e331067b776a24085dd3f,607
walk_only,621e331067b776a24085dd3f,620
walk_only,621e331067b776a24085dd3f,624
walk_only,621e331067b776a24085dd3f,629
walk_only,621e331067b776a24085dd3f,646
walk_only,621e331067b776a24085dd3f,648
walk_only,621e331067b776a24085dd3f,654
walk_only,621e331067b776a24085dd3f,670
walk_only,621e331067b776a24085dd3f,677
walk_only,621e331067b776a24085dd3f,679
walk_only,621e331067b776a24085dd3f,694
walk_only,621e331067b776a24085dd3f,700
walk_only,621e331067b776a24085dd3f,704
walk_only,621e331067b776a24085dd3f,715
walk_only,621e331067b776a24085dd3f,720
walk_only,621e331067b776a24085dd3f,729
walk_only,621e331067b776a24085dd3f,739
walk_only,621e331067b776a24085dd3f,744
walk_only,621e331067b776a24085dd3f,751
walk_only,621e331067b776a24085dd3f,763
walk_only,621e331067b776a24085dd3f,768
walk_only,621e331067b776a24085dd3f,775
walk_only,621e331067b776a24085dd3f,787
walk_only,621e331067b776a24085dd3f,792
walk_only,621e331067b776a24085dd3f,799
walk_only,621e331067b776a24085dd3f,811
walk_only,621e331067b776a24085dd3f,841
walk_only,621e331067b776a24085dd3f,844
walk_only,621e331067b776a24085dd3f,846
walk_only,621e331067b776a24085dd3f,862
walk_only,621e331067b776a24085dd3f,871
walk_only,621e331067b776a24085dd3f,885
walk_only,621e331067b776a24085dd3f,893
walk_only,621e331067b776a24085dd3f,909
walk_only,621e331067b776a24085dd3f,3
walk_only,621e331067b776a24085dd3f,7
walk_only,621e331067b776a24085dd3f,22
walk_only,621e331067b776a24085dd3f,6
walk_only,621e331067b776a24085dd3f,7
walk_only,621e331067b776a24085dd3f,23
walk_only,621e331067b776a24085dd3f,27
walk_only,621e331067b776a24085dd3f,32
walk_only,621e331067b776a24085dd3f,46
walk_only,621e331067b776a24085dd3f,2
walk_only,621e331067b776a24085dd3f,7
walk_only,621e331067b776a24085dd3f,22
walk_only,621e331067b776a24085dd3f,28
walk_only,621e331067b776a24085dd3f,32
walk_only,621e331067b776a24085dd3f,46
walk_only,621e331067b776a24085dd3f,53
walk_only,621e331067b776a24085dd3f,57
walk_only,621e331067b776a24085dd3f,68
walk_only,621e331067b776a24085dd3f,73
walk_only,621e331067b776a24085dd3f,92
walk_only,621e331067b776a24085dd3f,97
walk_only,621e331067b776a24085dd3f,103
walk_only,621e331067b776a24085dd3f,116
walk_only,621e331067b776a24085dd3f,140
walk_only,621e331067b776a24085dd3f,3
walk_only,621e331067b776a24085dd3f,5
walk_only,621e331067b776a24085dd3f,19
walk_only,621e331067b776a24085dd3f,24
walk_only,621e331067b776a24085dd3f,29
walk_only,621e331067b776a24085dd3f,52
walk_only,621e331067b776a24085dd3f,55
walk_only,621e331067b776a24085dd3f,69
walk_only,621e331067b776a24085dd3f,77
walk_only,621e331067b776a24085dd3f,79
walk_only,621e331067b776a24085dd3f,92
walk_only,621e331067b776a24085dd3f,96
walk_only,621e331067b776a24085dd3f,102
walk_only,621e331067b776a24085dd3f,115
walk_only,621e331067b776a24085dd3f,121
walk_only,621e331067b776a24085dd3f,127
walk_only,621e331067b776a24085dd3f,139
walk_only,621e331067b776a24085dd3f,144
walk_only,621e331067b776a24085dd3f,149
walk_only,621e331067b776a24085dd3f,164
walk_only,621e331067b776a24085dd3f,168
walk_only,621e331067b776a24085dd3f,173
walk_only,621e331067b776a24085dd3f,187
walk_only,621e331067b776a24085dd3f,199
walk_only,621e331067b776a24085dd3f,220
walk_only,621e331067b776a24085dd3f,223
walk_only,621e331067b776a24085dd3f,237
walk_only,621e331067b776a24085dd3f,244
walk_only,621e331067b776a24085dd3f,248
walk_only,621e331067b776a24085dd3f,259
walk_only,621e332267b776a24092a584,22
walk_only,621e332267b776a24092a584,26
walk_only,621e332267b776a24092a584,27
walk_only,621e332267b776a24092a584,51
walk_only,621e332267b776a24092a584,3
walk_only,621e332267b776a24092a584,23
walk_only,621e332267b776a24092a584,41
walk_only,621e332267b776a24092a584,70
walk_only,621e332267b776a24092a584,73
walk_only,621e332267b776a24092a584,77
walk_only,621e332267b776a24092a584,0
walk_only,621e332267b776a24092a584,6
walk_only,621e332267b776a24092a584,16
walk_only,621e332267b776a24092a584,1
walk_only,621e332267b776a24092a584,3
walk_only,621e332267b776a24092a584,0
walk_only,621e332267b776a24092a584,10
walk_only,621e332267b776a24092a584,1
walk_only,621e332267b776a24092a584,5
walk_only,621e332267b776a24092a584,30
walk_only,621e332267b776a24092a584,50
walk_only,621e332267b776a24092a584,67
walk_only,621e332267b776a24092a584,24
walk_only,621e332267b776a24092a584,21
walk_only,621e332267b776a24092a584,1
walk_only,621e332267b776a24092a584,7
walk_only,621e332267b776a24092a584,6
walk_only,621e332267b776a24092a584,2
walk_only,621e332267b776a24092a584,63
walk_only,621e333967b776a240a3cd06,158
walk_only,621e333967b776a240a3cd06,15
walk_only,621e333967b776a240a3cd06,24
walk_only,621e333967b776a240a3cd06,36
walk_only,621e333967b776a240a3cd06,43
walk_only,621e333967b776a240a3cd06,49
walk_only,621e333967b776a240a3cd06,181
walk_only,621e335a67b776a240bb12ff,17
walk_only,621e335a67b776a240bb12ff,23
walk_only,621e335a67b776a240bb12ff,27
walk_only,621e335a67b776a240bb12ff,44
walk_only,621e335a67b776a240bb12ff,49
walk_only,621e335a67b776a240bb12ff,0
walk_only,621e335a67b776a240bb12ff,5
walk_only,621e335a67b776a240bb12ff,10
walk_only,621e335a67b776a240bb12ff,24
walk_only,621e335a67b776a240bb12ff,29
walk_only,621e335a67b776a240bb12ff,34
walk_only,621e335a67b776a240bb12ff,48
walk_only,621e335a67b776a240bb12ff,53
walk_only,621e335a67b776a240bb12ff,58
walk_only,621e335a67b776a240bb12ff,72
walk_only,621e335a67b776a240bb12ff,77
walk_only,621e335a67b776a240bb12ff,83
walk_only,621e335a67b776a240bb12ff,1
walk_only,621e335a67b776a240bb12ff,7
walk_only,621e335a67b776a240bb12ff,11
walk_only,621e335a67b776a240bb12ff,27
walk_only,621e335a67b776a240bb12ff,31
walk_only,621e335a67b776a240bb12ff,35
walk_only,621e335a67b776a240bb12ff,47
walk_only,621e335a67b776a240bb12ff,52
walk_only,621e335a67b776a240bb12ff,58
walk_only,621e335a67b776a240bb12ff,71
walk_only,621e335a67b776a240bb12ff,76
walk_only,621e335a67b776a240bb12ff,82
walk_only,621e335a67b776a240bb12ff,95
walk_only,621e335a67b776a240bb12ff,100
walk_only,621e335a67b776a240bb12ff,106
walk_only,621e335a67b776a240bb12ff,119
walk_only,621e335a67b776a240bb12ff,124
walk_only,621e335a67b776a240bb12ff,131
walk_only,621e335a67b776a240bb12ff,144
walk_only,621e335a67b776a240bb12ff,148
walk_only,621e335a67b776a240bb12ff,153
walk_only,621e335a67b776a240bb12ff,170
walk_only,621e335a67b776a240bb12ff,1
walk_only,621e335a67b776a240bb12ff,4
walk_only,621e335a67b776a240bb12ff,18
walk_only,621e335a67b776a240bb12ff,24
walk_only,621e335a67b776a240bb12ff,43
walk_only,621e335a67b776a240bb12ff,45
walk_only,621e335a67b776a240bb12ff,52
walk_only,621e335a67b776a240bb12ff,64
walk_only,621e335a67b776a240bb12ff,70
walk_only,621e335a67b776a240bb12ff,76
walk_only,621e335a67b776a240bb12ff,88
walk_only,621e335a67b776a240bb12ff,93
walk_only,621e335a67b776a240bb12ff,99
walk_only,621e335a67b776a240bb12ff,112
walk_only,621e335a67b776a240bb12ff,124
walk_only,621e335a67b776a240bb12ff,138
walk_only,621e335a67b776a240bb12ff,141
walk_only,621e335a67b776a240bb12ff,148
walk_only,621e335a67b776a240bb12ff,8
walk_only,621e335a67b776a240bb12ff,12
walk_only,621e335a67b776a240bb12ff,25
walk_only,621e335a67b776a240bb12ff,31
walk_only,621e335a67b776a240bb12ff,34
walk_only,621e335a67b776a240bb12ff,48
walk_only,621e335a67b776a240bb12ff,54
walk_only,621e335a67b776a240bb12ff,71
walk_only,621e335a67b776a240bb12ff,76
walk_only,621e335a67b776a240bb12ff,82
walk_only,621e335a67b776a240bb12ff,95
walk_only,621e335a67b776a240bb12ff,100
walk_only,621e335a67b776a240bb12ff,106
walk_only,621e335a67b776a240bb12ff,119
walk_only,621e335a67b776a240bb12ff,125
walk_only,621e335a67b776a240bb12ff,130
walk_only,621e335a67b776a240bb12ff,145
walk_only,621e335a67b776a240bb12ff,148
walk_only,621e335a67b776a240bb12ff,154
walk_only,621e335a67b776a240bb12ff,0
walk_only,621e335a67b776a240bb12ff,5
walk_only,621e335a67b776a240bb12ff,8
walk_only,621e335a67b776a240bb12ff,27
walk_only,621e335a67b776a240bb12ff,29
walk_only,621e335a67b776a240bb12ff,33
walk_only,621e335a67b776a240bb12ff,45
walk_only,621e335a67b776a240bb12ff,50
walk_only,621e335a67b776a240bb12ff,55
walk_only,621e335a67b776a240bb12ff,69
walk_only,621e335a67b776a240bb12ff,74
walk_only,621e335a67b776a240bb12ff,80
walk_only,621e335a67b776a240bb12ff,95
walk_only,621e335a67b776a240bb12ff,98
walk_only,621e335a67b776a240bb12ff,103
walk_only,621e335a67b776a240bb12ff,120
walk_only,621e335a67b776a240bb12ff,122
walk_only,621e335a67b776a240bb12ff,1
walk_only,621e335a67b776a240bb12ff,7
walk_only,621e335a67b776a240bb12ff,12
walk_only,621e335a67b776a240bb12ff,31
walk_only,621e335a67b776a240bb12ff,35
walk_only,621e335a67b776a240bb12ff,47
walk_only,621e335a67b776a240bb12ff,52
walk_only,621e335a67b776a240bb12ff,58
walk_only,621e335a67b776a240bb12ff,71
walk_only,621e335a67b776a240bb12ff,76
walk_only,621e335a67b776a240bb12ff,81
walk_only,621e335a67b776a240bb12ff,95
walk_only,621e335a67b776a240bb12ff,1
walk_only,621e335a67b776a240bb12ff,6
walk_only,621e335a67b776a240bb12ff,20
walk_only,621e335a67b776a240bb12ff,25
walk_only,621e335a67b776a240bb12ff,44
walk_only,621e335a67b776a240bb12ff,50
walk_only,621e335a67b776a240bb12ff,57
walk_only,621e335a67b776a240bb12ff,8
walk_only,621e335a67b776a240bb12ff,13
walk_only,621e335a67b776a240bb12ff,26
walk_only,621e335a67b776a240bb12ff,32
walk_only,621e335a67b776a240bb12ff,36
walk_only,621e335a67b776a240bb12ff,49
walk_only,621e335a67b776a240bb12ff,59
walk_only,621e335a67b776a240bb12ff,77
walk_only,621e335a67b776a240bb12ff,83
walk_only,621e335a67b776a240bb12ff,96
walk_only,621e335a67b776a240bb12ff,107
walk_only,621e335a67b776a240bb12ff,121
walk_only,621e335a67b776a240bb12ff,125
walk_only,621e335a67b776a240bb12ff,132
walk_only,621e335a67b776a240bb12ff,144
walk_only,621e335a67b776a240bb12ff,150
walk_only,621e335a67b776a240bb12ff,154
walk_only,621e335a67b776a240bb12ff,171
walk_only,621e335a67b776a240bb12ff,1
walk_only,621e335a67b776a240bb12ff,4
walk_only,621e335a67b776a240bb12ff,18
walk_only,621e335a67b776a240bb12ff,28
walk_only,621e335a67b776a240bb12ff,45
walk_only,621e335a67b776a240bb12ff,52
walk_only,621e335a67b776a240bb12ff,64
walk_only,621e335a67b776a240bb12ff,69
walk_only,621e335a67b776a240bb12ff,2
walk_only,621e335a67b776a240bb12ff,17
walk_only,621e337667b776a240ce78ab,4
walk_only,621e337667b776a240ce78ab,26
walk_only,621e337667b776a240ce78ab,3
walk_only,621e337667b776a240ce78ab,16
walk_only,621e337667b776a240ce78ab,20
walk_only,621e337667b776a240ce78ab,25
walk_only,621e337667b776a240ce78ab,39
walk_only,621e337667b776a240ce78ab,44
walk_only,621e337667b776a240ce78ab,50
walk_only,621e337667b776a240ce78ab,63
walk_only,621e337667b776a240ce78ab,68
walk_only,621e337667b776a240ce78ab,6
walk_only,621e337667b776a240ce78ab,22
walk_only,621e337667b776a240ce78ab,0
walk_only,621e337667b776a240ce78ab,3
walk_only,621e337667b776a240ce78ab,18
walk_only,621e337667b776a240ce78ab,25
walk_only,621e337667b776a240ce78ab,29
walk_only,621e337667b776a240ce78ab,40
walk_only,621e337667b776a240ce78ab,48
walk_only,621e337667b776a240ce78ab,1
walk_only,621e337667b776a240ce78ab,1
walk_only,621e337667b776a240ce78ab,4
walk_only,621e337667b776a240ce78ab,2
walk_only,621e337667b776a240ce78ab,0
walk_only,621e337667b776a240ce78ab,5
walk_only,621e337667b776a240ce78ab,18
walk_only,621e337667b776a240ce78ab,23
walk_only,621e337667b776a240ce78ab,30
walk_only,621e337667b776a240ce78ab,44
walk_only,621e337667b776a240ce78ab,0
walk_only,621e337667b776a240ce78ab,5
walk_only,621e337667b776a240ce78ab,20
walk_only,621e337667b776a240ce78ab,1
walk_only,621e337667b776a240ce78ab,3
walk_only,621e337667b776a240ce78ab,8
walk_only,621e337667b776a240ce78ab,12
walk_only,621e337667b776a240ce78ab,1
walk_only,621e337667b776a240ce78ab,2
walk_only,621e337667b776a240ce78ab,7
walk_only,621e337667b776a240ce78ab,3
walk_only,621e337667b776a240ce78ab,6
walk_only,621e337667b776a240ce78ab,12
walk_only,621e337667b776a240ce78ab,1
walk_only,621e337667b776a240ce78ab,2
walk_only,621e337667b776a240ce78ab,0
walk_only,621e337667b776a240ce78ab,1
walk_only,621e337667b776a240ce78ab,3
walk_only,621e337667b776a240ce78ab,8
walk_only,621e337667b776a240ce78ab,3
walk_only,621e337667b776a240ce78ab,6
walk_only,621e337667b776a240ce78ab,4
walk_only,621e337667b776a240ce78ab,20
walk_only,621e337667b776a240ce78ab,25
walk_only,621e337667b776a240ce78ab,0
walk_only,621e337667b776a240ce78ab,0
walk_only,621e337667b776a240ce78ab,2
walk_only,621e337667b776a240ce78ab,14
walk_only,621e337667b776a240ce78ab,21
walk_only,621e337667b776a240ce78ab,24
walk_only,621e337667b776a240ce78ab,38
walk_only,621e337667b776a240ce78ab,43
walk_only,621e337667b776a240ce78ab,48
walk_only,621e337667b776a240ce78ab,1
walk_only,621e337667b776a240ce78ab,0
walk_only,621e337667b776a240ce78ab,19
walk_only,621e337667b776a240ce78ab,25
walk_only,621e337667b776a240ce78ab,28
walk_only,621e337667b776a240ce78ab,1
walk_only,621e337667b776a240ce78ab,2
walk_only,621e337667b776a240ce78ab,2
walk_only,621e337667b776a240ce78ab,20
walk_only,621e337667b776a240ce78ab,24
walk_only,621e337667b776a240ce78ab,28
walk_only,621e337667b776a240ce78ab,4
walk_only,621e337667b776a240ce78ab,8
walk_only,621e337667b776a240ce78ab,2
walk_only,621e337667b776a240ce78ab,0
walk_only,621e337667b776a240ce78ab,3
walk_only,621e337667b776a240ce78ab,1
walk_only,621e337667b776a240ce78ab,24
walk_only,621e337667b776a240ce78ab,0
walk_only,621e337667b776a240ce78ab,6
walk_only,621e337667b776a240ce78ab,19
walk_only,621e337667b776a240ce78ab,26
walk_only,621e337667b776a240ce78ab,2
walk_only,621e337667b776a240ce78ab,6
walk_only,621e337667b776a240ce78ab,1
walk_only,621e337667b776a240ce78ab,7
walk_only,621e337667b776a240ce78ab,11
walk_only,621e337667b776a240ce78ab,3
walk_only,621e337667b776a240ce78ab,0
walk_only,621e337667b776a240ce78ab,1
walk_only,621e337667b776a240ce78ab,8
walk_only,621e337667b776a240ce78ab,11
walk_only,621e337667b776a240ce78ab,2
walk_only,621e337667b776a240ce78ab,1
walk_only,621e337667b776a240ce78ab,17
walk_only,621e337667b776a240ce78ab,21
walk_only,621e337667b776a240ce78ab,4
walk_only,621e337667b776a240ce78ab,1
walk_only,621e337667b776a240ce78ab,19
walk_only,621e337667b776a240ce78ab,25
walk_only,621e337667b776a240ce78ab,42
walk_only,621e337667b776a240ce78ab,1
walk_only,621e337667b776a240ce78ab,24
walk_only,621e337667b776a240ce78ab,30
walk_only,621e337667b776a240ce78ab,2
walk_only,621e337667b776a240ce78ab,5
walk_only,621e337667b776a240ce78ab,0
walk_only,621e337667b776a240ce78ab,0
walk_only,621e337667b776a240ce78ab,4
walk_only,621e337667b776a240ce78ab,26
walk_only,621e337667b776a240ce78ab,28
walk_only,621e337667b776a240ce78ab,42
walk_only,621e337667b776a240ce78ab,5
walk_only,621e337667b776a240ce78ab,8
walk_only,621e337667b776a240ce78ab,0
walk_only,621e337667b776a240ce78ab,6
walk_only,621e337667b776a240ce78ab,2
walk_only,621e337667b776a240ce78ab,0
walk_only,621e337667b776a240ce78ab,7
walk_only,621e337667b776a240ce78ab,12
walk_only,621e337667b776a240ce78ab,3
walk_only,621e337667b776a240ce78ab,1
walk_only,621e337667b776a240ce78ab,20
walk_only,621e337667b776a240ce78ab,26
walk_only,621e337667b776a240ce78ab,1
walk_only,621e337667b776a240ce78ab,0
walk_only,621e337667b776a240ce78ab,5
walk_only,621e337667b776a240ce78ab,23
walk_only,621e337667b776a240ce78ab,2
walk_only,621e337667b776a240ce78ab,4
walk_only,621e337667b776a240ce78ab,13
walk_only,621e337667b776a240ce78ab,27
walk_only,621e337667b776a240ce78ab,2
walk_only,621e337667b776a240ce78ab,7
walk_only,621e337667b776a240ce78ab,1
walk_only,621e337667b776a240ce78ab,4
walk_only,621e337667b776a240ce78ab,2
walk_only,621e337667b776a240ce78ab,2
walk_only,621e337667b776a240ce78ab,7
walk_only,621e337667b776a240ce78ab,25
walk_only,621e337667b776a240ce78ab,28
walk_only,621e337667b776a240ce78ab,13
walk_only,621e337667b776a240ce78ab,6
walk_only,621e337667b776a240ce78ab,2
walk_only,621e337667b776a240ce78ab,6
walk_only,621e337667b776a240ce78ab,22
walk_only,621e337667b776a240ce78ab,6
walk_only,621e337667b776a240ce78ab,1
walk_only,621e339967b776a240e502de,2
walk_only,621e339967b776a240e502de,7
walk_only,621e339967b776a240e502de,14
walk_only,621e339967b776a240e502de,1
walk_only,621e339967b776a240e502de,18
walk_only,621e339967b776a240e502de,44
walk_only,621e339967b776a240e502de,9
walk_only,621e339967b776a240e502de,4
walk_only,621e339967b776a240e502de,6
walk_only,621e339967b776a240e502de,0
walk_only,621e339967b776a240e502de,2
walk_only,621e339967b776a240e502de,21
walk_only,621e339967b776a240e502de,23
walk_only,621e339967b776a240e502de,15
walk_only,621e339967b776a240e502de,2
walk_only,621e339967b776a240e502de,24
walk_only,621e339967b776a240e502de,2
walk_only,621e339967b776a240e502de,3
walk_only,621e339967b776a240e502de,22
walk_only,621e339967b776a240e502de,6
walk_only,621e339967b776a240e502de,26
walk_only,621e339967b776a240e502de,147
walk_only,621e33b067b776a240f39e56,42
walk_only,621e33b067b776a240f39e56,70
walk_only,621e33b067b776a240f39e56,73
walk_only,621e33b067b776a240f39e56,86
walk_only,621e33b067b776a240f39e56,91
walk_only,621e33b067b776a240f39e56,96
walk_only,621e33b067b776a240f39e56,113
walk_only,621e33b067b776a240f39e56,118
walk_only,621e33b067b776a240f39e56,122
walk_only,621e33b067b776a240f39e56,136
walk_only,621e33b067b776a240f39e56,142
walk_only,621e33b067b776a240f39e56,146
walk_only,621e33b067b776a240f39e56,158
walk_only,621e33b067b776a240f39e56,163
walk_only,621e33b067b776a240f39e56,168
walk_only,621e33b067b776a240f39e56,183
walk_only,621e33b067b776a240f39e56,187
walk_only,621e33b067b776a240f39e56,192
walk_only,621e33b067b776a240f39e56,206
walk_only,621e33b067b776a240f39e56,211
walk_only,621e33b067b776a240f39e56,216
walk_only,621e33b067b776a240f39e56,230
walk_only,621e33b067b776a240f39e56,235
walk_only,621e33b067b776a240f39e56,240
walk_only,621e33b067b776a240f39e56,254
walk_only,621e33b067b776a240f39e56,260
walk_only,621e33b067b776a240f39e56,265
walk_only,621e33b067b776a240f39e56,1
walk_only,621e33b067b776a240f39e56,25
walk_only,621e33b067b776a240f39e56,31
walk_only,621e33b067b776a240f39e56,35
walk_only,621e33b067b776a240f39e56,47
walk_only,621e33b067b776a240f39e56,56
walk_only,621e33b067b776a240f39e56,58
walk_only,621e33b067b776a240f39e56,71
walk_only,621e33b067b776a240f39e56,76
walk_only,621e33b067b776a240f39e56,81
walk_only,621e33b067b776a240f39e56,95
walk_only,621e33b067b776a240f39e56,100
walk_only,621e33b067b776a240f39e56,119
walk_only,621e33b067b776a240f39e56,124
walk_only,621e33b067b776a240f39e56,130
walk_only,621e33b067b776a240f39e56,143
walk_only,621e33b067b776a240f39e56,148
walk_only,621e33b067b776a240f39e56,153
walk_only,621e33b067b776a240f39e56,4
walk_only,621e33b067b776a240f39e56,9
walk_only,621e33b067b776a240f39e56,12
walk_only,621e33b067b776a240f39e56,26
walk_only,621e33b067b776a240f39e56,32
walk_only,621e33b067b776a240f39e56,35
walk_only,621e33b067b776a240f39e56,48
walk_only,621e33b067b776a240f39e56,53
walk_only,621e33b067b776a240f39e56,58
walk_only,621e33b067b776a240f39e56,72
walk_only,621e33b067b776a240f39e56,77
walk_only,621e33b067b776a240f39e56,83
walk_only,621e33b067b776a240f39e56,12
walk_only,621e33b067b776a240f39e56,17
walk_only,621e33b067b776a240f39e56,22
walk_only,621e33b067b776a240f39e56,36
walk_only,621e33b067b776a240f39e56,41
walk_only,621e33b067b776a240f39e56,46
walk_only,621e33b067b776a240f39e56,61
walk_only,621e33b067b776a240f39e56,65
walk_only,621e33b067b776a240f39e56,70
walk_only,621e33b067b776a240f39e56,14
walk_only,621e33b067b776a240f39e56,20
walk_only,621e33b067b776a240f39e56,24
walk_only,621e33b067b776a240f39e56,40
walk_only,621e33b067b776a240f39e56,45
walk_only,621e33b067b776a240f39e56,47
walk_only,621e33b067b776a240f39e56,62
walk_only,621e33b067b776a240f39e56,67
walk_only,621e33b067b776a240f39e56,72
walk_only,621e33b067b776a240f39e56,89
walk_only,621e33b067b776a240f39e56,94
walk_only,621e33b067b776a240f39e56,108
walk_only,621e33b067b776a240f39e56,114
walk_only,621e33b067b776a240f39e56,118
walk_only,621e33b067b776a240f39e56,132
walk_only,621e33b067b776a240f39e56,137
walk_only,621e33b067b776a240f39e56,142
walk_only,621e33b067b776a240f39e56,156
walk_only,621e33b067b776a240f39e56,161
walk_only,621e33b067b776a240f39e56,166
walk_only,621e33b067b776a240f39e56,182
walk_only,621e33b067b776a240f39e56,189
walk_only,621e33b067b776a240f39e56,192
walk_only,621e33b067b776a240f39e56,208
walk_only,621e33b067b776a240f39e56,212
walk_only,621e33b067b776a240f39e56,216
walk_only,621e33b067b776a240f39e56,229
walk_only,621e33b067b776a240f39e56,233
walk_only,621e33b067b776a240f39e56,238
walk_only,621e33b067b776a240f39e56,13
walk_only,621e33b067b776a240f39e56,18
walk_only,621e33b067b776a240f39e56,37
walk_only,621e33b067b776a240f39e56,44
walk_only,621e33b067b776a240f39e56,47
walk_only,621e33b067b776a240f39e56,63
walk_only,621e33b067b776a240f39e56,66
walk_only,621e33b067b776a240f39e56,72
walk_only,621e33b067b776a240f39e56,88
walk_only,621e33b067b776a240f39e56,95
walk_only,621e33b067b776a240f39e56,111
walk_only,621e33b067b776a240f39e56,121
walk_only,621e33b067b776a240f39e56,136
walk_only,621e33b067b776a240f39e56,142
walk_only,621e33b067b776a240f39e56,145
walk_only,621e33b067b776a240f39e56,158
walk_only,621e33b067b776a240f39e56,164
walk_only,621e33b067b776a240f39e56,167
walk_only,621e33b067b776a240f39e56,184
walk_only,621e33b067b776a240f39e56,187
walk_only,621e33b067b776a240f39e56,192
walk_only,621e33b067b776a240f39e56,205
walk_only,621e33b067b776a240f39e56,210
walk_only,621e33b067b776a240f39e56,216
walk_only,621e33b067b776a240f39e56,231
walk_only,621e33b067b776a240f39e56,234
walk_only,621e33b067b776a240f39e56,239
walk_only,621e33b067b776a240f39e56,254
walk_only,621e33b067b776a240f39e56,260
walk_only,621e33b067b776a240f39e56,263
walk_only,621e33b067b776a240f39e56,289
walk_only,621e33b067b776a240f39e56,305
walk_only,621e33b067b776a240f39e56,14
walk_only,621e33b067b776a240f39e56,24
walk_only,621e33b067b776a240f39e56,39
walk_only,621e33b067b776a240f39e56,2
walk_only,621e33b067b776a240f39e56,8
walk_only,621e33b067b776a240f39e56,20
walk_only,621e33b067b776a240f39e56,0
walk_only,621e33b067b776a240f39e56,3
walk_only,621e33b067b776a240f39e56,16
walk_only,621e33b067b776a240f39e56,22
walk_only,621e33b067b776a240f39e56,26
walk_only,621e33b067b776a240f39e56,41
walk_only,621e33b067b776a240f39e56,45
walk_only,621e33b067b776a240f39e56,50
walk_only,621e33b067b776a240f39e56,66
walk_only,621e33b067b776a240f39e56,73
walk_only,621e33b067b776a240f39e56,75
walk_only,621e33b067b776a240f39e56,90
walk_only,621e33b067b776a240f39e56,97
walk_only,621e33b067b776a240f39e56,99
walk_only,621e33b067b776a240f39e56,113
walk_only,621e33b067b776a240f39e56,117
walk_only,621e33b067b776a240f39e56,123
walk_only,621e33b067b776a240f39e56,136
walk_only,621e33b067b776a240f39e56,141
walk_only,621e33b067b776a240f39e56,147
walk_only,621e33b067b776a240f39e56,11
walk_only,621e33b067b776a240f39e56,16
walk_only,621e33b067b776a240f39e56,21
walk_only,621e33b067b776a240f39e56,10
walk_only,621e33b067b776a240f39e56,15
walk_only,621e33b067b776a240f39e56,16
walk_only,621e33b067b776a240f39e56,21
walk_only,621e33b067b776a240f39e56,42
walk_only,621e33b067b776a240f39e56,49
walk_only,621e33b067b776a240f39e56,52
walk_only,621e33b067b776a240f39e56,68
walk_only,621e33b067b776a240f39e56,2
walk_only,621e33b067b776a240f39e56,6
walk_only,621e33b067b776a240f39e56,20
walk_only,621e33cf67b776a240087de9,6
walk_only,621e33cf67b776a240087de9,3
walk_only,621e33cf67b776a240087de9,7
walk_only,621e33cf67b776a240087de9,12
walk_only,621e33cf67b776a240087de9,3
walk_only,621e33cf67b776a240087de9,7
walk_only,621e33cf67b776a240087de9,12
walk_only,621e33cf67b776a240087de9,2
walk_only,621e33cf67b776a240087de9,3
walk_only,621e33cf67b776a240087de9,8
walk_only,621e33cf67b776a240087de9,3
walk_only,621e33cf67b776a240087de9,7
walk_only,621e33cf67b776a240087de9,12
walk_only,621e33cf67b776a240087de9,1
walk_only,621e33cf67b776a240087de9,7
walk_only,621e33cf67b776a240087de9,10
walk_only,621e33cf67b776a240087de9,26
walk_only,621e33cf67b776a240087de9,31
walk_only,621e33cf67b776a240087de9,2
walk_only,621e33cf67b776a240087de9,0
walk_only,621e33cf67b776a240087de9,5
walk_only,621e33cf67b776a240087de9,3
walk_only,621e33cf67b776a240087de9,7
walk_only,621e33cf67b776a240087de9,13
walk_only,621e33cf67b776a240087de9,3
walk_only,621e33cf67b776a240087de9,8
walk_only,621e33cf67b776a240087de9,14
walk_only,621e33cf67b776a240087de9,27
walk_only,621e33cf67b776a240087de9,32
walk_only,621e33cf67b776a240087de9,37
walk_only,621e33cf67b776a240087de9,1
walk_only,621e33cf67b776a240087de9,1
walk_only,621e33cf67b776a240087de9,4
walk_only,621e33cf67b776a240087de9,15
walk_only,621e33cf67b776a240087de9,7
walk_only,621e33cf67b776a240087de9,5
walk_only,621e33cf67b776a240087de9,0
walk_only,621e33cf67b776a240087de9,2
walk_only,621e33cf67b776a240087de9,8
walk_only,621e33cf67b776a240087de9,21
walk_only,621e33cf67b776a240087de9,27
walk_only,621e33cf67b776a240087de9,31
walk_only,621e33cf67b776a240087de9,48
walk_only,621e33cf67b776a240087de9,54
walk_only,621e33cf67b776a240087de9,57
walk_only,621e33cf67b776a240087de9,1
walk_only,621e33cf67b776a240087de9,7
walk_only,621e33cf67b776a240087de9,12
walk_only,621e33cf67b776a240087de9,2
walk_only,621e33cf67b776a240087de9,7
walk_only,621e33cf67b776a240087de9,15
walk_only,621e33cf67b776a240087de9,26
walk_only,621e33cf67b776a240087de9,31
walk_only,621e33cf67b776a240087de9,2
walk_only,621e33cf67b776a240087de9,3
walk_only,621e33cf67b776a240087de9,8
walk_only,621e33cf67b776a240087de9,24
walk_only,621e33cf67b776a240087de9,30
walk_only,621e33cf67b776a240087de9,35
walk_only,621e33cf67b776a240087de9,54
walk_only,621e33cf67b776a240087de9,72
walk_only,621e33cf67b776a240087de9,77
walk_only,621e33cf67b776a240087de9,81
walk_only,621e33cf67b776a240087de9,95
walk_only,621e33cf67b776a240087de9,101
walk_only,621e33cf67b776a240087de9,105
walk_only,621e33cf67b776a240087de9,119
walk_only,621e33cf67b776a240087de9,129
walk_only,621e33cf67b776a240087de9,143
walk_only,621e33cf67b776a240087de9,170
walk_only,621e33cf67b776a240087de9,172
walk_only,621e33cf67b776a240087de9,193
walk_only,621e33cf67b776a240087de9,198
walk_only,621e33cf67b776a240087de9,202
walk_only,621e33cf67b776a240087de9,218
walk_only,621e33cf67b776a240087de9,2
walk_only,621e33cf67b776a240087de9,4
walk_only,621e33cf67b776a240087de9,7
walk_only,621e33cf67b776a240087de9,10
walk_only,621e33cf67b776a240087de9,27
walk_only,621e33cf67b776a240087de9,29
walk_only,621e33cf67b776a240087de9,22
walk_only,621e33cf67b776a240087de9,26
walk_only,621e33cf67b776a240087de9,30
walk_only,621e33cf67b776a240087de9,45
walk_only,621e33cf67b776a240087de9,3
walk_only,621e33cf67b776a240087de9,21
walk_only,621e33cf67b776a240087de9,27
walk_only,621e33cf67b776a240087de9,20
walk_only,621e33cf67b776a240087de9,25
walk_only,621e33cf67b776a240087de9,39
walk_only,621e33cf67b776a240087de9,44
walk_only,621e33cf67b776a240087de9,63
walk_only,621e33cf67b776a240087de9,5
walk_only,621e33cf67b776a240087de9,9
walk_only,621e33cf67b776a240087de9,22
walk_only,621e33cf67b776a240087de9,26
walk_only,621e33cf67b776a240087de9,33
walk_only,621e33cf67b776a240087de9,45
walk_only,621e33cf67b776a240087de9,51
walk_only,621e33cf67b776a240087de9,57
walk_only,621e33cf67b776a240087de9,71
walk_only,621e33cf67b776a240087de9,82
walk_only,621e33cf67b776a240087de9,96
walk_only,621e33cf67b776a240087de9,101
walk_only,621e33cf67b776a240087de9,106
walk_only,621e33cf67b776a240087de9,117
walk_only,621e33cf67b776a240087de9,3
walk_only,621e33cf67b776a240087de9,4
walk_only,621e33cf67b776a240087de9,18
walk_only,621e33cf67b776a240087de9,45
walk_only,621e33cf67b776a240087de9,47
walk_only,621e33cf67b776a240087de9,65
walk_only,621e33cf67b776a240087de9,71
walk_only,621e33cf67b776a240087de9,78
walk_only,621e33cf67b776a240087de9,90
walk_only,621e33cf67b776a240087de9,96
walk_only,621e33cf67b776a240087de9,101
walk_only,621e33cf67b776a240087de9,115
walk_only,621e33cf67b776a240087de9,140
walk_only,621e33cf67b776a240087de9,146
walk_only,621e33cf67b776a240087de9,148
walk_only,621e33cf67b776a240087de9,1
walk_only,621e33cf67b776a240087de9,6
walk_only,621e33cf67b776a240087de9,4
walk_only,621e33cf67b776a240087de9,2
walk_only,621e33cf67b776a240087de9,7
walk_only,621e33cf67b776a240087de9,12
walk_only,621e33cf67b776a240087de9,2
walk_only,621e33cf67b776a240087de9,9
walk_only,621e33cf67b776a240087de9,1
walk_only,621e33cf67b776a240087de9,1
walk_only,621e33cf67b776a240087de9,8
walk_only,621e33cf67b776a240087de9,4
walk_only,621e33cf67b776a240087de9,7
walk_only,621e33cf67b776a240087de9,13
walk_only,621e33cf67b776a240087de9,4
walk_only,621e33cf67b776a240087de9,10
walk_only,621e33cf67b776a240087de9,15
walk_only,621e33cf67b776a240087de9,28
walk_only,621e33cf67b776a240087de9,35
walk_only,621e33cf67b776a240087de9,38
walk_only,621e33ed67b776a2401cf5f7,165
walk_only,621e33ed67b776a2401cf5f7,171
walk_only,621e33ed67b776a2401cf5f7,173
walk_only,621e33ed67b776a2401cf5f7,192
walk_only,621e33ed67b776a2401cf5f7,196
walk_only,621e33ed67b776a2401cf5f7,214
walk_only,621e33ed67b776a2401cf5f7,244
walk_only,621e33ed67b776a2401cf5f7,246
walk_only,621e33ed67b776a2401cf5f7,264
walk_only,621e33ed67b776a2401cf5f7,289
walk_only,621e33ed67b776a2401cf5f7,4
walk_only,621e33ed67b776a2401cf5f7,77
walk_only,621e33ed67b776a2401cf5f7,120
walk_only,621e33ed67b776a2401cf5f7,123
walk_only,621e33ed67b776a2401cf5f7,140
walk_only,621e33ed67b776a2401cf5f7,1
walk_only,621e33ed67b776a2401cf5f7,7
walk_only,621e33ed67b776a2401cf5f7,9
walk_only,621e33ed67b776a2401cf5f7,247
walk_only,621e33ed67b776a2401cf5f7,344
walk_only,621e33ed67b776a2401cf5f7,659
walk_only,621e33ed67b776a2401cf5f7,746
walk_only,621e340467b776a2402d7982,3
walk_only,621e340467b776a2402d7982,22
walk_only,621e340467b776a2402d7982,6
walk_only,621e340467b776a2402d7982,17
walk_only,621e340467b776a2402d7982,43
walk_only,621e340467b776a2402d7982,55
walk_only,621e340467b776a2402d7982,67
walk_only,621e340467b776a2402d7982,89
walk_only,621e340467b776a2402d7982,4
walk_only,621e340467b776a2402d7982,20
walk_only,621e340467b776a2402d7982,1
walk_only,621e340467b776a2402d7982,21
walk_only,621e340467b776a2402d7982,64
walk_only,621e340467b776a2402d7982,88
walk_only,621e340467b776a2402d7982,160
walk_only,621e340467b776a2402d7982,183
walk_only,621e340467b776a2402d7982,235
walk_only,621e340467b776a2402d7982,19
walk_only,621e340467b776a2402d7982,35
walk_only,621e340467b776a2402d7982,58
walk_only,621e340467b776a2402d7982,68
walk_only,621e340467b776a2402d7982,94
walk_only,621e340467b776a2402d7982,107
walk_only,621e340467b776a2402d7982,116
walk_only,621e340467b776a2402d7982,131
walk_only,621e340467b776a2402d7982,154
walk_only,621e340467b776a2402d7982,228
walk_only,621e340467b776a2402d7982,252
walk_only,621e340467b776a2402d7982,309
walk_only,621e340467b776a2402d7982,323
walk_only,621e340467b776a2402d7982,347
walk_only,621e340467b776a2402d7982,357
walk_only,621e340467b776a2402d7982,371
walk_only,621e340467b776a2402d7982,449
walk_only,621e340467b776a2402d7982,491
walk_only,621e340467b776a2402d7982,543
walk_only,621e340467b776a2402d7982,633
walk_only,621e341067b776a24037b105,25
walk_only,621e341067b776a24037b105,30
walk_only,621e341067b776a24037b105,33
walk_only,621e341067b776a24037b105,47
walk_only,621e341067b776a24037b105,3
walk_only,621e341067b776a24037b105,6
walk_only,621e341067b776a24037b105,60
walk_only,621e341067b776a24037b105,0
walk_only,621e341067b776a24037b105,18
walk_only,621e341067b776a24037b105,45
walk_only,621e341067b776a24037b105,72
walk_only,621e341067b776a24037b105,27
walk_only,621e341067b776a24037b105,49
walk_only,621e341067b776a24037b105,39
walk_only,621e341067b776a24037b105,64
walk_only,621e341067b776a24037b105,71
walk_only,621e341067b776a24037b105,20
walk_only,621e341067b776a24037b105,14
walk_only,621e341067b776a24037b105,156
walk_only,621e345c67b776a2407146a8,1
walk_only,621e345c67b776a2407146a8,136
walk_only,621e345c67b776a2407146a8,161
walk_only,621e345c67b776a2407146a8,185
walk_only,621e345c67b776a2407146a8,471
walk_only,621e345c67b776a2407146a8,67
walk_only,621e346f67b776a24081744f,87
walk_only,621e346f67b776a24081744f,4
walk_only,621e346f67b776a24081744f,20
walk_only,621e346f67b776a24081744f,47
walk_only,621e346f67b776a24081744f,50
walk_only,621e346f67b776a24081744f,68
walk_only,621e346f67b776a24081744f,1
walk_only,621e346f67b776a24081744f,21
walk_only,621e346f67b776a24081744f,95
walk_only,621e346f67b776a24081744f,4
walk_only,621e346f67b776a24081744f,72
walk_only,621e346f67b776a24081744f,6
walk_only,621e346f67b776a24081744f,22
walk_only,621e346f67b776a24081744f,67
walk_only,621e346f67b776a24081744f,91
walk_only,621e346f67b776a24081744f,112
walk_only,621e346f67b776a24081744f,169
walk_only,621e346f67b776a24081744f,209
walk_only,621e346f67b776a24081744f,45
walk_only,621e346f67b776a24081744f,161
walk_only,621e346f67b776a24081744f,189
walk_only,621e346f67b776a24081744f,22
walk_only,621e34ca67b776a240be3b69,21
walk_only,621e34ca67b776a240be3b69,1
walk_only,621e34ca67b776a240be3b69,19
walk_only,621e34ca67b776a240be3b69,26
walk_only,621e34ca67b776a240be3b69,43
walk_only,621e34ca67b776a240be3b69,68
walk_only,621e34ca67b776a240be3b69,44
walk_only,621e34ca67b776a240be3b69,6
walk_only,621e34ca67b776a240be3b69,1
walk_only,621e34ca67b776a240be3b69,47
walk_only,621e34ca67b776a240be3b69,89
walk_only,621e34db67b776a240c9c2be,3
walk_only,621e34db67b776a240c9c2be,17
walk_only,621e34db67b776a240c9c2be,2
walk_only,621e34db67b776a240c9c2be,14
walk_only,621e34db67b776a240c9c2be,18
walk_only,621e34db67b776a240c9c2be,9
walk_only,621e34db67b776a240c9c2be,27
walk_only,621e34db67b776a240c9c2be,2
walk_only,621e34db67b776a240c9c2be,6
walk_only,621e34db67b776a240c9c2be,20
walk_only,621e34db67b776a240c9c2be,31
walk_only,621e34db67b776a240c9c2be,44
walk_only,621e34db67b776a240c9c2be,52
walk_only,621e34db67b776a240c9c2be,68
walk_only,621e34db67b776a240c9c2be,91
walk_only,621e34db67b776a240c9c2be,98
walk_only,621e34db67b776a240c9c2be,101
walk_only,621e34db67b776a240c9c2be,116
walk_only,621e34db67b776a240c9c2be,120
walk_only,621e34db67b776a240c9c2be,126
walk_only,621e34db67b776a240c9c2be,138
walk_only,621e34db67b776a240c9c2be,145
walk_only,621e34db67b776a240c9c2be,149
walk_only,621e34db67b776a240c9c2be,164
walk_only,621e34db67b776a240c9c2be,2
walk_only,621e34db67b776a240c9c2be,20
walk_only,621e34db67b776a240c9c2be,30
walk_only,621e34db67b776a240c9c2be,45
walk_only,621e34db67b776a240c9c2be,46
walk_only,621e34db67b776a240c9c2be,2
walk_only,621e34db67b776a240c9c2be,42
walk_only,621e34db67b776a240c9c2be,44
walk_only,621e34db67b776a240c9c2be,1
walk_only,621e34db67b776a240c9c2be,16
walk_only,621e34db67b776a240c9c2be,20
walk_only,621e34db67b776a240c9c2be,41
walk_only,621e34db67b776a240c9c2be,51
walk_only,621e34db67b776a240c9c2be,67
walk_only,621e34db67b776a240c9c2be,75
walk_only,621e34db67b776a240c9c2be,93
walk_only,621e34db67b776a240c9c2be,1
walk_only,621e34db67b776a240c9c2be,16
walk_only,621e34db67b776a240c9c2be,22
walk_only,621e34db67b776a240c9c2be,26
walk_only,621e34db67b776a240c9c2be,41
walk_only,621e34db67b776a240c9c2be,50
walk_only,621e34db67b776a240c9c2be,65
walk_only,621e34db67b776a240c9c2be,74
walk_only,621e34db67b776a240c9c2be,98
walk_only,621e34db67b776a240c9c2be,111
walk_only,621e34ec67b776a240d60873,11
walk_only,621e34ec67b776a240d60873,52
walk_only,621e34ec67b776a240d60873,57
walk_only,621e34ec67b776a240d60873,71
walk_only,621e34ec67b776a240d60873,15
walk_only,621e34f767b776a240de4e1a,16
walk_only,621e34ff67b776a240e446d6,2
walk_only,621e34ff67b776a240e446d6,17
walk_only,621e34ff67b776a240e446d6,25
walk_only,621e34ff67b776a240e446d6,26
walk_only,621e34ff67b776a240e446d6,40
walk_only,621e34ff67b776a240e446d6,45
walk_only,621e34ff67b776a240e446d6,0
walk_only,621e34ff67b776a240e446d6,14
walk_only,621e34ff67b776a240e446d6,0
walk_only,621e34ff67b776a240e446d6,7
walk_only,621e34ff67b776a240e446d6,23
walk_only,621e34ff67b776a240e446d6,29
walk_only,621e34ff67b776a240e446d6,31
walk_only,621e34ff67b776a240e446d6,46
walk_only,621e34ff67b776a240e446d6,51
walk_only,621e34ff67b776a240e446d6,3
walk_only,621e34ff67b776a240e446d6,16
walk_only,621e34ff67b776a240e446d6,23
walk_only,621e34ff67b776a240e446d6,26
walk_only,621e34ff67b776a240e446d6,2
walk_only,621e34ff67b776a240e446d6,14
walk_only,621e34ff67b776a240e446d6,19
walk_only,621e34ff67b776a240e446d6,2
walk_only,621e34ff67b776a240e446d6,6
walk_only,621e34ff67b776a240e446d6,1
walk_only,621e34ff67b776a240e446d6,39
walk_only,621e34ff67b776a240e446d6,6
walk_only,621e34ff67b776a240e446d6,9
walk_only,621e34ff67b776a240e446d6,28
walk_only,621e34ff67b776a240e446d6,4
walk_only,621e34ff67b776a240e446d6,7
walk_only,621e34ff67b776a240e446d6,9
walk_only,621e34ff67b776a240e446d6,0
walk_only,621e34ff67b776a240e446d6,3
walk_only,621e34ff67b776a240e446d6,2
walk_only,621e34ff67b776a240e446d6,4
walk_only,621e34ff67b776a240e446d6,22
walk_only,621e34ff67b776a240e446d6,42
walk_only,621e34ff67b776a240e446d6,47
walk_only,621e34ff67b776a240e446d6,71
walk_only,621e34ff67b776a240e446d6,78
walk_only,621e34ff67b776a240e446d6,91
walk_only,621e34ff67b776a240e446d6,116
walk_only,621e34ff67b776a240e446d6,13
walk_only,621e34ff67b776a240e446d6,23
walk_only,621e34ff67b776a240e446d6,11
walk_only,621e34ff67b776a240e446d6,31
walk_only,621e34ff67b776a240e446d6,53
walk_only,621e34ff67b776a240e446d6,3
walk_only,621e34ff67b776a240e446d6,25
walk_only,621e34ff67b776a240e446d6,41
walk_only,621e34ff67b776a240e446d6,29
walk_only,621e34ff67b776a240e446d6,56
walk_only,621e34ff67b776a240e446d6,67
walk_only,621e34ff67b776a240e446d6,92
walk_only,621e34ff67b776a240e446d6,140
walk_only,621e34ff67b776a240e446d6,163
walk_only,621e34ff67b776a240e446d6,189
walk_only,621e34ff67b776a240e446d6,215
walk_only,621e34ff67b776a240e446d6,219
walk_only,621e34ff67b776a240e446d6,1
walk_only,621e34ff67b776a240e446d6,4
walk_only,621e34ff67b776a240e446d6,18
walk_only,621e34ff67b776a240e446d6,3
walk_only,621e34ff67b776a240e446d6,17
walk_only,621e34ff67b776a240e446d6,22
walk_only,621e34ff67b776a240e446d6,0
walk_only,621e34ff67b776a240e446d6,18
walk_only,621e34ff67b776a240e446d6,26
walk_only,621e34ff67b776a240e446d6,43
walk_only,621e34ff67b776a240e446d6,68
walk_only,621e34ff67b776a240e446d6,89
walk_only,621e34ff67b776a240e446d6,100
walk_only,621e34ff67b776a240e446d6,111
walk_only,621e34ff67b776a240e446d6,117
walk_only,621e34ff67b776a240e446d6,165
walk_only,621e34ff67b776a240e446d6,23
walk_only,621e34ff67b776a240e446d6,44
walk_only,621e34ff67b776a240e446d6,50
walk_only,621e34ff67b776a240e446d6,52
walk_only,621e34ff67b776a240e446d6,66
walk_only,621e34ff67b776a240e446d6,77
walk_only,621e34ff67b776a240e446d6,18
walk_only,621e34ff67b776a240e446d6,22
walk_only,621e34ff67b776a240e446d6,2
walk_only,621e34ff67b776a240e446d6,5
walk_only,621e351a67b776a240f6204b,6
walk_only,621e351a67b776a240f6204b,7
walk_only,621e351a67b776a240f6204b,22
walk_only,621e351a67b776a240f6204b,26
walk_only,621e351a67b776a240f6204b,31
walk_only,621e351a67b776a240f6204b,45
walk_only,621e351a67b776a240f6204b,50
walk_only,621e351a67b776a240f6204b,55
walk_only,621e351a67b776a240f6204b,74
walk_only,621e351a67b776a240f6204b,93
walk_only,621e351a67b776a240f6204b,98
walk_only,621e351a67b776a240f6204b,104
walk_only,621e351a67b776a240f6204b,123
walk_only,621e351a67b776a240f6204b,126
walk_only,621e351a67b776a240f6204b,143
walk_only,621e351a67b776a240f6204b,3
walk_only,621e351a67b776a240f6204b,7
walk_only,621e351a67b776a240f6204b,21
walk_only,621e351a67b776a240f6204b,24
walk_only,621e351a67b776a240f6204b,30
walk_only,621e351a67b776a240f6204b,44
walk_only,621e351a67b776a240f6204b,48
walk_only,621e351a67b776a240f6204b,0
walk_only,621e351a67b776a240f6204b,18
walk_only,621e351a67b776a240f6204b,19
walk_only,621e351a67b776a240f6204b,24
walk_only,621e351a67b776a240f6204b,40
walk_only,621e351a67b776a240f6204b,45
walk_only,621e351a67b776a240f6204b,64
walk_only,621e351a67b776a240f6204b,4
walk_only,621e351a67b776a240f6204b,23
walk_only,621e351a67b776a240f6204b,42
walk_only,621e351a67b776a240f6204b,48
walk_only,621e351a67b776a240f6204b,50
walk_only,621e351a67b776a240f6204b,64
walk_only,621e351a67b776a240f6204b,68
walk_only,621e351a67b776a240f6204b,73
walk_only,621e351a67b776a240f6204b,96
walk_only,621e351a67b776a240f6204b,97
walk_only,621e351a67b776a240f6204b,113
walk_only,621e351a67b776a240f6204b,116
walk_only,621e351a67b776a240f6204b,122
walk_only,621e351a67b776a240f6204b,135
walk_only,621e351a67b776a240f6204b,7
walk_only,621e351a67b776a240f6204b,8
walk_only,621e351a67b776a240f6204b,24
walk_only,621e351a67b776a240f6204b,27
walk_only,621e351a67b776a240f6204b,52
walk_only,621e351a67b776a240f6204b,54
walk_only,621e351a67b776a240f6204b,57
walk_only,621e351a67b776a240f6204b,74
walk_only,621e351a67b776a240f6204b,79
walk_only,621e351a67b776a240f6204b,81
walk_only,621e351a67b776a240f6204b,95
walk_only,621e351a67b776a240f6204b,99
walk_only,621e351a67b776a240f6204b,118
walk_only,621e351a67b776a240f6204b,123
walk_only,621e351a67b776a240f6204b,130
walk_only,621e351a67b776a240f6204b,144
walk_only,621e351a67b776a240f6204b,149
walk_only,621e351a67b776a240f6204b,2
walk_only,621e351a67b776a240f6204b,20
walk_only,621e351a67b776a240f6204b,21
walk_only,621e351a67b776a240f6204b,26
walk_only,621e351a67b776a240f6204b,42
walk_only,621e351a67b776a240f6204b,45
walk_only,621e351a67b776a240f6204b,51
walk_only,621e351a67b776a240f6204b,68
walk_only,621e351a67b776a240f6204b,72
walk_only,621e351a67b776a240f6204b,75
walk_only,621e351a67b776a240f6204b,92
walk_only,621e351a67b776a240f6204b,100
walk_only,621e351a67b776a240f6204b,113
walk_only,621e351a67b776a240f6204b,119
walk_only,621e351a67b776a240f6204b,122
walk_only,621e351a67b776a240f6204b,138
walk_only,621e351a67b776a240f6204b,141
walk_only,621e351a67b776a240f6204b,146
walk_only,621e351a67b776a240f6204b,162
walk_only,621e351a67b776a240f6204b,165
walk_only,621e351a67b776a240f6204b,173
walk_only,621e351a67b776a240f6204b,186
walk_only,621e351a67b776a240f6204b,192
walk_only,621e351a67b776a240f6204b,195
walk_only,621e351a67b776a240f6204b,209
walk_only,621e351a67b776a240f6204b,213
walk_only,621e351a67b776a240f6204b,235
walk_only,621e351a67b776a240f6204b,243
walk_only,621e351a67b776a240f6204b,264
walk_only,621e351a67b776a240f6204b,280
walk_only,621e351a67b776a240f6204b,285
walk_only,621e351a67b776a240f6204b,291
walk_only,621e351a67b776a240f6204b,306
walk_only,621e351a67b776a240f6204b,6
walk_only,621e351a67b776a240f6204b,22
walk_only,621e351a67b776a240f6204b,25
walk_only,621e351a67b776a240f6204b,31
walk_only,621e351a67b776a240f6204b,44
walk_only,621e351a67b776a240f6204b,49
walk_only,621e351a67b776a240f6204b,54
walk_only,621e351a67b776a240f6204b,0
walk_only,621e351a67b776a240f6204b,6
walk_only,621e351a67b776a240f6204b,23
walk_only,621e351a67b776a240f6204b,28
walk_only,621e351a67b776a240f6204b,32
walk_only,621e351a67b776a240f6204b,48
walk_only,621e351a67b776a240f6204b,57
walk_only,621e351a67b776a240f6204b,70
walk_only,621e351a67b776a240f6204b,74
walk_only,621e351a67b776a240f6204b,78
walk_only,621e351a67b776a240f6204b,93
walk_only,621e351a67b776a240f6204b,97
walk_only,621e351a67b776a240f6204b,102
walk_only,621e351a67b776a240f6204b,16
walk_only,621e351a67b776a240f6204b,24
walk_only,621e351a67b776a240f6204b,37
walk_only,621e351a67b776a240f6204b,41
walk_only,621e351a67b776a240f6204b,49
walk_only,621e351a67b776a240f6204b,61
walk_only,621e351a67b776a240f6204b,67
walk_only,621e351a67b776a240f6204b,70
walk_only,621e351a67b776a240f6204b,88
walk_only,621e351a67b776a240f6204b,5
walk_only,621e351a67b776a240f6204b,2
walk_only,621e351a67b776a240f6204b,3
walk_only,621e351a67b776a240f6204b,15
walk_only,621e351a67b776a240f6204b,0
walk_only,621e351a67b776a240f6204b,0
walk_only,621e351a67b776a240f6204b,16
walk_only,621e351a67b776a240f6204b,0
walk_only,621e351a67b776a240f6204b,3
walk_only,621e351a67b776a240f6204b,19
walk_only,621e351a67b776a240f6204b,21
walk_only,621e351a67b776a240f6204b,26
walk_only,621e351a67b776a240f6204b,40
walk_only,621e351a67b776a240f6204b,45
walk_only,621e351a67b776a240f6204b,50
walk_only,621e351a67b776a240f6204b,68
walk_only,621e351a67b776a240f6204b,2
walk_only,621e351a67b776a240f6204b,19
walk_only,621e351a67b776a240f6204b,24
walk_only,621e351a67b776a240f6204b,29
walk_only,621e351a67b776a240f6204b,44
walk_only,621e351a67b776a240f6204b,48
walk_only,621e351a67b776a240f6204b,51
walk_only,621e351a67b776a240f6204b,65
walk_only,621e356967b776a24027bd9f,119
walk_only,621e362467b776a2404ad513,3
walk_only,621e362467b776a2404ad513,10
walk_only,621e362467b776a2404ad513,23
walk_only,621e362467b776a2404ad513,29
walk_only,621e362467b776a2404ad513,32
walk_only,621e362467b776a2404ad513,46
walk_only,621e362467b776a2404ad513,51
walk_only,621e362467b776a2404ad513,56
walk_only,621e362467b776a2404ad513,70
walk_only,621e362467b776a2404ad513,75
walk_only,621e362467b776a2404ad513,94
walk_only,621e362467b776a2404ad513,104
walk_only,621e362467b776a2404ad513,3
walk_only,621e362467b776a2404ad513,5
walk_only,621e362467b776a2404ad513,8
walk_only,621e362467b776a2404ad513,1
walk_only,621e362467b776a2404ad513,2
walk_only,621e362467b776a2404ad513,6
walk_only,621e362467b776a2404ad513,1
walk_only,621e362467b776a2404ad513,6
walk_only,621e362467b776a2404ad513,25
walk_only,621e362467b776a2404ad513,32
walk_only,621e362467b776a2404ad513,36
walk_only,621e362467b776a2404ad513,2
walk_only,621e362467b776a2404ad513,0
walk_only,621e362467b776a2404ad513,5
walk_only,621e362467b776a2404ad513,19
walk_only,621e362467b776a2404ad513,6
walk_only,621e362467b776a2404ad513,10
walk_only,621e362467b776a2404ad513,12
walk_only,621e362467b776a2404ad513,18
walk_only,621e362467b776a2404ad513,21
walk_only,621e362467b776a2404ad513,16
walk_only,621e362467b776a2404ad513,20
walk_only,621e362467b776a2404ad513,14
walk_only,621e362467b776a2404ad513,20
walk_only,621e362467b776a2404ad513,24
walk_only,621e362467b776a2404ad513,38
walk_only,621e362467b776a2404ad513,45
walk_only,621e362467b776a2404ad513,60
walk_only,621e362467b776a2404ad513,66
walk_only,621e362467b776a2404ad513,72
walk_only,621e362467b776a2404ad513,84
walk_only,621e362467b776a2404ad513,89
walk_only,621e362467b776a2404ad513,95
walk_only,621e362467b776a2404ad513,108
walk_only,621e362467b776a2404ad513,113
walk_only,621e362467b776a2404ad513,132
walk_only,621e362467b776a2404ad513,137
walk_only,621e362467b776a2404ad513,142
walk_only,621e362467b776a2404ad513,1
walk_only,621e362467b776a2404ad513,6
walk_only,621e362467b776a2404ad513,1
walk_only,621e362467b776a2404ad513,14
walk_only,621e362467b776a2404ad513,2
walk_only,621e362467b776a2404ad513,6
walk_only,621e362467b776a2404ad513,9
walk_only,621e362467b776a2404ad513,16
walk_only,621e362467b776a2404ad513,19
walk_only,621e362467b776a2404ad513,2
walk_only,621e362467b776a2404ad513,17
walk_only,621e362467b776a2404ad513,20
walk_only,621e362467b776a2404ad513,4
walk_only,621e362467b776a2404ad513,17
walk_only,621e362467b776a2404ad513,21
walk_only,621e362467b776a2404ad513,26
walk_only,621e362467b776a2404ad513,40
walk_only,621e362467b776a2404ad513,45
walk_only,621e362467b776a2404ad513,1
walk_only,621e362467b776a2404ad513,15
walk_only,621e362467b776a2404ad513,2
walk_only,621e362467b776a2404ad513,8
walk_only,621e362467b776a2404ad513,23
walk_only,621e362467b776a2404ad513,30
walk_only,621e362467b776a2404ad513,3
walk_only,621e362467b776a2404ad513,16
walk_only,621e362467b776a2404ad513,20
walk_only,621e362467b776a2404ad513,1
walk_only,621e362467b776a2404ad513,2
walk_only,621e362467b776a2404ad513,7
walk_only,621e362467b776a2404ad513,4
walk_only,621e362467b776a2404ad513,17
walk_only,621e362467b776a2404ad513,21
walk_only,621e362467b776a2404ad513,0
walk_only,621e362467b776a2404ad513,13
walk_only,621e362467b776a2404ad513,2
walk_only,621e362467b776a2404ad513,7
walk_only,621e362467b776a2404ad513,1
walk_only,621e362467b776a2404ad513,5
walk_only,621e362467b776a2404ad513,8
walk_only,621e362467b776a2404ad513,22
walk_only,621e362467b776a2404ad513,28
walk_only,621e362467b776a2404ad513,32
walk_only,621e362467b776a2404ad513,1
walk_only,621e362467b776a2404ad513,6
walk_only,621e362467b776a2404ad513,0
walk_only,621e362467b776a2404ad513,4
walk_only,621e362467b776a2404ad513,9
walk_only,621e362467b776a2404ad513,0
walk_only,621e362467b776a2404ad513,16
walk_only,621e362467b776a2404ad513,20
walk_only,621e362467b776a2404ad513,1
walk_only,621e362467b776a2404ad513,1
walk_only,621e362467b776a2404ad513,7
walk_only,621e362467b776a2404ad513,11
walk_only,621e362467b776a2404ad513,25
walk_only,621e362467b776a2404ad513,30
walk_only,621e362467b776a2404ad513,35
walk_only,621e362467b776a2404ad513,2
walk_only,621e362467b776a2404ad513,6
walk_only,621e362467b776a2404ad513,9
walk_only,621e362467b776a2404ad513,24
walk_only,621e362467b776a2404ad513,32
walk_only,621e362467b776a2404ad513,45
walk_only,621e362467b776a2404ad513,50
walk_only,621e362467b776a2404ad513,74
walk_only,621e362467b776a2404ad513,80
walk_only,621e362467b776a2404ad513,94
walk_only,621e362467b776a2404ad513,98
walk_only,621e362467b776a2404ad513,103
walk_only,621e362467b776a2404ad513,119
walk_only,621e362467b776a2404ad513,122
walk_only,621e362467b776a2404ad513,127
walk_only,621e362467b776a2404ad513,143
walk_only,621e362467b776a2404ad513,146
walk_only,621e362467b776a2404ad513,154
walk_only,621e362467b776a2404ad513,0
walk_only,621e362467b776a2404ad513,8
walk_only,621e362467b776a2404ad513,25
walk_only,621e362467b776a2404ad513,31
walk_only,621e362467b776a2404ad513,34
walk_only,621e362467b776a2404ad513,4
walk_only,621e362467b776a2404ad513,7
walk_only,621e362467b776a2404ad513,12
walk_only,621e362467b776a2404ad513,2
walk_only,621e362467b776a2404ad513,8
walk_only,621e362467b776a2404ad513,12
walk_only,621e362467b776a2404ad513,26
walk_only,621e362467b776a2404ad513,33
walk_only,621e362467b776a2404ad513,36
walk_only,621e362467b776a2404ad513,2
walk_only,621e362467b776a2404ad513,6
walk_only,621e362467b776a2404ad513,30
walk_only,621e362467b776a2404ad513,1
walk_only,621e362467b776a2404ad513,8
walk_only,621e362467b776a2404ad513,25
walk_only,621e362467b776a2404ad513,34
walk_only,621e362467b776a2404ad513,47
walk_only,621e362467b776a2404ad513,53
walk_only,621e362467b776a2404ad513,71
walk_only,621e362467b776a2404ad513,76
walk_only,621e362467b776a2404ad513,81
walk_only,621e366567b776a24076a727,3
walk_only,621e366567b776a24076a727,7
walk_only,621e366567b776a24076a727,11
walk_only,621e366567b776a24076a727,25
walk_only,621e366567b776a24076a727,36
walk_only,621e366567b776a24076a727,47
walk_only,621e366567b776a24076a727,52
walk_only,621e366567b776a24076a727,57
walk_only,621e366567b776a24076a727,71
walk_only,621e366567b776a24076a727,76
walk_only,621e366567b776a24076a727,83
walk_only,621e366567b776a24076a727,96
walk_only,621e366567b776a24076a727,100
walk_only,621e366567b776a24076a727,105
walk_only,621e366567b776a24076a727,119
walk_only,621e366567b776a24076a727,125
walk_only,621e366567b776a24076a727,129
walk_only,621e366567b776a24076a727,144
walk_only,621e366567b776a24076a727,4
walk_only,621e366567b776a24076a727,1
walk_only,621e366567b776a24076a727,6
walk_only,621e366567b776a24076a727,21
walk_only,621e366567b776a24076a727,28
walk_only,621e366567b776a24076a727,30
walk_only,621e366567b776a24076a727,43
walk_only,621e366567b776a24076a727,48
walk_only,621e366567b776a24076a727,53
walk_only,621e366567b776a24076a727,67
walk_only,621e366567b776a24076a727,74
walk_only,621e366567b776a24076a727,77
walk_only,621e366567b776a24076a727,91
walk_only,621e366567b776a24076a727,97
walk_only,621e366567b776a24076a727,101
walk_only,621e366567b776a24076a727,115
walk_only,621e366567b776a24076a727,121
walk_only,621e366567b776a24076a727,1
walk_only,621e366567b776a24076a727,15
walk_only,621e366567b776a24076a727,21
walk_only,621e366567b776a24076a727,26
walk_only,621e366567b776a24076a727,41
walk_only,621e366567b776a24076a727,49
walk_only,621e366567b776a24076a727,51
walk_only,621e366567b776a24076a727,68
walk_only,621e366567b776a24076a727,73
walk_only,621e366567b776a24076a727,75
walk_only,621e366567b776a24076a727,94
walk_only,621e366567b776a24076a727,101
walk_only,621e366567b776a24076a727,111
walk_only,621e366567b776a24076a727,119
walk_only,621e366567b776a24076a727,122
walk_only,621e366567b776a24076a727,135
walk_only,621e366567b776a24076a727,141
walk_only,621e366567b776a24076a727,145
walk_only,621e366567b776a24076a727,159
walk_only,621e366567b776a24076a727,164
walk_only,621e366567b776a24076a727,172
walk_only,621e366567b776a24076a727,183
walk_only,621e366567b776a24076a727,188
walk_only,621e366567b776a24076a727,196
walk_only,621e366567b776a24076a727,209
walk_only,621e366567b776a24076a727,215
walk_only,621e366567b776a24076a727,220
walk_only,621e366567b776a24076a727,233
walk_only,621e366567b776a24076a727,240
walk_only,621e366567b776a24076a727,243
walk_only,621e366567b776a24076a727,257
walk_only,621e366567b776a24076a727,267
walk_only,621e366567b776a24076a727,279
walk_only,621e366567b776a24076a727,291
walk_only,621e366567b776a24076a727,307
walk_only,621e366567b776a24076a727,315
walk_only,621e366567b776a24076a727,327
walk_only,621e366567b776a24076a727,0
walk_only,621e366567b776a24076a727,4
walk_only,621e366567b776a24076a727,1
walk_only,621e366567b776a24076a727,6
walk_only,621e366567b776a24076a727,11
walk_only,621e366567b776a24076a727,15
walk_only,621e366567b776a24076a727,23
walk_only,621e366567b776a24076a727,25
walk_only,621e366567b776a24076a727,40
walk_only,621e366567b776a24076a727,6
walk_only,621e366567b776a24076a727,17
walk_only,621e366567b776a24076a727,22
walk_only,621e366567b776a24076a727,30
walk_only,621e366567b776a24076a727,41
walk_only,621e366567b776a24076a727,53
walk_only,621e366567b776a24076a727,67
walk_only,621e366567b776a24076a727,71
walk_only,621e366567b776a24076a727,75
walk_only,621e366567b776a24076a727,15
walk_only,621e366567b776a24076a727,19
walk_only,621e366567b776a24076a727,26
walk_only,621e366567b776a24076a727,37
walk_only,621e366567b776a24076a727,42
walk_only,621e366567b776a24076a727,48
walk_only,621e366567b776a24076a727,65
walk_only,621e366567b776a24076a727,71
walk_only,621e366567b776a24076a727,2
walk_only,621e366567b776a24076a727,17
walk_only,621e366567b776a24076a727,22
walk_only,621e366567b776a24076a727,26
walk_only,621e366567b776a24076a727,38
walk_only,621e366567b776a24076a727,43
walk_only,621e366567b776a24076a727,49
walk_only,621e366567b776a24076a727,64
walk_only,621e366567b776a24076a727,70
walk_only,621e366567b776a24076a727,98
walk_only,621e366567b776a24076a727,113
walk_only,621e366567b776a24076a727,114
walk_only,621e366567b776a24076a727,119
walk_only,621e366567b776a24076a727,134
walk_only,621e366567b776a24076a727,141
walk_only,621e366567b776a24076a727,143
walk_only,621e366567b776a24076a727,8
walk_only,621e366567b776a24076a727,0
walk_only,621e366567b776a24076a727,12
walk_only,621e366567b776a24076a727,17
walk_only,621e366567b776a24076a727,22
walk_only,621e366567b776a24076a727,36
walk_only,621e366567b776a24076a727,43
walk_only,621e366567b776a24076a727,46
walk_only,621e366567b776a24076a727,60
walk_only,621e366567b776a24076a727,65
walk_only,621e366567b776a24076a727,71
walk_only,621e366567b776a24076a727,86
walk_only,621e366567b776a24076a727,4
walk_only,621e366567b776a24076a727,21
walk_only,621e366567b776a24076a727,26
walk_only,621e366567b776a24076a727,33
walk_only,621e366567b776a24076a727,48
walk_only,621e366567b776a24076a727,55
walk_only,621e366567b776a24076a727,71
walk_only,621e366567b776a24076a727,77
walk_only,621e366567b776a24076a727,80
walk_only,621e366567b776a24076a727,94
walk_only,621e366567b776a24076a727,98
walk_only,621e366567b776a24076a727,104
walk_only,621e366567b776a24076a727,118
walk_only,621e366567b776a24076a727,122
walk_only,621e366567b776a24076a727,129
walk_only,621e366567b776a24076a727,148
walk_only,621e366567b776a24076a727,167
walk_only,621e366567b776a24076a727,170
walk_only,621e366567b776a24076a727,176
walk_only,621e366567b776a24076a727,189
walk_only,621e366567b776a24076a727,194
walk_only,621e366567b776a24076a727,199
walk_only,621e366567b776a24076a727,216
walk_only,621e366567b776a24076a727,221
walk_only,621e366567b776a24076a727,226
walk_only,621e366567b776a24076a727,245
walk_only,621e366567b776a24076a727,249
walk_only,621e367e67b776a24087d75d,517
walk_only,621e367e67b776a24087d75d,535
walk_only,621e367e67b776a24087d75d,541
walk_only,621e367e67b776a24087d75d,578
walk_only,621e367e67b776a24087d75d,603
walk_only,621e367e67b776a24087d75d,608
walk_only,621e36bb67b776a240b40d64,16
walk_only,621e36bb67b776a240b40d64,38
walk_only,621e36bb67b776a240b40d64,63
walk_only,621e36bb67b776a240b40d64,95
walk_only,621e36bb67b776a240b40d64,96
walk_only,621e36bb67b776a240b40d64,111
walk_only,621e36bb67b776a240b40d64,142
walk_only,621e36bb67b776a240b40d64,145
walk_only,621e36bb67b776a240b40d64,167
walk_only,621e36bb67b776a240b40d64,190
walk_only,621e36bb67b776a240b40d64,207
walk_only,621e36bb67b776a240b40d64,218
walk_only,621e36bb67b776a240b40d64,231
walk_only,621e36bb67b776a240b40d64,259
walk_only,621e36bb67b776a240b40d64,0
walk_only,621e36bb67b776a240b40d64,1
walk_only,621e36bb67b776a240b40d64,0
walk_only,621e36bb67b776a240b40d64,41
walk_only,621e36bb67b776a240b40d64,10
walk_only,621e36bb67b776a240b40d64,36
walk_only,621e36bb67b776a240b40d64,35
walk_only,621e36bb67b776a240b40d64,61
walk_only,621e36bb67b776a240b40d64,10
walk_only,621e36bb67b776a240b40d64,2
walk_only,621e36bb67b776a240b40d64,6
walk_only,621e36bb67b776a240b40d64,18
walk_only,621e36bb67b776a240b40d64,14
walk_only,621e36c267b776a240ba2756,2
walk_only,621e36c267b776a240ba2756,4
walk_only,621e36c267b776a240ba2756,1
walk_only,621e36c267b776a240ba2756,19
walk_only,621e36c267b776a240ba2756,14
walk_only,621e36c267b776a240ba2756,37
walk_only,621e36c267b776a240ba2756,61
walk_only,621e36c267b776a240ba2756,3
walk_only,621e36c267b776a240ba2756,12
walk_only,621e36c267b776a240ba2756,0
walk_only,621e36c267b776a240ba2756,20
walk_only,621e36c267b776a240ba2756,17
walk_only,621e36c267b776a240ba2756,21
walk_only,621e36c267b776a240ba2756,14
walk_only,621e36c267b776a240ba2756,1
walk_only,621e36c267b776a240ba2756,91
walk_only,621e36c267b776a240ba2756,2
walk_only,621e36c267b776a240ba2756,8
walk_only,621e36c267b776a240ba2756,3
walk_only,621e36c267b776a240ba2756,17
walk_only,621e36c267b776a240ba2756,17
walk_only,621e36dd67b776a240ce9a45,16
walk_only,621e36dd67b776a240ce9a45,41
walk_only,621e36dd67b776a240ce9a45,64
walk_only,621e36dd67b776a240ce9a45,1
walk_only,621e36dd67b776a240ce9a45,22
walk_only,621e36dd67b776a240ce9a45,7
walk_only,621e36dd67b776a240ce9a45,23
walk_only,621e36dd67b776a240ce9a45,46
walk_only,621e36dd67b776a240ce9a45,72
walk_only,621e36dd67b776a240ce9a45,95
walk_only,621e36dd67b776a240ce9a45,122
walk_only,621e36dd67b776a240ce9a45,19
walk_only,621e36dd67b776a240ce9a45,40
walk_only,621e36dd67b776a240ce9a45,63
walk_only,621e36dd67b776a240ce9a45,91
walk_only,621e36dd67b776a240ce9a45,111
walk_only,621e36dd67b776a240ce9a45,142
walk_only,621e36dd67b776a240ce9a45,3
walk_only,621e36dd67b776a240ce9a45,23
walk_only,621e36dd67b776a240ce9a45,2
walk_only,621e36dd67b776a240ce9a45,50
walk_only,621e36dd67b776a240ce9a45,72
walk_only,621e36dd67b776a240ce9a45,67
walk_only,621e36dd67b776a240ce9a45,90
walk_only,621e36f967b776a240e5e7c9,1
walk_only,621e36f967b776a240e5e7c9,16
walk_only,621e36f967b776a240e5e7c9,19
walk_only,621e36f967b776a240e5e7c9,2
walk_only,621e36f967b776a240e5e7c9,17
walk_only,621e36f967b776a240e5e7c9,23
walk_only,621e36f967b776a240e5e7c9,27
walk_only,621e36f967b776a240e5e7c9,40
walk_only,621e36f967b776a240e5e7c9,45
walk_only,621e36f967b776a240e5e7c9,3
walk_only,621e36f967b776a240e5e7c9,18
walk_only,621e36f967b776a240e5e7c9,23
walk_only,621e36f967b776a240e5e7c9,1
walk_only,621e36f967b776a240e5e7c9,16
walk_only,621e36f967b776a240e5e7c9,9
walk_only,621e36f967b776a240e5e7c9,24
walk_only,621e36f967b776a240e5e7c9,3
walk_only,621e36f967b776a240e5e7c9,5
walk_only,621e36f967b776a240e5e7c9,18
walk_only,621e36f967b776a240e5e7c9,23
walk_only,621e36f967b776a240e5e7c9,2
walk_only,621e36f967b776a240e5e7c9,16
walk_only,621e36f967b776a240e5e7c9,21
walk_only,621e36f967b776a240e5e7c9,3
walk_only,621e36f967b776a240e5e7c9,1
walk_only,621e36f967b776a240e5e7c9,0
walk_only,621e36f967b776a240e5e7c9,20
walk_only,621e36f967b776a240e5e7c9,15
walk_only,621e36f967b776a240e5e7c9,0
walk_only,621e36f967b776a240e5e7c9,2
walk_only,621e36f967b776a240e5e7c9,5
walk_only,621e36f967b776a240e5e7c9,9
walk_only,621e36f967b776a240e5e7c9,12
walk_only,621e36f967b776a240e5e7c9,27
walk_only,621e36f967b776a240e5e7c9,5
walk_only,621e36f967b776a240e5e7c9,17
walk_only,621e36f967b776a240e5e7c9,27
walk_only,621e36f967b776a240e5e7c9,41
walk_only,621e36f967b776a240e5e7c9,0
walk_only,621e36f967b776a240e5e7c9,2
walk_only,621e36f967b776a240e5e7c9,17
walk_only,621e36f967b776a240e5e7c9,25
walk_only,621e36f967b776a240e5e7c9,28
walk_only,621e36f967b776a240e5e7c9,41
walk_only,621e36f967b776a240e5e7c9,47
walk_only,621e36f967b776a240e5e7c9,2
walk_only,621e36f967b776a240e5e7c9,16
walk_only,621e36f967b776a240e5e7c9,20
walk_only,621e36f967b776a240e5e7c9,1
walk_only,621e36f967b776a240e5e7c9,16
walk_only,621e36f967b776a240e5e7c9,3
walk_only,621e36f967b776a240e5e7c9,8
walk_only,621e36f967b776a240e5e7c9,22
walk_only,621e36f967b776a240e5e7c9,28
walk_only,621e36f967b776a240e5e7c9,31
walk_only,621e36f967b776a240e5e7c9,44
walk_only,621e36f967b776a240e5e7c9,6
walk_only,621e36f967b776a240e5e7c9,19
walk_only,621e36f967b776a240e5e7c9,26
walk_only,621e36f967b776a240e5e7c9,29
walk_only,621e36f967b776a240e5e7c9,4
walk_only,621e36f967b776a240e5e7c9,8
walk_only,621e36f967b776a240e5e7c9,27
walk_only,621e36f967b776a240e5e7c9,32
walk_only,621e36f967b776a240e5e7c9,3
walk_only,621e36f967b776a240e5e7c9,21
walk_only,621e36f967b776a240e5e7c9,24
walk_only,621e36f967b776a240e5e7c9,2
walk_only,621e36f967b776a240e5e7c9,0
walk_only,621e36f967b776a240e5e7c9,5
walk_only,621e36f967b776a240e5e7c9,10
walk_only,621e36f967b776a240e5e7c9,23
walk_only,621e36f967b776a240e5e7c9,32
walk_only,621e36f967b776a240e5e7c9,46
walk_only,621e36f967b776a240e5e7c9,4
walk_only,621e36f967b776a240e5e7c9,8
walk_only,621e36f967b776a240e5e7c9,3
walk_only,621e36f967b776a240e5e7c9,6
walk_only,621e36f967b776a240e5e7c9,1
walk_only,621e36f967b776a240e5e7c9,9
walk_only,621e36f967b776a240e5e7c9,11
walk_only,621e36f967b776a240e5e7c9,25
walk_only,621e36f967b776a240e5e7c9,0
walk_only,621e36f967b776a240e5e7c9,4
walk_only,621e36f967b776a240e5e7c9,21
walk_only,621e36f967b776a240e5e7c9,31
walk_only,621e36f967b776a240e5e7c9,44
walk_only,621e36f967b776a240e5e7c9,54
walk_only,621e36f967b776a240e5e7c9,67
walk_only,621e36f967b776a240e5e7c9,71
walk_only,621e36f967b776a240e5e7c9,91
walk_only,621e36f967b776a240e5e7c9,97
walk_only,621e36f967b776a240e5e7c9,24
walk_only,621e36f967b776a240e5e7c9,26
walk_only,621e36f967b776a240e5e7c9,46
walk_only,621e36f967b776a240e5e7c9,52
walk_only,621e36f967b776a240e5e7c9,64
walk_only,621e36f967b776a240e5e7c9,69
walk_only,621e36f967b776a240e5e7c9,6
walk_only,621e36f967b776a240e5e7c9,21
walk_only,621e36f967b776a240e5e7c9,2
walk_only,621e36f967b776a240e5e7c9,6
walk_only,621e36f967b776a240e5e7c9,23
walk_only,621e36f967b776a240e5e7c9,26
walk_only,621e36f967b776a240e5e7c9,30
walk_only,621e36f967b776a240e5e7c9,43
walk_only,621e36f967b776a240e5e7c9,48
walk_only,621e36f967b776a240e5e7c9,52
walk_only,621e36f967b776a240e5e7c9,67
walk_only,621e36f967b776a240e5e7c9,7
walk_only,621e36f967b776a240e5e7c9,20
walk_only,621e36f967b776a240e5e7c9,27
walk_only,621e36f967b776a240e5e7c9,30
walk_only,621e36f967b776a240e5e7c9,47
walk_only,621e36f967b776a240e5e7c9,50
walk_only,621e36f967b776a240e5e7c9,23
walk_only,621e36f967b776a240e5e7c9,27
walk_only,621e36f967b776a240e5e7c9,0
walk_only,621e36f967b776a240e5e7c9,6
walk_only,621e36f967b776a240e5e7c9,1
walk_only,621e36f967b776a240e5e7c9,15
walk_only,621e36f967b776a240e5e7c9,2
walk_only,621e36f967b776a240e5e7c9,4
walk_only,621e36f967b776a240e5e7c9,19
walk_only,621e36f967b776a240e5e7c9,26
walk_only,621e36f967b776a240e5e7c9,42
walk_only,621e36f967b776a240e5e7c9,46
walk_only,621e36f967b776a240e5e7c9,51
walk_only,621e36f967b776a240e5e7c9,66
walk_only,621e36f967b776a240e5e7c9,76
walk_only,621e36f967b776a240e5e7c9,89
walk_only,621e36f967b776a240e5e7c9,99
walk_only,621e36f967b776a240e5e7c9,113
walk_only,621e36f967b776a240e5e7c9,0
walk_only,621e36f967b776a240e5e7c9,1
walk_only,621e36f967b776a240e5e7c9,2
walk_only,621e36f967b776a240e5e7c9,15
walk_only,621e36f967b776a240e5e7c9,1
walk_only,621e36f967b776a240e5e7c9,1
walk_only,621e36f967b776a240e5e7c9,16
walk_only,621e36f967b776a240e5e7c9,2
walk_only,621e36f967b776a240e5e7c9,7
walk_only,621e36f967b776a240e5e7c9,20
walk_only,621e36f967b776a240e5e7c9,27
walk_only,621e36f967b776a240e5e7c9,30
walk_only,621e36f967b776a240e5e7c9,52
walk_only,621e36f967b776a240e5e7c9,68
walk_only,621e36f967b776a240e5e7c9,74
walk_only,621e36f967b776a240e5e7c9,80
walk_only,621e36f967b776a240e5e7c9,94
walk_only,621e36f967b776a240e5e7c9,105
walk_only,621e36f967b776a240e5e7c9,0
walk_only,621e36f967b776a240e5e7c9,22
walk_only,621e375367b776a24021e950,41
walk_only,621e375367b776a24021e950,66
walk_only,621e375367b776a24021e950,71
walk_only,621e375b67b776a240290cdc,21
walk_only,621e375b67b776a240290cdc,15
walk_only,621e375b67b776a240290cdc,14
walk_only,621e375b67b776a240290cdc,15
walk_only,621e375b67b776a240290cdc,20
walk_only,621e375b67b776a240290cdc,2
walk_only,621e375b67b776a240290cdc,16
walk_only,621e375b67b776a240290cdc,17
walk_only,621e375b67b776a240290cdc,3
walk_only,621e375b67b776a240290cdc,18
mindfulness,621e2f1b67b776a240b3d87c,362
mindfulness,621e2f1b67b776a240b3d87c,367
mindfulness,621e2f1b67b776a240b3d87c,372
mindfulness,621e2f1b67b776a240b3d87c,385
mindfulness,621e2f1b67b776a240b3d87c,391
mindfulness,621e2f1b67b776a240b3d87c,395
mindfulness,621e2f1b67b776a240b3d87c,439
mindfulness,621e2f1b67b776a240b3d87c,445
mindfulness,621e2f1b67b776a240b3d87c,459
mindfulness,621e2f1b67b776a240b3d87c,463
mindfulness,621e2f1b67b776a240b3d87c,491
mindfulness,621e2f1b67b776a240b3d87c,493
mindfulness,621e2f1b67b776a240b3d87c,518
mindfulness,621e2f1b67b776a240b3d87c,553
mindfulness,621e2f1b67b776a240b3d87c,563
mindfulness,621e2f1b67b776a240b3d87c,577
mindfulness,621e2f1b67b776a240b3d87c,586
mindfulness,621e2f1b67b776a240b3d87c,588
mindfulness,621e2f1b67b776a240b3d87c,603
mindfulness,621e2f1b67b776a240b3d87c,606
mindfulness,621e2f1b67b776a240b3d87c,1
mindfulness,621e2f1b67b776a240b3d87c,24
mindfulness,621e2f1b67b776a240b3d87c,47
mindfulness,621e2f1b67b776a240b3d87c,67
mindfulness,621e2f1b67b776a240b3d87c,70
mindfulness,621e2f1b67b776a240b3d87c,96
mindfulness,621e2f1b67b776a240b3d87c,112
mindfulness,621e2f1b67b776a240b3d87c,120
mindfulness,621e2f1b67b776a240b3d87c,137
mindfulness,621e2f1b67b776a240b3d87c,142
mindfulness,621e2f1b67b776a240b3d87c,159
mindfulness,621e2f1b67b776a240b3d87c,165
mindfulness,621e2f1b67b776a240b3d87c,168
mindfulness,621e2f1b67b776a240b3d87c,184
mindfulness,621e2f1b67b776a240b3d87c,187
mindfulness,621e2f1b67b776a240b3d87c,212
mindfulness,621e2f1b67b776a240b3d87c,0
mindfulness,621e2f1b67b776a240b3d87c,20
mindfulness,621e2f1b67b776a240b3d87c,72
mindfulness,621e2f1b67b776a240b3d87c,93
mindfulness,621e2f1b67b776a240b3d87c,3
mindfulness,621e2f1b67b776a240b3d87c,0
mindfulness,621e2f1b67b776a240b3d87c,26
mindfulness,621e2f1b67b776a240b3d87c,53
mindfulness,621e2f1b67b776a240b3d87c,76
mindfulness,621e2f1b67b776a240b3d87c,93
mindfulness,621e2f1b67b776a240b3d87c,122
mindfulness,621e2f1b67b776a240b3d87c,144
mindfulness,621e2f1b67b776a240b3d87c,173
mindfulness,621e2f1b67b776a240b3d87c,193
mindfulness,621e2f1b67b776a240b3d87c,199
mindfulness,621e2f1b67b776a240b3d87c,238
mindfulness,621e2f1b67b776a240b3d87c,262
mindfulness,621e2f1b67b776a240b3d87c,287
mindfulness,621e2f1b67b776a240b3d87c,337
mindfulness,621e2f1b67b776a240b3d87c,74
mindfulness,621e2f1b67b776a240b3d87c,79
mindfulness,621e2f1b67b776a240b3d87c,98
mindfulness,621e2f1b67b776a240b3d87c,104
mindfulness,621e2f1b67b776a240b3d87c,21
mindfulness,621e2f1b67b776a240b3d87c,43
mindfulness,621e2f1b67b776a240b3d87c,53
mindfulness,621e2f1b67b776a240b3d87c,70
mindfulness,621e2f1b67b776a240b3d87c,119
mindfulness,621e2f1b67b776a240b3d87c,149
mindfulness,621e2f1b67b776a240b3d87c,167
mindfulness,621e2f1b67b776a240b3d87c,175
mindfulness,621e2f1b67b776a240b3d87c,216
mindfulness,621e2f1b67b776a240b3d87c,241
mindfulness,621e2f1b67b776a240b3d87c,259
mindfulness,621e2f9167b776a240011ccb,189
mindfulness,621e2f9167b776a240011ccb,204
mindfulness,621e2f9167b776a240011ccb,208
mindfulness,621e2f9167b776a240011ccb,213
mindfulness,621e2f9167b776a240011ccb,232
mindfulness,621e2f9167b776a240011ccb,237
mindfulness,621e2f9167b776a240011ccb,251
mindfulness,621e2f9167b776a240011ccb,256
mindfulness,621e2f9167b776a240011ccb,261
mindfulness,621e2f9167b776a240011ccb,275
mindfulness,621e2f9167b776a240011ccb,280
mindfulness,621e2f9167b776a240011ccb,286
mindfulness,621e2f9167b776a240011ccb,302
mindfulness,621e2f9167b776a240011ccb,307
mindfulness,621e2f9167b776a240011ccb,311
mindfulness,621e2f9167b776a240011ccb,325
mindfulness,621e2f9167b776a240011ccb,1
mindfulness,621e2f9167b776a240011ccb,3
mindfulness,621e2f9167b776a240011ccb,4
mindfulness,621e2f9167b776a240011ccb,9
mindfulness,621e2f9167b776a240011ccb,14
mindfulness,621e2f9167b776a240011ccb,28
mindfulness,621e2f9167b776a240011ccb,34
mindfulness,621e2f9167b776a240011ccb,3
mindfulness,621e2f9167b776a240011ccb,12
mindfulness,621e2f9167b776a240011ccb,18
mindfulness,621e2f9167b776a240011ccb,21
mindfulness,621e2f9167b776a240011ccb,36
mindfulness,621e2f9167b776a240011ccb,41
mindfulness,621e2f9167b776a240011ccb,2
mindfulness,621e2f9167b776a240011ccb,16
mindfulness,621e2f9167b776a240011ccb,21
mindfulness,621e2f9167b776a240011ccb,26
mindfulness,621e2f9167b776a240011ccb,42
mindfulness,621e2f9167b776a240011ccb,15
mindfulness,621e2f9167b776a240011ccb,21
mindfulness,621e2f9167b776a240011ccb,37
mindfulness,621e2f9167b776a240011ccb,43
mindfulness,621e2f9167b776a240011ccb,46
mindfulness,621e2f9167b776a240011ccb,60
mindfulness,621e2f9167b776a240011ccb,65
mindfulness,621e2f9167b776a240011ccb,72
mindfulness,621e2f9167b776a240011ccb,87
mindfulness,621e2f9167b776a240011ccb,90
mindfulness,621e2f9167b776a240011ccb,94
mindfulness,621e2f9167b776a240011ccb,109
mindfulness,621e2f9167b776a240011ccb,114
mindfulness,621e2f9167b776a240011ccb,132
mindfulness,621e2f9167b776a240011ccb,137
mindfulness,621e2f9167b776a240011ccb,142
mindfulness,621e2f9167b776a240011ccb,158
mindfulness,621e2f9167b776a240011ccb,164
mindfulness,621e2f9167b776a240011ccb,168
mindfulness,621e2f9167b776a240011ccb,14
mindfulness,621e2f9167b776a240011ccb,19
mindfulness,621e2f9167b776a240011ccb,23
mindfulness,621e2f9167b776a240011ccb,35
mindfulness,621e2f9167b776a240011ccb,40
mindfulness,621e2f9167b776a240011ccb,47
mindfulness,621e2f9167b776a240011ccb,60
mindfulness,621e2f9167b776a240011ccb,66
mindfulness,621e2f9167b776a240011ccb,70
mindfulness,621e2f9167b776a240011ccb,84
mindfulness,621e2f9167b776a240011ccb,89
mindfulness,621e2f9167b776a240011ccb,93
mindfulness,621e2f9167b776a240011ccb,112
mindfulness,621e2f9167b776a240011ccb,117
mindfulness,621e2f9167b776a240011ccb,132
mindfulness,621e2f9167b776a240011ccb,137
mindfulness,621e2f9167b776a240011ccb,142
mindfulness,621e2f9167b776a240011ccb,158
mindfulness,621e2f9167b776a240011ccb,163
mindfulness,621e2f9167b776a240011ccb,167
mindfulness,621e2f9167b776a240011ccb,182
mindfulness,621e2f9167b776a240011ccb,191
mindfulness,621e2f9167b776a240011ccb,203
mindfulness,621e2f9167b776a240011ccb,209
mindfulness,621e2f9167b776a240011ccb,213
mindfulness,621e2f9167b776a240011ccb,228
mindfulness,621e2f9167b776a240011ccb,232
mindfulness,621e2f9167b776a240011ccb,237
mindfulness,621e2f9167b776a240011ccb,257
mindfulness,621e2f9167b776a240011ccb,261
mindfulness,621e2f9167b776a240011ccb,276
mindfulness,621e2f9167b776a240011ccb,283
mindfulness,621e2f9167b776a240011ccb,288
mindfulness,621e2f9167b776a240011ccb,10
mindfulness,621e2f9167b776a240011ccb,15
mindfulness,621e2f9167b776a240011ccb,20
mindfulness,621e2f9167b776a240011ccb,37
mindfulness,621e2f9167b776a240011ccb,42
mindfulness,621e2f9167b776a240011ccb,62
mindfulness,621e2f9167b776a240011ccb,66
mindfulness,621e2f9167b776a240011ccb,0
mindfulness,621e2f9167b776a240011ccb,17
mindfulness,621e2f9167b776a240011ccb,22
mindfulness,621e2f9167b776a240011ccb,38
mindfulness,621e2f9167b776a240011ccb,43
mindfulness,621e2f9167b776a240011ccb,47
mindfulness,621e2f9167b776a240011ccb,64
mindfulness,621e2f9167b776a240011ccb,67
mindfulness,621e2f9167b776a240011ccb,0
mindfulness,621e2f9167b776a240011ccb,12
mindfulness,621e2f9167b776a240011ccb,17
mindfulness,621e2f9167b776a240011ccb,22
mindfulness,621e2f9167b776a240011ccb,12
mindfulness,621e2f9167b776a240011ccb,17
mindfulness,621e2f9167b776a240011ccb,4
mindfulness,621e2f9167b776a240011ccb,19
mindfulness,621e2f9167b776a240011ccb,27
mindfulness,621e2f9167b776a240011ccb,29
mindfulness,621e2f9167b776a240011ccb,65
mindfulness,621e2f9167b776a240011ccb,72
mindfulness,621e2f9167b776a240011ccb,75
mindfulness,621e2f9167b776a240011ccb,94
mindfulness,621e2f9167b776a240011ccb,102
mindfulness,621e2f9167b776a240011ccb,113
mindfulness,621e2f9167b776a240011ccb,120
mindfulness,621e2f9167b776a240011ccb,124
mindfulness,621e2f9167b776a240011ccb,137
mindfulness,621e2f9167b776a240011ccb,143
mindfulness,621e2f9167b776a240011ccb,149
mindfulness,621e2f9167b776a240011ccb,161
mindfulness,621e2f9167b776a240011ccb,166
mindfulness,621e2f9167b776a240011ccb,172
mindfulness,621e2f9167b776a240011ccb,187
mindfulness,621e2f9167b776a240011ccb,194
mindfulness,621e2f9167b776a240011ccb,198
mindfulness,621e2f9167b776a240011ccb,211
mindfulness,621e2f9167b776a240011ccb,221
mindfulness,621e2f9167b776a240011ccb,234
mindfulness,621e2f9167b776a240011ccb,245
mindfulness,621e2f9167b776a240011ccb,259
mindfulness,621e2f9167b776a240011ccb,262
mindfulness,621e2f9167b776a240011ccb,0
mindfulness,621e2f9167b776a240011ccb,14
mindfulness,621e2f9167b776a240011ccb,18
mindfulness,621e2f9167b776a240011ccb,24
mindfulness,621e2f9167b776a240011ccb,37
mindfulness,621e2f9167b776a240011ccb,44
mindfulness,621e2f9167b776a240011ccb,47
mindfulness,621e2f9167b776a240011ccb,64
mindfulness,621e2f9167b776a240011ccb,66
mindfulness,621e2f9167b776a240011ccb,74
mindfulness,621e2f9167b776a240011ccb,88
mindfulness,621e2f9167b776a240011ccb,93
mindfulness,621e2f9167b776a240011ccb,1
mindfulness,621e2f9167b776a240011ccb,19
mindfulness,621e2f9167b776a240011ccb,23
mindfulness,621e2f9167b776a240011ccb,25
mindfulness,621e2f9167b776a240011ccb,16
mindfulness,621e2f9167b776a240011ccb,23
mindfulness,621e2f9167b776a240011ccb,16
mindfulness,621e2f9167b776a240011ccb,0
mindfulness,621e2f9167b776a240011ccb,13
mindfulness,621e2f9167b776a240011ccb,22
mindfulness,621e2f9167b776a240011ccb,36
mindfulness,621e2f9167b776a240011ccb,41
mindfulness,621e2f9167b776a240011ccb,45
mindfulness,621e2f9167b776a240011ccb,13
mindfulness,621e2f9167b776a240011ccb,19
mindfulness,621e2f9167b776a240011ccb,23
mindfulness,621e2f9167b776a240011ccb,17
mindfulness,621e2f9167b776a240011ccb,22
mindfulness,621e2f9167b776a240011ccb,13
mindfulness,621e2f9167b776a240011ccb,19
mindfulness,621e2f9167b776a240011ccb,36
mindfulness,621e2fb367b776a24015accd,18
mindfulness,621e2fb367b776a24015accd,20
mindfulness,621e2fb367b776a24015accd,40
mindfulness,621e2fb367b776a24015accd,44
mindfulness,621e2fb367b776a24015accd,50
mindfulness,621e2fb367b776a24015accd,63
mindfulness,621e2fb367b776a24015accd,69
mindfulness,621e2fb367b776a24015accd,73
mindfulness,621e2fb367b776a24015accd,87
mindfulness,621e2fb367b776a24015accd,92
mindfulness,621e2fb367b776a24015accd,97
mindfulness,621e2fb367b776a24015accd,112
mindfulness,621e2fb367b776a24015accd,118
mindfulness,621e2fb367b776a24015accd,122
mindfulness,621e2fb367b776a24015accd,137
mindfulness,621e2fb367b776a24015accd,143
mindfulness,621e2fb367b776a24015accd,146
mindfulness,621e2fb367b776a24015accd,163
mindfulness,621e2fb367b776a24015accd,167
mindfulness,621e2fb367b776a24015accd,171
mindfulness,621e2fb367b776a24015accd,183
mindfulness,621e2fb367b776a24015accd,188
mindfulness,621e2fb367b776a24015accd,193
mindfulness,621e2fb367b776a24015accd,207
mindfulness,621e2fb367b776a24015accd,212
mindfulness,621e2fb367b776a24015accd,217
mindfulness,621e2fb367b776a24015accd,233
mindfulness,621e2fb367b776a24015accd,236
mindfulness,621e2fb367b776a24015accd,241
mindfulness,621e2fb367b776a24015accd,256
mindfulness,621e2fb367b776a24015accd,260
mindfulness,621e2fb367b776a24015accd,265
mindfulness,621e2fb367b776a24015accd,281
mindfulness,621e2fb367b776a24015accd,284
mindfulness,621e2fb367b776a24015accd,289
mindfulness,621e2fb367b776a24015accd,305
mindfulness,621e2fb367b776a24015accd,312
mindfulness,621e2fb367b776a24015accd,316
mindfulness,621e2fb367b776a24015accd,330
mindfulness,621e2fb367b776a24015accd,335
mindfulness,621e2fb367b776a24015accd,340
mindfulness,621e2fb367b776a24015accd,351
mindfulness,621e2fb367b776a24015accd,358
mindfulness,621e2fb367b776a24015accd,361
mindfulness,621e2fb367b776a24015accd,375
mindfulness,621e2fb367b776a24015accd,380
mindfulness,621e2fb367b776a24015accd,385
mindfulness,621e2fb367b776a24015accd,399
mindfulness,621e2fb367b776a24015accd,404
mindfulness,621e2fb367b776a24015accd,409
mindfulness,621e2fb367b776a24015accd,423
mindfulness,621e2fb367b776a24015accd,428
mindfulness,621e2fb367b776a24015accd,433
mindfulness,621e2fb367b776a24015accd,448
mindfulness,621e2fb367b776a24015accd,452
mindfulness,621e2fb367b776a24015accd,457
mindfulness,621e2fb367b776a24015accd,480
mindfulness,621e2fb367b776a24015accd,520
mindfulness,621e2fb367b776a24015accd,532
mindfulness,621e2fb367b776a24015accd,545
mindfulness,621e2fb367b776a24015accd,550
mindfulness,621e2fb367b776a24015accd,553
mindfulness,621e2fb367b776a24015accd,568
mindfulness,621e2fb367b776a24015accd,575
mindfulness,621e2fb367b776a24015accd,594
mindfulness,621e2fb367b776a24015accd,597
mindfulness,621e2fb367b776a24015accd,615
mindfulness,621e2fb367b776a24015accd,620
mindfulness,621e2fb367b776a24015accd,625
mindfulness,621e2fb367b776a24015accd,641
mindfulness,621e2fb367b776a24015accd,651
mindfulness,621e2fb367b776a24015accd,665
mindfulness,621e2fb367b776a24015accd,672
mindfulness,621e2fb367b776a24015accd,690
mindfulness,621e2fb367b776a24015accd,714
mindfulness,621e2fb367b776a24015accd,718
mindfulness,621e2fb367b776a24015accd,721
mindfulness,621e2fb367b776a24015accd,735
mindfulness,621e2fb367b776a24015accd,740
mindfulness,621e2fb367b776a24015accd,760
mindfulness,621e2fb367b776a24015accd,764
mindfulness,621e2fb367b776a24015accd,769
mindfulness,621e2fb367b776a24015accd,783
mindfulness,621e2fb367b776a24015accd,788
mindfulness,621e2fb367b776a24015accd,794
mindfulness,621e2fb367b776a24015accd,809
mindfulness,621e2fb367b776a24015accd,815
mindfulness,621e2fb367b776a24015accd,819
mindfulness,621e2fb367b776a24015accd,833
mindfulness,621e2fb367b776a24015accd,842
mindfulness,621e2fb367b776a24015accd,855
mindfulness,621e2fb367b776a24015accd,860
mindfulness,621e2fb367b776a24015accd,866
mindfulness,621e2fb367b776a24015accd,879
mindfulness,621e2fb367b776a24015accd,884
mindfulness,621e2fb367b776a24015accd,889
mindfulness,621e2fb367b776a24015accd,903
mindfulness,621e2fb367b776a24015accd,909
mindfulness,621e2fb367b776a24015accd,913
mindfulness,621e2fb367b776a24015accd,927
mindfulness,621e2fb367b776a24015accd,932
mindfulness,621e2fb367b776a24015accd,937
mindfulness,621e2fb367b776a24015accd,952
mindfulness,621e2fb367b776a24015accd,956
mindfulness,621e2fb367b776a24015accd,962
mindfulness,621e2fb367b776a24015accd,979
mindfulness,621e2fb367b776a24015accd,984
mindfulness,621e2fb367b776a24015accd,987
mindfulness,621e2fb367b776a24015accd,1002
mindfulness,621e2fb367b776a24015accd,1009
mindfulness,621e2fb367b776a24015accd,1011
mindfulness,621e2fb367b776a24015accd,1024
mindfulness,621e2fb367b776a24015accd,1028
mindfulness,621e2fb367b776a24015accd,1033
mindfulness,621e2fb367b776a24015accd,1048
mindfulness,621e2fb367b776a24015accd,1052
mindfulness,621e2fb367b776a24015accd,1058
mindfulness,621e2fb367b776a24015accd,1071
mindfulness,621e2fb367b776a24015accd,1076
mindfulness,621e2fb367b776a24015accd,1082
mindfulness,621e2fb367b776a24015accd,1095
mindfulness,621e2fb367b776a24015accd,1101
mindfulness,621e2fb367b776a24015accd,1105
mindfulness,621e2fb367b776a24015accd,1119
mindfulness,621e2fb367b776a24015accd,1124
mindfulness,621e2fb367b776a24015accd,1148
mindfulness,621e2fb367b776a24015accd,1171
mindfulness,621e2fb367b776a24015accd,1191
mindfulness,621e2fb367b776a24015accd,1198
mindfulness,621e2fb367b776a24015accd,1216
mindfulness,621e2fb367b776a24015accd,1224
mindfulness,621e2fb367b776a24015accd,1240
mindfulness,621e2fb367b776a24015accd,1244
mindfulness,621e2fb367b776a24015accd,1249
mindfulness,621e2fb367b776a24015accd,1263
mindfulness,621e2fb367b776a24015accd,1268
mindfulness,621e2fb367b776a24015accd,1273
mindfulness,621e2fb367b776a24015accd,1293
mindfulness,621e2fb367b776a24015accd,1315
mindfulness,621e2fb367b776a24015accd,1338
mindfulness,621e2fb367b776a24015accd,1361
mindfulness,621e301367b776a24057738e,48
mindfulness,621e309267b776a240ae1cdb,166
mindfulness,621e309267b776a240ae1cdb,573
mindfulness,621e309267b776a240ae1cdb,858
mindfulness,621e309267b776a240ae1cdb,861
mindfulness,621e309267b776a240ae1cdb,1341
mindfulness,621e309267b776a240ae1cdb,1378
mindfulness,621e309267b776a240ae1cdb,1390
mindfulness,621e309267b776a240ae1cdb,1405
mindfulness,621e309267b776a240ae1cdb,0
mindfulness,621e30e467b776a240e817c7,0
mindfulness,621e30e467b776a240e817c7,5
mindfulness,621e30e467b776a240e817c7,20
mindfulness,621e30e467b776a240e817c7,29
mindfulness,621e30e467b776a240e817c7,45
mindfulness,621e30e467b776a240e817c7,50
mindfulness,621e30e467b776a240e817c7,55
mindfulness,621e30e467b776a240e817c7,75
mindfulness,621e30e467b776a240e817c7,78
mindfulness,621e30e467b776a240e817c7,97
mindfulness,621e30e467b776a240e817c7,99
mindfulness,621e30e467b776a240e817c7,116
mindfulness,621e30e467b776a240e817c7,127
mindfulness,621e30e467b776a240e817c7,139
mindfulness,621e30e467b776a240e817c7,144
mindfulness,621e30e467b776a240e817c7,149
mindfulness,621e30e467b776a240e817c7,163
mindfulness,621e30e467b776a240e817c7,173
mindfulness,621e30e467b776a240e817c7,188
mindfulness,621e30e467b776a240e817c7,200
mindfulness,621e30e467b776a240e817c7,211
mindfulness,621e30e467b776a240e817c7,217
mindfulness,621e30e467b776a240e817c7,221
mindfulness,621e30e467b776a240e817c7,239
mindfulness,621e30e467b776a240e817c7,248
mindfulness,621e30e467b776a240e817c7,267
mindfulness,621e30e467b776a240e817c7,284
mindfulness,621e30e467b776a240e817c7,295
mindfulness,621e30e467b776a240e817c7,314
mindfulness,621e30e467b776a240e817c7,333
mindfulness,621e30e467b776a240e817c7,343
mindfulness,621e30e467b776a240e817c7,356
mindfulness,621e30e467b776a240e817c7,408
mindfulness,621e30e467b776a240e817c7,436
mindfulness,621e30e467b776a240e817c7,456
mindfulness,621e30e467b776a240e817c7,462
mindfulness,621e30e467b776a240e817c7,477
mindfulness,621e30e467b776a240e817c7,529
mindfulness,621e30e467b776a240e817c7,558
mindfulness,621e30e467b776a240e817c7,628
mindfulness,621e30e467b776a240e817c7,631
mindfulness,621e30e467b776a240e817c7,645
mindfulness,621e30e467b776a240e817c7,669
mindfulness,621e30e467b776a240e817c7,743
mindfulness,621e30e467b776a240e817c7,790
mindfulness,621e30e467b776a240e817c7,835
mindfulness,621e30e467b776a240e817c7,916
mindfulness,621e30e467b776a240e817c7,936
mindfulness,621e30e467b776a240e817c7,989
mindfulness,621e30e467b776a240e817c7,1129
mindfulness,621e30e467b776a240e817c7,1148
mindfulness,621e30e467b776a240e817c7,1171
mindfulness,621e30e467b776a240e817c7,1195
mindfulness,621e30e467b776a240e817c7,1247
mindfulness,621e30e467b776a240e817c7,1371
mindfulness,621e30e467b776a240e817c7,1394
mindfulness,621e30e467b776a240e817c7,1437
mindfulness,621e310d67b776a24003096d,907
mindfulness,621e310d67b776a24003096d,921
mindfulness,621e310d67b776a24003096d,926
mindfulness,621e310d67b776a24003096d,931
mindfulness,621e310d67b776a24003096d,945
mindfulness,621e310d67b776a24003096d,950
mindfulness,621e310d67b776a24003096d,969
mindfulness,621e310d67b776a24003096d,975
mindfulness,621e310d67b776a24003096d,981
mindfulness,621e310d67b776a24003096d,993
mindfulness,621e310d67b776a24003096d,1000
mindfulness,621e310d67b776a24003096d,1026
mindfulness,621e310d67b776a24003096d,1045
mindfulness,621e310d67b776a24003096d,1050
mindfulness,621e310d67b776a24003096d,1053
mindfulness,621e310d67b776a24003096d,1066
mindfulness,621e310d67b776a24003096d,1070
mindfulness,621e310d67b776a24003096d,1075
mindfulness,621e310d67b776a24003096d,1091
mindfulness,621e310d67b776a24003096d,1094
mindfulness,621e310d67b776a24003096d,1113
mindfulness,621e310d67b776a24003096d,1118
mindfulness,621e310d67b776a24003096d,1127
mindfulness,621e310d67b776a24003096d,1139
mindfulness,621e310d67b776a24003096d,1162
mindfulness,621e310d67b776a24003096d,1189
mindfulness,621e310d67b776a24003096d,1198
mindfulness,621e310d67b776a24003096d,1222
mindfulness,621e310d67b776a24003096d,1284
mindfulness,621e310d67b776a24003096d,1292
mindfulness,621e310d67b776a24003096d,1338
mindfulness,621e310d67b776a24003096d,1341
mindfulness,621e310d67b776a24003096d,1356
mindfulness,621e310d67b776a24003096d,1362
mindfulness,621e310d67b776a24003096d,1383
mindfulness,621e310d67b776a24003096d,1403
mindfulness,621e310d67b776a24003096d,1426
mindfulness,621e310d67b776a24003096d,1438
mindfulness,621e310d67b776a24003096d,1499
mindfulness,621e310d67b776a24003096d,1504
mindfulness,621e310d67b776a24003096d,1525
mindfulness,621e310d67b776a24003096d,1576
mindfulness,621e310d67b776a24003096d,1596
mindfulness,621e310d67b776a24003096d,1600
mindfulness,621e310d67b776a24003096d,1605
mindfulness,621e310d67b776a24003096d,1627
mindfulness,621e310d67b776a24003096d,1644
mindfulness,621e310d67b776a24003096d,1669
mindfulness,621e310d67b776a24003096d,1676
mindfulness,621e310d67b776a24003096d,1692
mindfulness,621e310d67b776a24003096d,1698
mindfulness,621e310d67b776a24003096d,1739
mindfulness,621e310d67b776a24003096d,1742
mindfulness,621e310d67b776a24003096d,1763
mindfulness,621e310d67b776a24003096d,1815
mindfulness,621e310d67b776a24003096d,1823
mindfulness,621e310d67b776a24003096d,1838
mindfulness,621e310d67b776a24003096d,1845
mindfulness,621e310d67b776a24003096d,1917
mindfulness,621e310d67b776a24003096d,1960
mindfulness,621e310d67b776a24003096d,1979
mindfulness,621e310d67b776a24003096d,1982
mindfulness,621e310d67b776a24003096d,1989
mindfulness,621e310d67b776a24003096d,2013
mindfulness,621e310d67b776a24003096d,2027
mindfulness,621e310d67b776a24003096d,2052
mindfulness,621e310d67b776a24003096d,2058
mindfulness,621e310d67b776a24003096d,2062
mindfulness,621e310d67b776a24003096d,2077
mindfulness,621e310d67b776a24003096d,2082
mindfulness,621e310d67b776a24003096d,2100
mindfulness,621e310d67b776a24003096d,2111
mindfulness,621e310d67b776a24003096d,2121
mindfulness,621e310d67b776a24003096d,2128
mindfulness,621e310d67b776a24003096d,2135
mindfulness,621e310d67b776a24003096d,2148
mindfulness,621e310d67b776a24003096d,2153
mindfulness,621e310d67b776a24003096d,2156
mindfulness,621e310d67b776a24003096d,2171
mindfulness,621e310d67b776a24003096d,2181
mindfulness,621e310d67b776a24003096d,2195
mindfulness,621e310d67b776a24003096d,2202
mindfulness,621e310d67b776a24003096d,2205
mindfulness,621e310d67b776a24003096d,2228
mindfulness,621e310d67b776a24003096d,2243
mindfulness,621e310d67b776a24003096d,2267
mindfulness,621e310d67b776a24003096d,2271
mindfulness,621e310d67b776a24003096d,2275
mindfulness,621e310d67b776a24003096d,2290
mindfulness,621e310d67b776a24003096d,2299
mindfulness,621e310d67b776a24003096d,2315
mindfulness,621e310d67b776a24003096d,2324
mindfulness,621e310d67b776a24003096d,2342
mindfulness,621e310d67b776a24003096d,2349
mindfulness,621e312a67b776a240164d59,928
mindfulness,621e312a67b776a240164d59,933
mindfulness,621e312a67b776a240164d59,940
mindfulness,621e312a67b776a240164d59,952
mindfulness,621e312a67b776a240164d59,957
mindfulness,621e312a67b776a240164d59,962
mindfulness,621e312a67b776a240164d59,976
mindfulness,621e312a67b776a240164d59,981
mindfulness,621e312a67b776a240164d59,986
mindfulness,621e312a67b776a240164d59,11
mindfulness,621e312a67b776a240164d59,16
mindfulness,621e312a67b776a240164d59,21
mindfulness,621e312a67b776a240164d59,35
mindfulness,621e312a67b776a240164d59,45
mindfulness,621e312a67b776a240164d59,88
mindfulness,621e312a67b776a240164d59,92
mindfulness,621e312a67b776a240164d59,109
mindfulness,621e312a67b776a240164d59,112
mindfulness,621e312a67b776a240164d59,117
mindfulness,621e312a67b776a240164d59,131
mindfulness,621e312a67b776a240164d59,136
mindfulness,621e312a67b776a240164d59,144
mindfulness,621e312a67b776a240164d59,157
mindfulness,621e312a67b776a240164d59,162
mindfulness,621e312a67b776a240164d59,179
mindfulness,621e312a67b776a240164d59,186
mindfulness,621e312a67b776a240164d59,191
mindfulness,621e312a67b776a240164d59,206
mindfulness,621e312a67b776a240164d59,229
mindfulness,621e312a67b776a240164d59,235
mindfulness,621e312a67b776a240164d59,240
mindfulness,621e312a67b776a240164d59,305
mindfulness,621e312a67b776a240164d59,325
mindfulness,621e312a67b776a240164d59,378
mindfulness,621e312a67b776a240164d59,408
mindfulness,621e312a67b776a240164d59,443
mindfulness,621e312a67b776a240164d59,453
mindfulness,621e312a67b776a240164d59,468
mindfulness,621e312a67b776a240164d59,472
mindfulness,621e312a67b776a240164d59,478
mindfulness,621e312a67b776a240164d59,491
mindfulness,621e312a67b776a240164d59,517
mindfulness,621e312a67b776a240164d59,527
mindfulness,621e312a67b776a240164d59,540
mindfulness,621e312a67b776a240164d59,545
mindfulness,621e312a67b776a240164d59,573
mindfulness,621e312a67b776a240164d59,590
mindfulness,621e312a67b776a240164d59,597
mindfulness,621e312a67b776a240164d59,600
mindfulness,621e312a67b776a240164d59,612
mindfulness,621e312a67b776a240164d59,635
mindfulness,621e312a67b776a240164d59,640
mindfulness,621e312a67b776a240164d59,659
mindfulness,621e312a67b776a240164d59,664
mindfulness,621e312a67b776a240164d59,670
mindfulness,621e312a67b776a240164d59,683
mindfulness,621e312a67b776a240164d59,690
mindfulness,621e312a67b776a240164d59,694
mindfulness,621e312a67b776a240164d59,707
mindfulness,621e312a67b776a240164d59,714
mindfulness,621e312a67b776a240164d59,736
mindfulness,621e312a67b776a240164d59,741
mindfulness,621e312a67b776a240164d59,757
mindfulness,621e312a67b776a240164d59,764
mindfulness,621e312a67b776a240164d59,781
mindfulness,621e312a67b776a240164d59,784
mindfulness,621e312a67b776a240164d59,803
mindfulness,621e312a67b776a240164d59,808
mindfulness,621e312a67b776a240164d59,813
mindfulness,621e312a67b776a240164d59,947
mindfulness,621e312a67b776a240164d59,953
mindfulness,621e312a67b776a240164d59,957
mindfulness,621e312a67b776a240164d59,971
mindfulness,621e312a67b776a240164d59,976
mindfulness,621e312a67b776a240164d59,981
mindfulness,621e312a67b776a240164d59,995
mindfulness,621e312a67b776a240164d59,1001
mindfulness,621e312a67b776a240164d59,1019
mindfulness,621e312a67b776a240164d59,1024
mindfulness,621e312a67b776a240164d59,1073
mindfulness,621e312a67b776a240164d59,1115
mindfulness,621e312a67b776a240164d59,1140
mindfulness,621e312a67b776a240164d59,1168
mindfulness,621e312a67b776a240164d59,1190
mindfulness,621e312a67b776a240164d59,1214
mindfulness,621e312a67b776a240164d59,1264
mindfulness,621e312a67b776a240164d59,1311
mindfulness,621e312a67b776a240164d59,1336
mindfulness,621e312a67b776a240164d59,1357
mindfulness,621e312a67b776a240164d59,1385
mindfulness,621e323667b776a240f19134,14
mindfulness,621e323667b776a240f19134,19
mindfulness,621e323667b776a240f19134,23
mindfulness,621e323667b776a240f19134,41
mindfulness,621e323667b776a240f19134,45
mindfulness,621e323667b776a240f19134,46
mindfulness,621e323667b776a240f19134,62
mindfulness,621e323667b776a240f19134,72
mindfulness,621e323667b776a240f19134,84
mindfulness,621e323667b776a240f19134,89
mindfulness,621e323667b776a240f19134,94
mindfulness,621e323667b776a240f19134,108
mindfulness,621e323667b776a240f19134,113
mindfulness,621e323667b776a240f19134,118
mindfulness,621e323667b776a240f19134,132
mindfulness,621e323667b776a240f19134,137
mindfulness,621e323667b776a240f19134,142
mindfulness,621e323667b776a240f19134,156
mindfulness,621e323667b776a240f19134,162
mindfulness,621e323667b776a240f19134,167
mindfulness,621e323667b776a240f19134,180
mindfulness,621e323667b776a240f19134,191
mindfulness,621e323667b776a240f19134,206
mindfulness,621e323667b776a240f19134,212
mindfulness,621e323667b776a240f19134,216
mindfulness,621e323667b776a240f19134,230
mindfulness,621e323667b776a240f19134,237
mindfulness,621e323667b776a240f19134,240
mindfulness,621e323667b776a240f19134,252
mindfulness,621e323667b776a240f19134,258
mindfulness,621e323667b776a240f19134,262
mindfulness,621e323667b776a240f19134,276
mindfulness,621e323667b776a240f19134,281
mindfulness,621e323667b776a240f19134,286
mindfulness,621e323667b776a240f19134,300
mindfulness,621e323667b776a240f19134,305
mindfulness,621e323667b776a240f19134,310
mindfulness,621e323667b776a240f19134,324
mindfulness,621e323667b776a240f19134,329
mindfulness,621e323667b776a240f19134,335
mindfulness,621e323667b776a240f19134,349
mindfulness,621e323667b776a240f19134,353
mindfulness,621e323667b776a240f19134,359
mindfulness,621e323667b776a240f19134,374
mindfulness,621e323667b776a240f19134,380
mindfulness,621e323667b776a240f19134,384
mindfulness,621e323667b776a240f19134,398
mindfulness,621e323667b776a240f19134,404
mindfulness,621e323667b776a240f19134,408
mindfulness,621e323667b776a240f19134,421
mindfulness,621e323667b776a240f19134,426
mindfulness,621e323667b776a240f19134,430
mindfulness,621e323667b776a240f19134,444
mindfulness,621e323667b776a240f19134,449
mindfulness,621e323667b776a240f19134,454
mindfulness,621e323667b776a240f19134,470
mindfulness,621e323667b776a240f19134,473
mindfulness,621e323667b776a240f19134,478
mindfulness,621e323667b776a240f19134,492
mindfulness,621e323667b776a240f19134,497
mindfulness,621e323667b776a240f19134,502
mindfulness,621e323667b776a240f19134,517
mindfulness,621e323667b776a240f19134,521
mindfulness,621e323667b776a240f19134,526
mindfulness,621e323667b776a240f19134,543
mindfulness,621e323667b776a240f19134,548
mindfulness,621e323667b776a240f19134,552
mindfulness,621e323667b776a240f19134,566
mindfulness,621e323667b776a240f19134,573
mindfulness,621e323667b776a240f19134,575
mindfulness,621e323667b776a240f19134,588
mindfulness,621e323667b776a240f19134,593
mindfulness,621e323667b776a240f19134,598
mindfulness,621e323667b776a240f19134,613
mindfulness,621e323667b776a240f19134,617
mindfulness,621e323667b776a240f19134,625
mindfulness,621e323667b776a240f19134,637
mindfulness,621e323667b776a240f19134,641
mindfulness,621e323667b776a240f19134,646
mindfulness,621e323667b776a240f19134,660
mindfulness,621e323667b776a240f19134,665
mindfulness,621e323667b776a240f19134,670
mindfulness,621e323667b776a240f19134,684
mindfulness,621e323667b776a240f19134,689
mindfulness,621e323667b776a240f19134,694
mindfulness,621e323667b776a240f19134,710
mindfulness,621e323667b776a240f19134,716
mindfulness,621e323667b776a240f19134,734
mindfulness,621e323667b776a240f19134,740
mindfulness,621e323667b776a240f19134,744
mindfulness,621e328667b776a240281372,2
mindfulness,621e328667b776a240281372,24
mindfulness,621e328667b776a240281372,30
mindfulness,621e328667b776a240281372,238
mindfulness,621e328667b776a240281372,244
mindfulness,621e328667b776a240281372,260
mindfulness,621e329067b776a2402ffad2,11
mindfulness,621e329067b776a2402ffad2,16
mindfulness,621e329067b776a2402ffad2,21
mindfulness,621e329067b776a2402ffad2,41
mindfulness,621e329067b776a2402ffad2,44
mindfulness,621e329067b776a2402ffad2,63
mindfulness,621e329067b776a2402ffad2,84
mindfulness,621e329067b776a2402ffad2,88
mindfulness,621e329067b776a2402ffad2,93
mindfulness,621e329067b776a2402ffad2,107
mindfulness,621e329067b776a2402ffad2,112
mindfulness,621e329067b776a2402ffad2,119
mindfulness,621e329067b776a2402ffad2,131
mindfulness,621e329067b776a2402ffad2,155
mindfulness,621e329067b776a2402ffad2,160
mindfulness,621e329067b776a2402ffad2,181
mindfulness,621e329067b776a2402ffad2,190
mindfulness,621e329067b776a2402ffad2,205
mindfulness,621e329067b776a2402ffad2,213
mindfulness,621e329067b776a2402ffad2,215
mindfulness,621e329067b776a2402ffad2,230
mindfulness,621e329067b776a2402ffad2,251
mindfulness,621e329067b776a2402ffad2,257
mindfulness,621e329067b776a2402ffad2,261
mindfulness,621e329067b776a2402ffad2,276
mindfulness,621e329067b776a2402ffad2,282
mindfulness,621e329067b776a2402ffad2,285
mindfulness,621e329067b776a2402ffad2,299
mindfulness,621e329067b776a2402ffad2,306
mindfulness,621e329067b776a2402ffad2,309
mindfulness,621e329067b776a2402ffad2,323
mindfulness,621e329067b776a2402ffad2,329
mindfulness,621e329067b776a2402ffad2,347
mindfulness,621e329067b776a2402ffad2,353
mindfulness,621e329067b776a2402ffad2,359
mindfulness,621e329067b776a2402ffad2,375
mindfulness,621e329067b776a2402ffad2,380
mindfulness,621e329067b776a2402ffad2,383
mindfulness,621e329067b776a2402ffad2,397
mindfulness,621e329067b776a2402ffad2,403
mindfulness,621e329067b776a2402ffad2,408
mindfulness,621e329067b776a2402ffad2,420
mindfulness,621e329067b776a2402ffad2,431
mindfulness,621e329067b776a2402ffad2,447
mindfulness,621e329067b776a2402ffad2,450
mindfulness,621e329067b776a2402ffad2,467
mindfulness,621e329067b776a2402ffad2,475
mindfulness,621e329067b776a2402ffad2,477
mindfulness,621e329067b776a2402ffad2,492
mindfulness,621e329067b776a2402ffad2,498
mindfulness,621e329067b776a2402ffad2,501
mindfulness,621e329067b776a2402ffad2,515
mindfulness,621e329067b776a2402ffad2,521
mindfulness,621e329067b776a2402ffad2,544
mindfulness,621e329067b776a2402ffad2,551
mindfulness,621e329067b776a2402ffad2,565
mindfulness,621e329067b776a2402ffad2,572
mindfulness,621e329067b776a2402ffad2,575
mindfulness,621e329067b776a2402ffad2,595
mindfulness,621e329067b776a2402ffad2,611
mindfulness,621e329067b776a2402ffad2,616
mindfulness,621e329067b776a2402ffad2,621
mindfulness,621e329067b776a2402ffad2,635
mindfulness,621e329067b776a2402ffad2,640
mindfulness,621e329067b776a2402ffad2,645
mindfulness,621e329067b776a2402ffad2,659
mindfulness,621e329067b776a2402ffad2,685
mindfulness,621e329067b776a2402ffad2,690
mindfulness,621e329067b776a2402ffad2,693
mindfulness,621e329067b776a2402ffad2,710
mindfulness,621e329067b776a2402ffad2,715
mindfulness,621e329067b776a2402ffad2,719
mindfulness,621e329067b776a2402ffad2,737
mindfulness,621e329067b776a2402ffad2,739
mindfulness,621e329067b776a2402ffad2,745
mindfulness,621e329067b776a2402ffad2,756
mindfulness,621e329067b776a2402ffad2,760
mindfulness,621e329067b776a2402ffad2,765
mindfulness,621e329067b776a2402ffad2,779
mindfulness,621e329067b776a2402ffad2,803
mindfulness,621e329067b776a2402ffad2,810
mindfulness,621e329067b776a2402ffad2,831
mindfulness,621e329067b776a2402ffad2,832
mindfulness,621e329067b776a2402ffad2,837
mindfulness,621e329067b776a2402ffad2,851
mindfulness,621e329067b776a2402ffad2,857
mindfulness,621e329067b776a2402ffad2,862
mindfulness,621e329067b776a2402ffad2,879
mindfulness,621e329067b776a2402ffad2,901
mindfulness,621e329067b776a2402ffad2,908
mindfulness,621e329067b776a2402ffad2,911
mindfulness,621e329067b776a2402ffad2,923
mindfulness,621e329067b776a2402ffad2,931
mindfulness,621e329067b776a2402ffad2,947
mindfulness,621e329067b776a2402ffad2,952
mindfulness,621e329067b776a2402ffad2,958
mindfulness,621e329067b776a2402ffad2,971
mindfulness,621e329067b776a2402ffad2,979
mindfulness,621e329067b776a2402ffad2,981
mindfulness,621e329067b776a2402ffad2,1005
mindfulness,621e329067b776a2402ffad2,1021
mindfulness,621e329067b776a2402ffad2,1024
mindfulness,621e329067b776a2402ffad2,1029
mindfulness,621e329067b776a2402ffad2,1045
mindfulness,621e329067b776a2402ffad2,1052
mindfulness,621e329067b776a2402ffad2,1054
mindfulness,621e329067b776a2402ffad2,1070
mindfulness,621e329067b776a2402ffad2,1075
mindfulness,621e32af67b776a24045b4cf,12
mindfulness,621e32af67b776a24045b4cf,19
mindfulness,621e32af67b776a24045b4cf,22
mindfulness,621e32af67b776a24045b4cf,34
mindfulness,621e32af67b776a24045b4cf,39
mindfulness,621e32af67b776a24045b4cf,44
mindfulness,621e32af67b776a24045b4cf,58
mindfulness,621e32af67b776a24045b4cf,63
mindfulness,621e32af67b776a24045b4cf,68
mindfulness,621e32af67b776a24045b4cf,82
mindfulness,621e32af67b776a24045b4cf,87
mindfulness,621e32af67b776a24045b4cf,92
mindfulness,621e32af67b776a24045b4cf,106
mindfulness,621e32af67b776a24045b4cf,114
mindfulness,621e32af67b776a24045b4cf,116
mindfulness,621e32af67b776a24045b4cf,130
mindfulness,621e32af67b776a24045b4cf,135
mindfulness,621e32af67b776a24045b4cf,140
mindfulness,621e32af67b776a24045b4cf,158
mindfulness,621e32af67b776a24045b4cf,162
mindfulness,621e32af67b776a24045b4cf,165
mindfulness,621e32af67b776a24045b4cf,1
mindfulness,621e32af67b776a24045b4cf,5
mindfulness,621e32af67b776a24045b4cf,8
mindfulness,621e32af67b776a24045b4cf,21
mindfulness,621e32af67b776a24045b4cf,26
mindfulness,621e32af67b776a24045b4cf,31
mindfulness,621e32af67b776a24045b4cf,45
mindfulness,621e32af67b776a24045b4cf,0
mindfulness,621e32af67b776a24045b4cf,5
mindfulness,621e32af67b776a24045b4cf,19
mindfulness,621e32af67b776a24045b4cf,24
mindfulness,621e32af67b776a24045b4cf,29
mindfulness,621e32af67b776a24045b4cf,43
mindfulness,621e32af67b776a24045b4cf,50
mindfulness,621e32af67b776a24045b4cf,53
mindfulness,621e32af67b776a24045b4cf,69
mindfulness,621e32af67b776a24045b4cf,72
mindfulness,621e32af67b776a24045b4cf,77
mindfulness,621e32af67b776a24045b4cf,93
mindfulness,621e32af67b776a24045b4cf,100
mindfulness,621e32af67b776a24045b4cf,103
mindfulness,621e32af67b776a24045b4cf,117
mindfulness,621e32af67b776a24045b4cf,123
mindfulness,621e32af67b776a24045b4cf,127
mindfulness,621e32af67b776a24045b4cf,139
mindfulness,621e32af67b776a24045b4cf,149
mindfulness,621e32af67b776a24045b4cf,163
mindfulness,621e32af67b776a24045b4cf,169
mindfulness,621e32af67b776a24045b4cf,173
mindfulness,621e32af67b776a24045b4cf,188
mindfulness,621e32af67b776a24045b4cf,0
mindfulness,621e32af67b776a24045b4cf,5
mindfulness,621e32af67b776a24045b4cf,13
mindfulness,621e32af67b776a24045b4cf,18
mindfulness,621e32af67b776a24045b4cf,25
mindfulness,621e32af67b776a24045b4cf,37
mindfulness,621e32af67b776a24045b4cf,42
mindfulness,621e32af67b776a24045b4cf,48
mindfulness,621e32af67b776a24045b4cf,63
mindfulness,621e32af67b776a24045b4cf,69
mindfulness,621e32af67b776a24045b4cf,73
mindfulness,621e32af67b776a24045b4cf,87
mindfulness,621e32af67b776a24045b4cf,94
mindfulness,621e32af67b776a24045b4cf,96
mindfulness,621e32af67b776a24045b4cf,111
mindfulness,621e32af67b776a24045b4cf,118
mindfulness,621e32af67b776a24045b4cf,134
mindfulness,621e32af67b776a24045b4cf,138
mindfulness,621e32af67b776a24045b4cf,143
mindfulness,621e32af67b776a24045b4cf,157
mindfulness,621e32af67b776a24045b4cf,163
mindfulness,621e32af67b776a24045b4cf,167
mindfulness,621e32af67b776a24045b4cf,181
mindfulness,621e32af67b776a24045b4cf,186
mindfulness,621e32af67b776a24045b4cf,192
mindfulness,621e32af67b776a24045b4cf,206
mindfulness,621e32af67b776a24045b4cf,210
mindfulness,621e32af67b776a24045b4cf,216
mindfulness,621e32af67b776a24045b4cf,234
mindfulness,621e32af67b776a24045b4cf,237
mindfulness,621e32af67b776a24045b4cf,240
mindfulness,621e32af67b776a24045b4cf,255
mindfulness,621e32af67b776a24045b4cf,261
mindfulness,621e32af67b776a24045b4cf,266
mindfulness,621e32af67b776a24045b4cf,277
mindfulness,621e32af67b776a24045b4cf,282
mindfulness,621e32af67b776a24045b4cf,287
mindfulness,621e32af67b776a24045b4cf,302
mindfulness,621e32af67b776a24045b4cf,306
mindfulness,621e32af67b776a24045b4cf,311
mindfulness,621e32af67b776a24045b4cf,325
mindfulness,621e32af67b776a24045b4cf,330
mindfulness,621e32af67b776a24045b4cf,335
mindfulness,621e32af67b776a24045b4cf,349
mindfulness,621e32af67b776a24045b4cf,361
mindfulness,621e32af67b776a24045b4cf,373
mindfulness,621e32af67b776a24045b4cf,380
mindfulness,621e32af67b776a24045b4cf,383
mindfulness,621e32af67b776a24045b4cf,399
mindfulness,621e32af67b776a24045b4cf,406
mindfulness,621e32af67b776a24045b4cf,409
mindfulness,621e32af67b776a24045b4cf,423
mindfulness,621e32af67b776a24045b4cf,430
mindfulness,621e32af67b776a24045b4cf,432
mindfulness,621e32af67b776a24045b4cf,447
mindfulness,621e32af67b776a24045b4cf,451
mindfulness,621e32af67b776a24045b4cf,457
mindfulness,621e32af67b776a24045b4cf,474
mindfulness,621e32af67b776a24045b4cf,480
mindfulness,621e32af67b776a24045b4cf,495
mindfulness,621e32af67b776a24045b4cf,499
mindfulness,621e32af67b776a24045b4cf,518
mindfulness,621e32af67b776a24045b4cf,522
mindfulness,621e32af67b776a24045b4cf,527
mindfulness,621e32af67b776a24045b4cf,544
mindfulness,621e32af67b776a24045b4cf,551
mindfulness,621e32af67b776a24045b4cf,567
mindfulness,621e32af67b776a24045b4cf,576
mindfulness,621e32af67b776a24045b4cf,593
mindfulness,621e32af67b776a24045b4cf,597
mindfulness,621e32af67b776a24045b4cf,601
mindfulness,621e32af67b776a24045b4cf,613
mindfulness,621e32af67b776a24045b4cf,619
mindfulness,621e32af67b776a24045b4cf,626
mindfulness,621e32af67b776a24045b4cf,637
mindfulness,621e32af67b776a24045b4cf,642
mindfulness,621e32af67b776a24045b4cf,648
mindfulness,621e32af67b776a24045b4cf,668
mindfulness,621e32af67b776a24045b4cf,673
mindfulness,621e32af67b776a24045b4cf,685
mindfulness,621e32af67b776a24045b4cf,693
mindfulness,621e32af67b776a24045b4cf,696
mindfulness,621e32af67b776a24045b4cf,709
mindfulness,621e32af67b776a24045b4cf,714
mindfulness,621e32af67b776a24045b4cf,720
mindfulness,621e32af67b776a24045b4cf,744
mindfulness,621e32af67b776a24045b4cf,765
mindfulness,621e32af67b776a24045b4cf,769
mindfulness,621e32af67b776a24045b4cf,786
mindfulness,621e32af67b776a24045b4cf,814
mindfulness,621e32af67b776a24045b4cf,815
mindfulness,621e32af67b776a24045b4cf,10
mindfulness,621e32af67b776a24045b4cf,15
mindfulness,621e32af67b776a24045b4cf,22
mindfulness,621e32af67b776a24045b4cf,36
mindfulness,621e32af67b776a24045b4cf,41
mindfulness,621e32af67b776a24045b4cf,45
mindfulness,621e32af67b776a24045b4cf,58
mindfulness,621e32af67b776a24045b4cf,65
mindfulness,621e32af67b776a24045b4cf,84
mindfulness,621e32af67b776a24045b4cf,90
mindfulness,621e32af67b776a24045b4cf,94
mindfulness,621e32af67b776a24045b4cf,108
mindfulness,621e32af67b776a24045b4cf,114
mindfulness,621e32af67b776a24045b4cf,117
mindfulness,621e32af67b776a24045b4cf,131
mindfulness,621e32d067b776a2405b7d54,145
mindfulness,621e32d067b776a2405b7d54,150
mindfulness,621e32d067b776a2405b7d54,164
mindfulness,621e32d067b776a2405b7d54,169
mindfulness,621e32d067b776a2405b7d54,174
mindfulness,621e32d067b776a2405b7d54,188
mindfulness,621e32d067b776a2405b7d54,195
mindfulness,621e32d067b776a2405b7d54,200
mindfulness,621e32d067b776a2405b7d54,213
mindfulness,621e32d067b776a2405b7d54,217
mindfulness,621e32d067b776a2405b7d54,224
mindfulness,621e32d067b776a2405b7d54,237
mindfulness,621e32d067b776a2405b7d54,245
mindfulness,621e32d067b776a2405b7d54,247
mindfulness,621e32d067b776a2405b7d54,262
mindfulness,621e32d067b776a2405b7d54,271
mindfulness,621e32d067b776a2405b7d54,287
mindfulness,621e32d067b776a2405b7d54,293
mindfulness,621e32d067b776a2405b7d54,296
mindfulness,621e32d067b776a2405b7d54,308
mindfulness,621e32d067b776a2405b7d54,313
mindfulness,621e32d067b776a2405b7d54,319
mindfulness,621e32d067b776a2405b7d54,332
mindfulness,621e32d067b776a2405b7d54,339
mindfulness,621e32d067b776a2405b7d54,344
mindfulness,621e32d067b776a2405b7d54,356
mindfulness,621e32d067b776a2405b7d54,363
mindfulness,621e32d067b776a2405b7d54,366
mindfulness,621e32d067b776a2405b7d54,381
mindfulness,621e32d067b776a2405b7d54,385
mindfulness,621e32d067b776a2405b7d54,392
mindfulness,621e32d067b776a2405b7d54,406
mindfulness,621e32d067b776a2405b7d54,411
mindfulness,621e32d067b776a2405b7d54,430
mindfulness,621e32d067b776a2405b7d54,436
mindfulness,621e32d067b776a2405b7d54,458
mindfulness,621e32d067b776a2405b7d54,461
mindfulness,621e32d067b776a2405b7d54,463
mindfulness,621e32d067b776a2405b7d54,477
mindfulness,621e32d067b776a2405b7d54,485
mindfulness,621e32d067b776a2405b7d54,500
mindfulness,621e32d067b776a2405b7d54,506
mindfulness,621e32d067b776a2405b7d54,510
mindfulness,621e32d067b776a2405b7d54,526
mindfulness,621e32d067b776a2405b7d54,531
mindfulness,621e32d067b776a2405b7d54,534
mindfulness,621e32d067b776a2405b7d54,548
mindfulness,621e32d067b776a2405b7d54,554
mindfulness,621e32d067b776a2405b7d54,560
mindfulness,621e32d067b776a2405b7d54,573
mindfulness,621e32d067b776a2405b7d54,579
mindfulness,621e32d067b776a2405b7d54,582
mindfulness,621e32d067b776a2405b7d54,599
mindfulness,621e32d067b776a2405b7d54,604
mindfulness,621e32d067b776a2405b7d54,623
mindfulness,621e32d067b776a2405b7d54,632
mindfulness,621e32d067b776a2405b7d54,644
mindfulness,621e32d067b776a2405b7d54,650
mindfulness,621e32d067b776a2405b7d54,656
mindfulness,621e32d067b776a2405b7d54,670
mindfulness,621e32d067b776a2405b7d54,678
mindfulness,621e32d067b776a2405b7d54,693
mindfulness,621e32d067b776a2405b7d54,699
mindfulness,621e32d067b776a2405b7d54,719
mindfulness,621e32d067b776a2405b7d54,722
mindfulness,621e32d067b776a2405b7d54,726
mindfulness,621e32d067b776a2405b7d54,740
mindfulness,621e32d067b776a2405b7d54,747
mindfulness,621e32d067b776a2405b7d54,750
mindfulness,621e32d067b776a2405b7d54,766
mindfulness,621e32d067b776a2405b7d54,772
mindfulness,621e32d067b776a2405b7d54,790
mindfulness,621e32d067b776a2405b7d54,800
mindfulness,621e32d067b776a2405b7d54,812
mindfulness,621e32d067b776a2405b7d54,817
mindfulness,621e32d067b776a2405b7d54,824
mindfulness,621e32d067b776a2405b7d54,836
mindfulness,621e32d067b776a2405b7d54,843
mindfulness,621e32d067b776a2405b7d54,848
mindfulness,621e32d067b776a2405b7d54,861
mindfulness,621e32d067b776a2405b7d54,870
mindfulness,621e32d067b776a2405b7d54,886
mindfulness,621e32d067b776a2405b7d54,889
mindfulness,621e32d067b776a2405b7d54,895
mindfulness,621e32d067b776a2405b7d54,908
mindfulness,621e32d067b776a2405b7d54,920
mindfulness,621e32d067b776a2405b7d54,934
mindfulness,621e32d067b776a2405b7d54,946
mindfulness,621e32d067b776a2405b7d54,958
mindfulness,621e32d067b776a2405b7d54,964
mindfulness,621e32d067b776a2405b7d54,969
mindfulness,621e32d067b776a2405b7d54,981
mindfulness,621e32d067b776a2405b7d54,986
mindfulness,621e32d067b776a2405b7d54,990
mindfulness,621e32d067b776a2405b7d54,1005
mindfulness,621e32d067b776a2405b7d54,1009
mindfulness,621e32d067b776a2405b7d54,1014
mindfulness,621e32d067b776a2405b7d54,1030
mindfulness,621e32d067b776a2405b7d54,1034
mindfulness,621e32d067b776a2405b7d54,1039
mindfulness,621e32d067b776a2405b7d54,1061
mindfulness,621e32d067b776a2405b7d54,1077
mindfulness,621e32d067b776a2405b7d54,1086
mindfulness,621e32d067b776a2405b7d54,1104
mindfulness,621e32d067b776a2405b7d54,1108
mindfulness,621e32d067b776a2405b7d54,1112
mindfulness,621e32d067b776a2405b7d54,1126
mindfulness,621e32d067b776a2405b7d54,1135
mindfulness,621e32d067b776a2405b7d54,1149
mindfulness,621e32d067b776a2405b7d54,1153
mindfulness,621e32d067b776a2405b7d54,1158
mindfulness,621e32d067b776a2405b7d54,1176
mindfulness,621e32d067b776a2405b7d54,1182
mindfulness,621e32d067b776a2405b7d54,1197
mindfulness,621e32d067b776a2405b7d54,1233
mindfulness,621e32d067b776a2405b7d54,1250
mindfulness,621e32d067b776a2405b7d54,1356
mindfulness,621e32d067b776a2405b7d54,1562
mindfulness,621e32e667b776a2406d2f1c,813
mindfulness,621e32e667b776a2406d2f1c,820
mindfulness,621e32e667b776a2406d2f1c,868
mindfulness,621e32e667b776a2406d2f1c,915
mindfulness,621e32e667b776a2406d2f1c,956
mindfulness,621e32e667b776a2406d2f1c,976
mindfulness,621e32e667b776a2406d2f1c,989
mindfulness,621e32e667b776a2406d2f1c,1131
mindfulness,621e32e667b776a2406d2f1c,1154
mindfulness,621e333967b776a240a3cd06,785
mindfulness,621e333967b776a240a3cd06,807
mindfulness,621e333967b776a240a3cd06,816
mindfulness,621e333967b776a240a3cd06,828
mindfulness,621e333967b776a240a3cd06,835
mindfulness,621e333967b776a240a3cd06,841
mindfulness,621e333967b776a240a3cd06,787
mindfulness,621e339967b776a240e502de,0
mindfulness,621e339967b776a240e502de,19
mindfulness,621e339967b776a240e502de,36
mindfulness,621e339967b776a240e502de,14
mindfulness,621e339967b776a240e502de,5
mindfulness,621e339967b776a240e502de,30
mindfulness,621e339967b776a240e502de,32
mindfulness,621e339967b776a240e502de,46
mindfulness,621e339967b776a240e502de,12
mindfulness,621e339967b776a240e502de,14
mindfulness,621e339967b776a240e502de,16
mindfulness,621e339967b776a240e502de,59
mindfulness,621e339967b776a240e502de,136
mindfulness,621e339967b776a240e502de,158
mindfulness,621e339967b776a240e502de,183
mindfulness,621e339967b776a240e502de,12
mindfulness,621e339967b776a240e502de,136
mindfulness,621e339967b776a240e502de,186
mindfulness,621e339967b776a240e502de,230
mindfulness,621e339967b776a240e502de,814
mindfulness,621e33b067b776a240f39e56,1
mindfulness,621e33b067b776a240f39e56,13
mindfulness,621e33b067b776a240f39e56,18
mindfulness,621e33b067b776a240f39e56,23
mindfulness,621e33b067b776a240f39e56,38
mindfulness,621e33b067b776a240f39e56,42
mindfulness,621e33b067b776a240f39e56,47
mindfulness,621e33b067b776a240f39e56,1
mindfulness,621e33b067b776a240f39e56,6
mindfulness,621e33b067b776a240f39e56,11
mindfulness,621e33b067b776a240f39e56,25
mindfulness,621e33b067b776a240f39e56,30
mindfulness,621e33b067b776a240f39e56,35
mindfulness,621e33b067b776a240f39e56,49
mindfulness,621e33b067b776a240f39e56,55
mindfulness,621e33b067b776a240f39e56,60
mindfulness,621e33b067b776a240f39e56,75
mindfulness,621e33b067b776a240f39e56,99
mindfulness,621e33b067b776a240f39e56,105
mindfulness,621e33b067b776a240f39e56,109
mindfulness,621e33b067b776a240f39e56,121
mindfulness,621e33b067b776a240f39e56,130
mindfulness,621e33b067b776a240f39e56,132
mindfulness,621e33b067b776a240f39e56,145
mindfulness,621e33b067b776a240f39e56,150
mindfulness,621e33b067b776a240f39e56,155
mindfulness,621e33b067b776a240f39e56,169
mindfulness,621e33b067b776a240f39e56,174
mindfulness,621e33b067b776a240f39e56,193
mindfulness,621e33b067b776a240f39e56,198
mindfulness,621e33b067b776a240f39e56,204
mindfulness,621e33b067b776a240f39e56,217
mindfulness,621e33b067b776a240f39e56,222
mindfulness,621e33b067b776a240f39e56,227
mindfulness,621e33b067b776a240f39e56,245
mindfulness,621e33b067b776a240f39e56,250
mindfulness,621e33b067b776a240f39e56,253
mindfulness,621e33b067b776a240f39e56,267
mindfulness,621e33b067b776a240f39e56,273
mindfulness,621e33b067b776a240f39e56,276
mindfulness,621e33b067b776a240f39e56,289
mindfulness,621e33b067b776a240f39e56,294
mindfulness,621e33b067b776a240f39e56,299
mindfulness,621e33b067b776a240f39e56,313
mindfulness,621e33b067b776a240f39e56,318
mindfulness,621e33b067b776a240f39e56,324
mindfulness,621e33b067b776a240f39e56,337
mindfulness,621e33b067b776a240f39e56,342
mindfulness,621e33b067b776a240f39e56,347
mindfulness,621e33b067b776a240f39e56,361
mindfulness,621e33b067b776a240f39e56,366
mindfulness,621e33b067b776a240f39e56,371
mindfulness,621e33b067b776a240f39e56,386
mindfulness,621e33b067b776a240f39e56,390
mindfulness,621e33b067b776a240f39e56,395
mindfulness,621e33b067b776a240f39e56,411
mindfulness,621e33b067b776a240f39e56,417
mindfulness,621e33b067b776a240f39e56,421
mindfulness,621e33b067b776a240f39e56,437
mindfulness,621e33b067b776a240f39e56,442
mindfulness,621e33b067b776a240f39e56,444
mindfulness,621e33b067b776a240f39e56,459
mindfulness,621e33b067b776a240f39e56,464
mindfulness,621e33b067b776a240f39e56,469
mindfulness,621e33b067b776a240f39e56,486
mindfulness,621e33b067b776a240f39e56,491
mindfulness,621e33b067b776a240f39e56,505
mindfulness,621e33b067b776a240f39e56,511
mindfulness,621e33b067b776a240f39e56,515
mindfulness,621e33b067b776a240f39e56,529
mindfulness,621e33b067b776a240f39e56,534
mindfulness,621e33b067b776a240f39e56,539
mindfulness,621e33b067b776a240f39e56,553
mindfulness,621e33b067b776a240f39e56,558
mindfulness,621e33b067b776a240f39e56,563
mindfulness,621e33b067b776a240f39e56,0
mindfulness,621e33b067b776a240f39e56,7
mindfulness,621e33b067b776a240f39e56,10
mindfulness,621e33b067b776a240f39e56,26
mindfulness,621e33b067b776a240f39e56,30
mindfulness,621e33b067b776a240f39e56,34
mindfulness,621e33b067b776a240f39e56,47
mindfulness,621e33b067b776a240f39e56,51
mindfulness,621e33b067b776a240f39e56,56
mindfulness,621e33b067b776a240f39e56,70
mindfulness,621e33b067b776a240f39e56,75
mindfulness,621e33b067b776a240f39e56,94
mindfulness,621e33b067b776a240f39e56,101
mindfulness,621e33b067b776a240f39e56,104
mindfulness,621e33b067b776a240f39e56,120
mindfulness,621e33b067b776a240f39e56,123
mindfulness,621e33b067b776a240f39e56,129
mindfulness,621e33b067b776a240f39e56,145
mindfulness,621e33b067b776a240f39e56,152
mindfulness,621e33b067b776a240f39e56,168
mindfulness,621e33b067b776a240f39e56,178
mindfulness,621e33b067b776a240f39e56,193
mindfulness,621e33b067b776a240f39e56,199
mindfulness,621e33b067b776a240f39e56,202
mindfulness,621e33b067b776a240f39e56,215
mindfulness,621e33b067b776a240f39e56,221
mindfulness,621e33b067b776a240f39e56,224
mindfulness,621e33b067b776a240f39e56,241
mindfulness,621e33b067b776a240f39e56,244
mindfulness,621e33b067b776a240f39e56,249
mindfulness,621e33b067b776a240f39e56,262
mindfulness,621e33b067b776a240f39e56,267
mindfulness,621e33b067b776a240f39e56,273
mindfulness,621e33b067b776a240f39e56,288
mindfulness,621e33b067b776a240f39e56,291
mindfulness,621e33b067b776a240f39e56,296
mindfulness,621e33b067b776a240f39e56,311
mindfulness,621e33b067b776a240f39e56,317
mindfulness,621e33b067b776a240f39e56,320
mindfulness,621e33b067b776a240f39e56,346
mindfulness,621e33b067b776a240f39e56,362
mindfulness,621e33b067b776a240f39e56,382
mindfulness,621e33b067b776a240f39e56,392
mindfulness,621e33b067b776a240f39e56,407
mindfulness,621e33b067b776a240f39e56,412
mindfulness,621e33b067b776a240f39e56,418
mindfulness,621e33b067b776a240f39e56,430
mindfulness,621e33b067b776a240f39e56,437
mindfulness,621e33b067b776a240f39e56,441
mindfulness,621e33b067b776a240f39e56,454
mindfulness,621e33b067b776a240f39e56,460
mindfulness,621e33b067b776a240f39e56,464
mindfulness,621e33b067b776a240f39e56,479
mindfulness,621e33b067b776a240f39e56,483
mindfulness,621e33b067b776a240f39e56,488
mindfulness,621e33b067b776a240f39e56,504
mindfulness,621e33b067b776a240f39e56,511
mindfulness,621e33b067b776a240f39e56,513
mindfulness,621e33b067b776a240f39e56,528
mindfulness,621e33b067b776a240f39e56,535
mindfulness,621e33b067b776a240f39e56,537
mindfulness,621e33b067b776a240f39e56,551
mindfulness,621e33b067b776a240f39e56,555
mindfulness,621e33b067b776a240f39e56,561
mindfulness,621e33b067b776a240f39e56,574
mindfulness,621e33b067b776a240f39e56,579
mindfulness,621e33b067b776a240f39e56,585
mindfulness,621e33b067b776a240f39e56,598
mindfulness,621e33b067b776a240f39e56,603
mindfulness,621e33b067b776a240f39e56,608
mindfulness,621e33b067b776a240f39e56,622
mindfulness,621e33b067b776a240f39e56,627
mindfulness,621e33b067b776a240f39e56,646
mindfulness,621e33b067b776a240f39e56,651
mindfulness,621e33b067b776a240f39e56,672
mindfulness,621e33b067b776a240f39e56,679
mindfulness,621e33b067b776a240f39e56,682
mindfulness,621e33b067b776a240f39e56,698
mindfulness,621e33b067b776a240f39e56,702
mindfulness,621e33b067b776a240f39e56,706
mindfulness,621e33b067b776a240f39e56,720
mindfulness,621e33cf67b776a240087de9,45
mindfulness,621e33cf67b776a240087de9,58
mindfulness,621e33cf67b776a240087de9,62
mindfulness,621e33cf67b776a240087de9,67
mindfulness,621e33cf67b776a240087de9,82
mindfulness,621e33cf67b776a240087de9,86
mindfulness,621e33cf67b776a240087de9,91
mindfulness,621e33cf67b776a240087de9,12
mindfulness,621e33cf67b776a240087de9,17
mindfulness,621e33cf67b776a240087de9,22
mindfulness,621e33cf67b776a240087de9,37
mindfulness,621e33cf67b776a240087de9,41
mindfulness,621e33cf67b776a240087de9,46
mindfulness,621e33cf67b776a240087de9,62
mindfulness,621e33cf67b776a240087de9,68
mindfulness,621e33cf67b776a240087de9,71
mindfulness,621e33cf67b776a240087de9,87
mindfulness,621e33cf67b776a240087de9,92
mindfulness,621e33cf67b776a240087de9,108
mindfulness,621e33cf67b776a240087de9,113
mindfulness,621e33cf67b776a240087de9,118
mindfulness,621e33cf67b776a240087de9,133
mindfulness,621e33cf67b776a240087de9,137
mindfulness,621e33cf67b776a240087de9,143
mindfulness,621e33cf67b776a240087de9,156
mindfulness,621e33cf67b776a240087de9,161
mindfulness,621e33cf67b776a240087de9,167
mindfulness,621e33cf67b776a240087de9,11
mindfulness,621e33cf67b776a240087de9,16
mindfulness,621e33cf67b776a240087de9,21
mindfulness,621e33cf67b776a240087de9,35
mindfulness,621e33cf67b776a240087de9,42
mindfulness,621e33cf67b776a240087de9,45
mindfulness,621e33cf67b776a240087de9,24
mindfulness,621e33cf67b776a240087de9,40
mindfulness,621e33cf67b776a240087de9,46
mindfulness,621e33cf67b776a240087de9,84
mindfulness,621e33cf67b776a240087de9,88
mindfulness,621e33cf67b776a240087de9,94
mindfulness,621e33cf67b776a240087de9,12
mindfulness,621e33cf67b776a240087de9,18
mindfulness,621e33cf67b776a240087de9,22
mindfulness,621e33cf67b776a240087de9,39
mindfulness,621e33cf67b776a240087de9,45
mindfulness,621e33cf67b776a240087de9,48
mindfulness,621e33cf67b776a240087de9,62
mindfulness,621e33cf67b776a240087de9,68
mindfulness,621e33cf67b776a240087de9,73
mindfulness,621e33cf67b776a240087de9,84
mindfulness,621e33cf67b776a240087de9,89
mindfulness,621e33cf67b776a240087de9,97
mindfulness,621e33cf67b776a240087de9,108
mindfulness,621e33cf67b776a240087de9,113
mindfulness,621e33cf67b776a240087de9,184
mindfulness,621e33cf67b776a240087de9,185
mindfulness,621e33cf67b776a240087de9,190
mindfulness,621e33cf67b776a240087de9,206
mindfulness,621e33cf67b776a240087de9,212
mindfulness,621e33cf67b776a240087de9,217
mindfulness,621e33cf67b776a240087de9,236
mindfulness,621e33cf67b776a240087de9,254
mindfulness,621e33cf67b776a240087de9,259
mindfulness,621e33cf67b776a240087de9,263
mindfulness,621e33cf67b776a240087de9,277
mindfulness,621e33cf67b776a240087de9,283
mindfulness,621e33cf67b776a240087de9,287
mindfulness,621e33cf67b776a240087de9,301
mindfulness,621e33cf67b776a240087de9,311
mindfulness,621e33cf67b776a240087de9,325
mindfulness,621e33cf67b776a240087de9,352
mindfulness,621e33cf67b776a240087de9,354
mindfulness,621e33cf67b776a240087de9,375
mindfulness,621e33cf67b776a240087de9,380
mindfulness,621e33cf67b776a240087de9,384
mindfulness,621e33cf67b776a240087de9,400
mindfulness,621e33cf67b776a240087de9,405
mindfulness,621e33cf67b776a240087de9,424
mindfulness,621e33cf67b776a240087de9,427
mindfulness,621e33cf67b776a240087de9,430
mindfulness,621e33cf67b776a240087de9,447
mindfulness,621e33cf67b776a240087de9,449
mindfulness,621e33cf67b776a240087de9,519
mindfulness,621e33cf67b776a240087de9,523
mindfulness,621e33cf67b776a240087de9,527
mindfulness,621e33cf67b776a240087de9,542
mindfulness,621e33cf67b776a240087de9,548
mindfulness,621e33cf67b776a240087de9,566
mindfulness,621e33cf67b776a240087de9,572
mindfulness,621e33cf67b776a240087de9,594
mindfulness,621e33cf67b776a240087de9,599
mindfulness,621e33cf67b776a240087de9,613
mindfulness,621e33cf67b776a240087de9,618
mindfulness,621e33cf67b776a240087de9,637
mindfulness,621e33cf67b776a240087de9,644
mindfulness,621e33cf67b776a240087de9,648
mindfulness,621e33cf67b776a240087de9,661
mindfulness,621e33cf67b776a240087de9,665
mindfulness,621e33cf67b776a240087de9,672
mindfulness,621e33cf67b776a240087de9,684
mindfulness,621e33cf67b776a240087de9,690
mindfulness,621e33cf67b776a240087de9,696
mindfulness,621e33cf67b776a240087de9,710
mindfulness,621e33cf67b776a240087de9,721
mindfulness,621e33cf67b776a240087de9,735
mindfulness,621e33cf67b776a240087de9,740
mindfulness,621e33cf67b776a240087de9,745
mindfulness,621e33cf67b776a240087de9,756
mindfulness,621e33cf67b776a240087de9,762
mindfulness,621e33cf67b776a240087de9,767
mindfulness,621e33cf67b776a240087de9,781
mindfulness,621e33cf67b776a240087de9,808
mindfulness,621e33cf67b776a240087de9,810
mindfulness,621e33cf67b776a240087de9,828
mindfulness,621e33cf67b776a240087de9,834
mindfulness,621e33cf67b776a240087de9,841
mindfulness,621e33cf67b776a240087de9,853
mindfulness,621e33cf67b776a240087de9,859
mindfulness,621e33cf67b776a240087de9,864
mindfulness,621e33cf67b776a240087de9,878
mindfulness,621e33cf67b776a240087de9,903
mindfulness,621e33cf67b776a240087de9,909
mindfulness,621e33cf67b776a240087de9,911
mindfulness,621e33cf67b776a240087de9,924
mindfulness,621e33cf67b776a240087de9,929
mindfulness,621e33cf67b776a240087de9,934
mindfulness,621e33cf67b776a240087de9,948
mindfulness,621e33cf67b776a240087de9,3
mindfulness,621e33cf67b776a240087de9,8
mindfulness,621e33cf67b776a240087de9,11
mindfulness,621e33cf67b776a240087de9,18
mindfulness,621e33cf67b776a240087de9,21
mindfulness,621e33cf67b776a240087de9,35
mindfulness,621e33cf67b776a240087de9,42
mindfulness,621e33cf67b776a240087de9,61
mindfulness,621e33cf67b776a240087de9,64
mindfulness,621e33cf67b776a240087de9,70
mindfulness,621e33cf67b776a240087de9,85
mindfulness,621e33cf67b776a240087de9,91
mindfulness,621e33cf67b776a240087de9,96
mindfulness,621e33cf67b776a240087de9,109
mindfulness,621e33cf67b776a240087de9,116
mindfulness,621e33cf67b776a240087de9,119
mindfulness,621e33ed67b776a2401cf5f7,129
mindfulness,621e33ed67b776a2401cf5f7,135
mindfulness,621e33ed67b776a2401cf5f7,137
mindfulness,621e33ed67b776a2401cf5f7,156
mindfulness,621e33ed67b776a2401cf5f7,160
mindfulness,621e33ed67b776a2401cf5f7,178
mindfulness,621e33ed67b776a2401cf5f7,208
mindfulness,621e33ed67b776a2401cf5f7,210
mindfulness,621e33ed67b776a2401cf5f7,228
mindfulness,621e33ed67b776a2401cf5f7,253
mindfulness,621e33ed67b776a2401cf5f7,305
mindfulness,621e33ed67b776a2401cf5f7,378
mindfulness,621e33ed67b776a2401cf5f7,167
mindfulness,621e33ed67b776a2401cf5f7,170
mindfulness,621e33ed67b776a2401cf5f7,187
mindfulness,621e33ed67b776a2401cf5f7,209
mindfulness,621e33ed67b776a2401cf5f7,215
mindfulness,621e33ed67b776a2401cf5f7,217
mindfulness,621e33ed67b776a2401cf5f7,455
mindfulness,621e33ed67b776a2401cf5f7,552
mindfulness,621e33ed67b776a2401cf5f7,867
mindfulness,621e33ed67b776a2401cf5f7,954
mindfulness,621e341067b776a24037b105,26
mindfulness,621e34db67b776a240c9c2be,6
mindfulness,621e34db67b776a240c9c2be,24
mindfulness,621e34db67b776a240c9c2be,28
mindfulness,621e34db67b776a240c9c2be,32
mindfulness,621e34db67b776a240c9c2be,46
mindfulness,621e34db67b776a240c9c2be,57
mindfulness,621e34db67b776a240c9c2be,70
mindfulness,621e34db67b776a240c9c2be,78
mindfulness,621e34db67b776a240c9c2be,94
mindfulness,621e34db67b776a240c9c2be,117
mindfulness,621e34db67b776a240c9c2be,124
mindfulness,621e34db67b776a240c9c2be,127
mindfulness,621e34db67b776a240c9c2be,142
mindfulness,621e34db67b776a240c9c2be,146
mindfulness,621e34db67b776a240c9c2be,152
mindfulness,621e34db67b776a240c9c2be,164
mindfulness,621e34db67b776a240c9c2be,171
mindfulness,621e34db67b776a240c9c2be,175
mindfulness,621e34db67b776a240c9c2be,190
mindfulness,621e34db67b776a240c9c2be,197
mindfulness,621e34db67b776a240c9c2be,215
mindfulness,621e34db67b776a240c9c2be,225
mindfulness,621e34db67b776a240c9c2be,240
mindfulness,621e34db67b776a240c9c2be,241
mindfulness,621e34db67b776a240c9c2be,247
mindfulness,621e34db67b776a240c9c2be,287
mindfulness,621e34db67b776a240c9c2be,289
mindfulness,621e34db67b776a240c9c2be,294
mindfulness,621e34db67b776a240c9c2be,309
mindfulness,621e34db67b776a240c9c2be,313
mindfulness,621e34db67b776a240c9c2be,12
mindfulness,621e34db67b776a240c9c2be,22
mindfulness,621e34db67b776a240c9c2be,38
mindfulness,621e34db67b776a240c9c2be,46
mindfulness,621e34db67b776a240c9c2be,64
mindfulness,621e34db67b776a240c9c2be,69
mindfulness,621e34db67b776a240c9c2be,84
mindfulness,621e34db67b776a240c9c2be,90
mindfulness,621e34db67b776a240c9c2be,94
mindfulness,621e34db67b776a240c9c2be,109
mindfulness,621e34db67b776a240c9c2be,118
mindfulness,621e34db67b776a240c9c2be,133
mindfulness,621e34db67b776a240c9c2be,142
mindfulness,621e34db67b776a240c9c2be,166
mindfulness,621e34db67b776a240c9c2be,179
mindfulness,621e34ff67b776a240e446d6,3
mindfulness,621e34ff67b776a240e446d6,11
mindfulness,621e34ff67b776a240e446d6,12
mindfulness,621e34ff67b776a240e446d6,26
mindfulness,621e34ff67b776a240e446d6,31
mindfulness,621e34ff67b776a240e446d6,36
mindfulness,621e34ff67b776a240e446d6,50
mindfulness,621e34ff67b776a240e446d6,55
mindfulness,621e34ff67b776a240e446d6,62
mindfulness,621e34ff67b776a240e446d6,78
mindfulness,621e34ff67b776a240e446d6,84
mindfulness,621e34ff67b776a240e446d6,86
mindfulness,621e34ff67b776a240e446d6,101
mindfulness,621e34ff67b776a240e446d6,106
mindfulness,621e34ff67b776a240e446d6,111
mindfulness,621e34ff67b776a240e446d6,124
mindfulness,621e34ff67b776a240e446d6,131
mindfulness,621e34ff67b776a240e446d6,134
mindfulness,621e34ff67b776a240e446d6,153
mindfulness,621e34ff67b776a240e446d6,172
mindfulness,621e34ff67b776a240e446d6,177
mindfulness,621e34ff67b776a240e446d6,196
mindfulness,621e34ff67b776a240e446d6,207
mindfulness,621e34ff67b776a240e446d6,254
mindfulness,621e34ff67b776a240e446d6,292
mindfulness,621e34ff67b776a240e446d6,323
mindfulness,621e34ff67b776a240e446d6,326
mindfulness,621e34ff67b776a240e446d6,345
mindfulness,621e34ff67b776a240e446d6,350
mindfulness,621e34ff67b776a240e446d6,9
mindfulness,621e34ff67b776a240e446d6,11
mindfulness,621e34ff67b776a240e446d6,26
mindfulness,621e34ff67b776a240e446d6,29
mindfulness,621e34ff67b776a240e446d6,52
mindfulness,621e34ff67b776a240e446d6,58
mindfulness,621e34ff67b776a240e446d6,76
mindfulness,621e34ff67b776a240e446d6,96
mindfulness,621e34ff67b776a240e446d6,101
mindfulness,621e34ff67b776a240e446d6,125
mindfulness,621e34ff67b776a240e446d6,132
mindfulness,621e34ff67b776a240e446d6,145
mindfulness,621e34ff67b776a240e446d6,170
mindfulness,621e34ff67b776a240e446d6,193
mindfulness,621e34ff67b776a240e446d6,203
mindfulness,621e34ff67b776a240e446d6,229
mindfulness,621e34ff67b776a240e446d6,249
mindfulness,621e34ff67b776a240e446d6,271
mindfulness,621e34ff67b776a240e446d6,323
mindfulness,621e34ff67b776a240e446d6,345
mindfulness,621e34ff67b776a240e446d6,361
mindfulness,621e34ff67b776a240e446d6,394
mindfulness,621e34ff67b776a240e446d6,421
mindfulness,621e34ff67b776a240e446d6,432
mindfulness,621e34ff67b776a240e446d6,457
mindfulness,621e34ff67b776a240e446d6,505
mindfulness,621e34ff67b776a240e446d6,528
mindfulness,621e34ff67b776a240e446d6,554
mindfulness,621e34ff67b776a240e446d6,580
mindfulness,621e34ff67b776a240e446d6,584
mindfulness,621e34ff67b776a240e446d6,609
mindfulness,621e34ff67b776a240e446d6,612
mindfulness,621e34ff67b776a240e446d6,626
mindfulness,621e34ff67b776a240e446d6,636
mindfulness,621e34ff67b776a240e446d6,650
mindfulness,621e34ff67b776a240e446d6,655
mindfulness,621e34ff67b776a240e446d6,658
mindfulness,621e34ff67b776a240e446d6,676
mindfulness,621e34ff67b776a240e446d6,684
mindfulness,621e34ff67b776a240e446d6,16
mindfulness,621e34ff67b776a240e446d6,41
mindfulness,621e34ff67b776a240e446d6,62
mindfulness,621e34ff67b776a240e446d6,73
mindfulness,621e34ff67b776a240e446d6,84
mindfulness,621e34ff67b776a240e446d6,90
mindfulness,621e34ff67b776a240e446d6,138
mindfulness,621e34ff67b776a240e446d6,17
mindfulness,621e34ff67b776a240e446d6,38
mindfulness,621e34ff67b776a240e446d6,44
mindfulness,621e34ff67b776a240e446d6,118
mindfulness,621e34ff67b776a240e446d6,132
mindfulness,621e34ff67b776a240e446d6,143
mindfulness,621e34ff67b776a240e446d6,180
mindfulness,621e34ff67b776a240e446d6,184
mindfulness,621e34ff67b776a240e446d6,206
mindfulness,621e34ff67b776a240e446d6,260
mindfulness,621e366567b776a24076a727,52
mindfulness,621e366567b776a24076a727,11
mindfulness,621e366567b776a24076a727,15
mindfulness,621e366567b776a24076a727,21
mindfulness,621e366567b776a24076a727,35
mindfulness,621e366567b776a24076a727,41
mindfulness,621e366567b776a24076a727,45
mindfulness,621e366567b776a24076a727,11
mindfulness,621e366567b776a24076a727,18
mindfulness,621e366567b776a24076a727,23
mindfulness,621e366567b776a24076a727,39
mindfulness,621e366567b776a24076a727,43
mindfulness,621e366567b776a24076a727,47
mindfulness,621e366567b776a24076a727,61
mindfulness,621e366567b776a24076a727,72
mindfulness,621e366567b776a24076a727,83
mindfulness,621e366567b776a24076a727,88
mindfulness,621e366567b776a24076a727,93
mindfulness,621e366567b776a24076a727,107
mindfulness,621e366567b776a24076a727,112
mindfulness,621e366567b776a24076a727,119
mindfulness,621e366567b776a24076a727,132
mindfulness,621e366567b776a24076a727,136
mindfulness,621e366567b776a24076a727,141
mindfulness,621e366567b776a24076a727,155
mindfulness,621e366567b776a24076a727,161
mindfulness,621e366567b776a24076a727,165
mindfulness,621e366567b776a24076a727,180
mindfulness,621e366567b776a24076a727,185
mindfulness,621e366567b776a24076a727,205
mindfulness,621e366567b776a24076a727,214
mindfulness,621e366567b776a24076a727,229
mindfulness,621e366567b776a24076a727,236
mindfulness,621e366567b776a24076a727,238
mindfulness,621e366567b776a24076a727,251
mindfulness,621e366567b776a24076a727,256
mindfulness,621e366567b776a24076a727,261
mindfulness,621e366567b776a24076a727,275
mindfulness,621e366567b776a24076a727,282
mindfulness,621e366567b776a24076a727,285
mindfulness,621e366567b776a24076a727,299
mindfulness,621e366567b776a24076a727,305
mindfulness,621e366567b776a24076a727,309
mindfulness,621e366567b776a24076a727,323
mindfulness,621e366567b776a24076a727,329
mindfulness,621e366567b776a24076a727,333
mindfulness,621e366567b776a24076a727,347
mindfulness,621e366567b776a24076a727,353
mindfulness,621e366567b776a24076a727,358
mindfulness,621e366567b776a24076a727,373
mindfulness,621e366567b776a24076a727,381
mindfulness,621e366567b776a24076a727,383
mindfulness,621e366567b776a24076a727,400
mindfulness,621e366567b776a24076a727,405
mindfulness,621e366567b776a24076a727,407
mindfulness,621e366567b776a24076a727,426
mindfulness,621e366567b776a24076a727,433
mindfulness,621e366567b776a24076a727,443
mindfulness,621e366567b776a24076a727,451
mindfulness,621e366567b776a24076a727,454
mindfulness,621e366567b776a24076a727,467
mindfulness,621e366567b776a24076a727,473
mindfulness,621e366567b776a24076a727,477
mindfulness,621e366567b776a24076a727,491
mindfulness,621e366567b776a24076a727,496
mindfulness,621e366567b776a24076a727,504
mindfulness,621e366567b776a24076a727,515
mindfulness,621e366567b776a24076a727,520
mindfulness,621e366567b776a24076a727,528
mindfulness,621e366567b776a24076a727,541
mindfulness,621e366567b776a24076a727,547
mindfulness,621e366567b776a24076a727,552
mindfulness,621e366567b776a24076a727,565
mindfulness,621e366567b776a24076a727,572
mindfulness,621e366567b776a24076a727,575
mindfulness,621e366567b776a24076a727,589
mindfulness,621e366567b776a24076a727,599
mindfulness,621e366567b776a24076a727,611
mindfulness,621e366567b776a24076a727,623
mindfulness,621e366567b776a24076a727,639
mindfulness,621e366567b776a24076a727,647
mindfulness,621e366567b776a24076a727,659
mindfulness,621e366567b776a24076a727,665
mindfulness,621e366567b776a24076a727,669
mindfulness,621e366567b776a24076a727,683
mindfulness,621e366567b776a24076a727,688
mindfulness,621e366567b776a24076a727,693
mindfulness,621e366567b776a24076a727,709
mindfulness,621e366567b776a24076a727,717
mindfulness,621e366567b776a24076a727,719
mindfulness,621e366567b776a24076a727,734
mindfulness,621e366567b776a24076a727,744
mindfulness,621e366567b776a24076a727,755
mindfulness,621e366567b776a24076a727,760
mindfulness,621e366567b776a24076a727,768
mindfulness,621e366567b776a24076a727,779
mindfulness,621e366567b776a24076a727,791
mindfulness,621e366567b776a24076a727,805
mindfulness,621e366567b776a24076a727,809
mindfulness,621e366567b776a24076a727,813
mindfulness,621e366567b776a24076a727,829
mindfulness,621e366567b776a24076a727,833
mindfulness,621e366567b776a24076a727,840
mindfulness,621e366567b776a24076a727,851
mindfulness,621e366567b776a24076a727,856
mindfulness,621e366567b776a24076a727,862
mindfulness,621e366567b776a24076a727,879
mindfulness,621e366567b776a24076a727,885
mindfulness,621e366567b776a24076a727,888
mindfulness,621e366567b776a24076a727,903
mindfulness,621e366567b776a24076a727,908
mindfulness,621e366567b776a24076a727,912
mindfulness,621e366567b776a24076a727,924
mindfulness,621e366567b776a24076a727,929
mindfulness,621e366567b776a24076a727,935
mindfulness,621e366567b776a24076a727,950
mindfulness,621e366567b776a24076a727,956
mindfulness,621e366567b776a24076a727,984
mindfulness,621e366567b776a24076a727,999
mindfulness,621e366567b776a24076a727,1000
mindfulness,621e366567b776a24076a727,1005
mindfulness,621e366567b776a24076a727,1020
mindfulness,621e366567b776a24076a727,1027
mindfulness,621e366567b776a24076a727,1029
mindfulness,621e366567b776a24076a727,1054
mindfulness,621e366567b776a24076a727,1069
mindfulness,621e366567b776a24076a727,1091
mindfulness,621e366567b776a24076a727,1096
mindfulness,621e366567b776a24076a727,1101
mindfulness,621e366567b776a24076a727,1115
mindfulness,621e366567b776a24076a727,1122
mindfulness,621e366567b776a24076a727,1125
mindfulness,621e366567b776a24076a727,1139
mindfulness,621e366567b776a24076a727,1144
mindfulness,621e366567b776a24076a727,1150
mindfulness,621e366567b776a24076a727,1165
mindfulness,621e366567b776a24076a727,1170
mindfulness,621e366567b776a24076a727,1187
mindfulness,621e366567b776a24076a727,1192
mindfulness,621e366567b776a24076a727,1199
mindfulness,621e366567b776a24076a727,1214
mindfulness,621e366567b776a24076a727,1221
mindfulness,621e366567b776a24076a727,1237
mindfulness,621e366567b776a24076a727,1243
mindfulness,621e366567b776a24076a727,1246
mindfulness,621e366567b776a24076a727,1260
mindfulness,621e366567b776a24076a727,1264
mindfulness,621e366567b776a24076a727,1270
mindfulness,621e366567b776a24076a727,1284
mindfulness,621e366567b776a24076a727,1288
mindfulness,621e366567b776a24076a727,1295
mindfulness,621e366567b776a24076a727,1314
mindfulness,621e366567b776a24076a727,1333
mindfulness,621e366567b776a24076a727,1336
mindfulness,621e366567b776a24076a727,1342
mindfulness,621e366567b776a24076a727,1355
mindfulness,621e366567b776a24076a727,1360
mindfulness,621e366567b776a24076a727,1365
mindfulness,621e366567b776a24076a727,1382
mindfulness,621e366567b776a24076a727,1387
mindfulness,621e366567b776a24076a727,1392
mindfulness,621e366567b776a24076a727,1411
mindfulness,621e366567b776a24076a727,1415
mindfulness,621e367e67b776a24087d75d,795
mindfulness,621e367e67b776a24087d75d,813
mindfulness,621e367e67b776a24087d75d,819
mindfulness,621e367e67b776a24087d75d,856
mindfulness,621e367e67b776a24087d75d,881
mindfulness,621e367e67b776a24087d75d,886
mindfulness,621e36f967b776a240e5e7c9,5
mindfulness,621e36f967b776a240e5e7c9,8
mindfulness,621e36f967b776a240e5e7c9,12
mindfulness,621e36f967b776a240e5e7c9,25
mindfulness,621e36f967b776a240e5e7c9,30
mindfulness,621e36f967b776a240e5e7c9,34
mindfulness,621e36f967b776a240e5e7c9,49
mindfulness,621e36f967b776a240e5e7c9,59
mindfulness,621e36f967b776a240e5e7c9,72
mindfulness,621e36f967b776a240e5e7c9,79
mindfulness,621e36f967b776a240e5e7c9,82
mindfulness,621e36f967b776a240e5e7c9,99
mindfulness,621e36f967b776a240e5e7c9,102
mindfulness,621e36f967b776a240e5e7c9,127
mindfulness,621e36f967b776a240e5e7c9,131
mindfulness,621e36f967b776a240e5e7c9,146
mindfulness,621e36f967b776a240e5e7c9,153
mindfulness,621e36f967b776a240e5e7c9,156
mindfulness,621e36f967b776a240e5e7c9,170
mindfulness,621e36f967b776a240e5e7c9,177
mindfulness,621e36f967b776a240e5e7c9,179
mindfulness,621e36f967b776a240e5e7c9,194
mindfulness,621e36f967b776a240e5e7c9,201
mindfulness,621e36f967b776a240e5e7c9,217
mindfulness,621e36f967b776a240e5e7c9,221
mindfulness,621e36f967b776a240e5e7c9,226
mindfulness,621e36f967b776a240e5e7c9,241
mindfulness,621e36f967b776a240e5e7c9,251
mindfulness,621e36f967b776a240e5e7c9,264
mindfulness,621e36f967b776a240e5e7c9,274
mindfulness,621e36f967b776a240e5e7c9,288
mindfulness,621e36f967b776a240e5e7c9,321
mindfulness,621e36f967b776a240e5e7c9,342
mindfulness,621e36f967b776a240e5e7c9,348
mindfulness,621e36f967b776a240e5e7c9,361
mindfulness,621e36f967b776a240e5e7c9,368
mindfulness,621e36f967b776a240e5e7c9,372
mindfulness,621e36f967b776a240e5e7c9,387
mindfulness,621e36f967b776a240e5e7c9,390
mindfulness,621e36f967b776a240e5e7c9,395
mindfulness,621e36f967b776a240e5e7c9,408
mindfulness,621e36f967b776a240e5e7c9,415
mindfulness,621e36f967b776a240e5e7c9,418
mindfulness,621e36f967b776a240e5e7c9,440
mindfulness,621e36f967b776a240e5e7c9,456
mindfulness,621e36f967b776a240e5e7c9,462
mindfulness,621e36f967b776a240e5e7c9,468
mindfulness,621e36f967b776a240e5e7c9,482
mindfulness,621e36f967b776a240e5e7c9,493
mindfulness,621e36f967b776a240e5e7c9,508
mindfulness,621e36f967b776a240e5e7c9,530
