event_type,W_hours,delta_hours,channel_set,n_channels,p_min,n_triples,n_triples_with_ema,n_participants,n_participants_ge10,n_participants_ge50
exercise_any,1,1,bpm,1,0.5,3716,251,69,61,31
exercise_any,1,1,bpm,1,0.75,3716,251,69,61,31
exercise_any,1,1,bpm,1,0.9,3716,251,69,61,31
exercise_any,1,1,bpm,1,1.0,3716,251,69,61,31
exercise_any,1,1,bpm+steps,2,0.5,3728,252,69,61,31
exercise_any,1,1,bpm+steps,2,0.75,3693,250,69,61,31
exercise_any,1,1,bpm+steps,2,0.9,3693,250,69,61,31
exercise_any,1,1,bpm+steps,2,1.0,3693,250,69,61,31
exercise_any,1,1,bpm+steps+calories,3,0.5,3728,252,69,61,31
exercise_any,1,1,bpm+steps+calories,3,0.75,3693,250,69,61,31
exercise_any,1,1,bpm+steps+calories,3,0.9,3693,250,69,61,31
exercise_any,1,1,bpm+steps+calories,3,1.0,3693,250,69,61,31
exercise_any,1,1,5x_true_hourly,5,0.5,3716,252,69,61,31
exercise_any,1,1,5x_true_hourly,5,0.75,3699,250,69,61,31
exercise_any,1,1,5x_true_hourly,5,0.9,2845,215,59,51,23
exercise_any,1,1,5x_true_hourly,5,1.0,2845,215,59,51,23
exercise_any,1,1,5x_hourly+scl_avg,6,0.5,3716,252,69,61,31
exercise_any,1,1,5x_hourly+scl_avg,6,0.75,2845,215,59,51,23
exercise_any,1,1,5x_hourly+scl_avg,6,0.9,0,0,0,0,0
exercise_any,1,1,5x_hourly+scl_avg,6,1.0,0,0,0,0,0
exercise_any,1,2,bpm,1,0.5,3729,520,69,61,31
exercise_any,1,2,bpm,1,0.75,3585,504,69,61,31
exercise_any,1,2,bpm,1,0.9,3585,504,69,61,31
exercise_any,1,2,bpm,1,1.0,3585,504,69,61,31
exercise_any,1,2,bpm+steps,2,0.5,3734,522,69,61,31
exercise_any,1,2,bpm+steps,2,0.75,3570,503,69,61,31
exercise_any,1,2,bpm+steps,2,0.9,3535,499,69,60,31
exercise_any,1,2,bpm+steps,2,1.0,3535,499,69,60,31
exercise_any,1,2,bpm+steps+calories,3,0.5,3738,522,69,61,31
exercise_any,1,2,bpm+steps+calories,3,0.75,3570,503,69,61,31
exercise_any,1,2,bpm+steps+calories,3,0.9,3535,499,69,60,31
exercise_any,1,2,bpm+steps+calories,3,1.0,3535,499,69,60,31
exercise_any,1,2,5x_true_hourly,5,0.5,3726,522,69,61,31
exercise_any,1,2,5x_true_hourly,5,0.75,3559,502,69,60,31
exercise_any,1,2,5x_true_hourly,5,0.9,2768,429,59,50,23
exercise_any,1,2,5x_true_hourly,5,1.0,2732,424,59,50,23
exercise_any,1,2,5x_hourly+scl_avg,6,0.5,3673,518,69,61,31
exercise_any,1,2,5x_hourly+scl_avg,6,0.75,2768,429,59,50,23
exercise_any,1,2,5x_hourly+scl_avg,6,0.9,0,0,0,0,0
exercise_any,1,2,5x_hourly+scl_avg,6,1.0,0,0,0,0,0
exercise_any,1,4,bpm,1,0.5,3648,973,69,61,31
exercise_any,1,4,bpm,1,0.75,3538,955,69,61,31
exercise_any,1,4,bpm,1,0.9,3374,925,69,60,30
exercise_any,1,4,bpm,1,1.0,3374,925,69,60,30
exercise_any,1,4,bpm+steps,2,0.5,3641,972,69,61,31
exercise_any,1,4,bpm+steps,2,0.75,3504,953,69,60,31
exercise_any,1,4,bpm+steps,2,0.9,3239,905,68,58,28
exercise_any,1,4,bpm+steps,2,1.0,3239,905,68,58,28
exercise_any,1,4,bpm+steps+calories,3,0.5,3736,990,69,61,31
exercise_any,1,4,bpm+steps+calories,3,0.75,3519,954,69,61,31
exercise_any,1,4,bpm+steps+calories,3,0.9,3337,921,68,59,30
exercise_any,1,4,bpm+steps+calories,3,1.0,3239,905,68,58,28
exercise_any,1,4,5x_true_hourly,5,0.5,3630,972,69,61,31
exercise_any,1,4,5x_true_hourly,5,0.75,3440,947,68,59,31
exercise_any,1,4,5x_true_hourly,5,0.9,2628,798,59,48,22
exercise_any,1,4,5x_true_hourly,5,1.0,2515,771,59,46,20
exercise_any,1,4,5x_hourly+scl_avg,6,0.5,3587,968,69,60,31
exercise_any,1,4,5x_hourly+scl_avg,6,0.75,2628,798,59,48,22
exercise_any,1,4,5x_hourly+scl_avg,6,0.9,0,0,0,0,0
exercise_any,1,4,5x_hourly+scl_avg,6,1.0,0,0,0,0,0
exercise_any,1,8,bpm,1,0.5,3532,1229,69,61,30
exercise_any,1,8,bpm,1,0.75,3360,1190,69,56,29
exercise_any,1,8,bpm,1,0.9,3071,1092,68,51,26
exercise_any,1,8,bpm,1,1.0,3071,1092,68,51,26
exercise_any,1,8,bpm+steps,2,0.5,3512,1228,69,59,30
exercise_any,1,8,bpm+steps,2,0.75,3319,1182,68,55,29
exercise_any,1,8,bpm+steps,2,0.9,2989,1075,68,51,25
exercise_any,1,8,bpm+steps,2,1.0,2698,1007,68,49,23
exercise_any,1,8,bpm+steps+calories,3,0.5,3679,1268,69,61,31
exercise_any,1,8,bpm+steps+calories,3,0.75,3413,1203,68,58,29
exercise_any,1,8,bpm+steps+calories,3,0.9,3183,1144,68,53,27
exercise_any,1,8,bpm+steps+calories,3,1.0,2698,1007,68,49,23
exercise_any,1,8,5x_true_hourly,5,0.5,3543,1243,68,59,31
exercise_any,1,8,5x_true_hourly,5,0.75,3240,1167,68,53,28
exercise_any,1,8,5x_true_hourly,5,0.9,2554,999,59,47,21
exercise_any,1,8,5x_true_hourly,5,1.0,2136,860,59,44,14
exercise_any,1,8,5x_hourly+scl_avg,6,0.5,3430,1212,68,57,29
exercise_any,1,8,5x_hourly+scl_avg,6,0.75,2554,999,59,47,21
exercise_any,1,8,5x_hourly+scl_avg,6,0.9,0,0,0,0,0
exercise_any,1,8,5x_hourly+scl_avg,6,1.0,0,0,0,0,0
exercise_any,1,24,bpm,1,0.5,3525,1741,69,61,30
exercise_any,1,24,bpm,1,0.75,3113,1580,67,52,27
exercise_any,1,24,bpm,1,0.9,2776,1447,61,51,23
exercise_any,1,24,bpm,1,1.0,2353,1224,61,49,19
exercise_any,1,24,bpm+steps,2,0.5,3494,1732,69,60,30
exercise_any,1,24,bpm+steps,2,0.75,3053,1563,65,51,27
exercise_any,1,24,bpm+steps,2,0.9,2673,1402,61,50,22
exercise_any,1,24,bpm+steps,2,1.0,1588,833,58,43,13
exercise_any,1,24,bpm+steps+calories,3,0.5,3669,1796,69,62,31
exercise_any,1,24,bpm+steps+calories,3,0.75,3328,1675,68,55,29
exercise_any,1,24,bpm+steps+calories,3,0.9,2829,1467,61,51,24
exercise_any,1,24,bpm+steps+calories,3,1.0,1588,833,58,43,13
exercise_any,1,24,5x_true_hourly,5,0.5,3531,1748,69,61,30
exercise_any,1,24,5x_true_hourly,5,0.75,3036,1559,61,51,26
exercise_any,1,24,5x_true_hourly,5,0.9,2302,1247,57,46,17
exercise_any,1,24,5x_true_hourly,5,1.0,1295,721,53,35,9
exercise_any,1,24,5x_hourly+scl_avg,6,0.5,3337,1684,68,55,29
exercise_any,1,24,5x_hourly+scl_avg,6,0.75,2302,1247,57,46,17
exercise_any,1,24,5x_hourly+scl_avg,6,0.9,0,0,0,0,0
exercise_any,1,24,5x_hourly+scl_avg,6,1.0,0,0,0,0,0
exercise_any,2,1,bpm,1,0.5,3741,255,69,61,31
exercise_any,2,1,bpm,1,0.75,3585,245,69,61,31
exercise_any,2,1,bpm,1,0.9,3585,245,69,61,31
exercise_any,2,1,bpm,1,1.0,3585,245,69,61,31
exercise_any,2,1,bpm+steps,2,0.5,3737,255,69,61,31
exercise_any,2,1,bpm+steps,2,0.75,3580,245,69,61,31
exercise_any,2,1,bpm+steps,2,0.9,3540,241,69,61,31
exercise_any,2,1,bpm+steps,2,1.0,3540,241,69,61,31
exercise_any,2,1,bpm+steps+calories,3,0.5,3752,256,69,61,31
exercise_any,2,1,bpm+steps+calories,3,0.75,3580,245,69,61,31
exercise_any,2,1,bpm+steps+calories,3,0.9,3540,241,69,61,31
exercise_any,2,1,bpm+steps+calories,3,1.0,3540,241,69,61,31
exercise_any,2,1,5x_true_hourly,5,0.5,3735,255,69,61,31
exercise_any,2,1,5x_true_hourly,5,0.75,3573,244,69,61,31
exercise_any,2,1,5x_true_hourly,5,0.9,2800,210,59,50,23
exercise_any,2,1,5x_true_hourly,5,1.0,2785,210,59,48,23
exercise_any,2,1,5x_hourly+scl_avg,6,0.5,3645,250,69,61,31
exercise_any,2,1,5x_hourly+scl_avg,6,0.75,2800,210,59,50,23
exercise_any,2,1,5x_hourly+scl_avg,6,0.9,0,0,0,0,0
exercise_any,2,1,5x_hourly+scl_avg,6,1.0,0,0,0,0,0
exercise_any,2,2,bpm,1,0.5,3754,525,69,61,31
exercise_any,2,2,bpm,1,0.75,3461,492,69,61,30
exercise_any,2,2,bpm,1,0.9,3461,492,69,61,30
exercise_any,2,2,bpm,1,1.0,3461,492,69,61,30
exercise_any,2,2,bpm+steps,2,0.5,3743,526,69,61,31
exercise_any,2,2,bpm+steps,2,0.75,3464,492,69,61,30
exercise_any,2,2,bpm+steps,2,0.9,3391,484,69,59,29
exercise_any,2,2,bpm+steps,2,1.0,3391,484,69,59,29
exercise_any,2,2,bpm+steps+calories,3,0.5,3762,527,69,61,31
exercise_any,2,2,bpm+steps+calories,3,0.75,3464,492,69,61,30
exercise_any,2,2,bpm+steps+calories,3,0.9,3391,484,69,59,29
exercise_any,2,2,bpm+steps+calories,3,1.0,3391,484,69,59,29
exercise_any,2,2,5x_true_hourly,5,0.5,3745,526,69,61,31
exercise_any,2,2,5x_true_hourly,5,0.75,3440,490,69,60,29
exercise_any,2,2,5x_true_hourly,5,0.9,2724,422,59,50,23
exercise_any,2,2,5x_true_hourly,5,1.0,2675,417,59,48,23
exercise_any,2,2,5x_hourly+scl_avg,6,0.5,3607,513,69,61,31
exercise_any,2,2,5x_hourly+scl_avg,6,0.75,2724,422,59,50,23
exercise_any,2,2,5x_hourly+scl_avg,6,0.9,0,0,0,0,0
exercise_any,2,2,5x_hourly+scl_avg,6,1.0,0,0,0,0,0
exercise_any,2,4,bpm,1,0.5,3672,980,69,61,31
exercise_any,2,4,bpm,1,0.75,3421,932,69,60,29
exercise_any,2,4,bpm,1,0.9,3263,902,69,59,29
exercise_any,2,4,bpm,1,1.0,3263,902,69,59,29
exercise_any,2,4,bpm+steps,2,0.5,3652,977,69,61,31
exercise_any,2,4,bpm+steps,2,0.75,3406,931,69,59,29
exercise_any,2,4,bpm+steps,2,0.9,3117,872,68,58,27
exercise_any,2,4,bpm+steps,2,1.0,3117,872,68,58,27
exercise_any,2,4,bpm+steps+calories,3,0.5,3760,997,69,61,31
exercise_any,2,4,bpm+steps+calories,3,0.75,3420,932,69,61,29
exercise_any,2,4,bpm+steps+calories,3,0.9,3209,887,68,58,28
exercise_any,2,4,bpm+steps+calories,3,1.0,3117,872,68,58,27
exercise_any,2,4,5x_true_hourly,5,0.5,3649,977,69,61,31
exercise_any,2,4,5x_true_hourly,5,0.75,3335,922,68,59,29
exercise_any,2,4,5x_true_hourly,5,0.9,2589,781,59,47,20
exercise_any,2,4,5x_true_hourly,5,1.0,2466,755,59,45,20
exercise_any,2,4,5x_hourly+scl_avg,6,0.5,3527,956,69,60,29
exercise_any,2,4,5x_hourly+scl_avg,6,0.75,2589,781,59,47,20
exercise_any,2,4,5x_hourly+scl_avg,6,0.9,0,0,0,0,0
exercise_any,2,4,5x_hourly+scl_avg,6,1.0,0,0,0,0,0
exercise_any,2,8,bpm,1,0.5,3554,1238,69,61,30
exercise_any,2,8,bpm,1,0.75,3252,1160,69,55,29
exercise_any,2,8,bpm,1,0.9,2977,1067,68,51,25
exercise_any,2,8,bpm,1,1.0,2977,1067,68,51,25
exercise_any,2,8,bpm+steps,2,0.5,3521,1235,69,59,30
exercise_any,2,8,bpm+steps,2,0.75,3229,1157,68,54,29
exercise_any,2,8,bpm+steps,2,0.9,2879,1041,68,51,25
exercise_any,2,8,bpm+steps,2,1.0,2594,975,68,48,22
exercise_any,2,8,bpm+steps+calories,3,0.5,3702,1277,69,61,31
exercise_any,2,8,bpm+steps+calories,3,0.75,3318,1176,68,57,29
exercise_any,2,8,bpm+steps+calories,3,0.9,3062,1105,68,53,26
exercise_any,2,8,bpm+steps+calories,3,1.0,2594,975,68,48,22
exercise_any,2,8,5x_true_hourly,5,0.5,3561,1251,68,59,31
exercise_any,2,8,5x_true_hourly,5,0.75,3146,1140,68,53,29
exercise_any,2,8,5x_true_hourly,5,0.9,2515,982,59,46,19
exercise_any,2,8,5x_true_hourly,5,1.0,2096,848,59,43,13
exercise_any,2,8,5x_hourly+scl_avg,6,0.5,3373,1197,68,56,29
exercise_any,2,8,5x_hourly+scl_avg,6,0.75,2515,982,59,46,19
exercise_any,2,8,5x_hourly+scl_avg,6,0.9,0,0,0,0,0
exercise_any,2,8,5x_hourly+scl_avg,6,1.0,0,0,0,0,0
exercise_any,2,24,bpm,1,0.5,3547,1751,69,61,30
exercise_any,2,24,bpm,1,0.75,3029,1548,67,52,27
exercise_any,2,24,bpm,1,0.9,2707,1417,61,51,23
exercise_any,2,24,bpm,1,1.0,2301,1203,61,47,19
exercise_any,2,24,bpm+steps,2,0.5,3505,1739,69,60,30
exercise_any,2,24,bpm+steps,2,0.75,2983,1537,65,51,27
exercise_any,2,24,bpm+steps,2,0.9,2589,1366,61,50,22
exercise_any,2,24,bpm+steps,2,1.0,1549,817,57,41,12
exercise_any,2,24,bpm+steps+calories,3,0.5,3690,1806,69,62,31
exercise_any,2,24,bpm+steps+calories,3,0.75,3247,1646,68,55,29
exercise_any,2,24,bpm+steps+calories,3,0.9,2739,1427,61,51,24
exercise_any,2,24,bpm+steps+calories,3,1.0,1549,817,57,41,12
exercise_any,2,24,5x_true_hourly,5,0.5,3548,1757,69,61,30
exercise_any,2,24,5x_true_hourly,5,0.75,2963,1529,61,51,26
exercise_any,2,24,5x_true_hourly,5,0.9,2270,1226,57,46,17
exercise_any,2,24,5x_true_hourly,5,1.0,1278,714,53,35,9
exercise_any,2,24,5x_hourly+scl_avg,6,0.5,3293,1673,68,55,29
exercise_any,2,24,5x_hourly+scl_avg,6,0.75,2270,1226,57,46,17
exercise_any,2,24,5x_hourly+scl_avg,6,0.9,0,0,0,0,0
exercise_any,2,24,5x_hourly+scl_avg,6,1.0,0,0,0,0,0
exercise_any,4,1,bpm,1,0.5,3656,250,69,61,31
exercise_any,4,1,bpm,1,0.75,3551,246,69,61,29
exercise_any,4,1,bpm,1,0.9,3397,233,69,59,29
exercise_any,4,1,bpm,1,1.0,3397,233,69,59,29
exercise_any,4,1,bpm+steps,2,0.5,3655,251,69,61,31
exercise_any,4,1,bpm+steps,2,0.75,3531,246,69,61,29
exercise_any,4,1,bpm+steps,2,0.9,3277,224,69,59,27
exercise_any,4,1,bpm+steps,2,1.0,3277,224,69,59,27
exercise_any,4,1,bpm+steps+calories,3,0.5,3754,255,69,61,31
exercise_any,4,1,bpm+steps+calories,3,0.75,3545,246,69,61,29
exercise_any,4,1,bpm+steps+calories,3,0.9,3379,230,69,59,28
exercise_any,4,1,bpm+steps+calories,3,1.0,3277,224,69,59,27
exercise_any,4,1,5x_true_hourly,5,0.5,3654,251,69,61,31
exercise_any,4,1,5x_true_hourly,5,0.75,3444,242,69,60,29
exercise_any,4,1,5x_true_hourly,5,0.9,2748,205,59,49,22
exercise_any,4,1,5x_true_hourly,5,1.0,2639,200,59,48,22
exercise_any,4,1,5x_hourly+scl_avg,6,0.5,3588,247,69,61,29
exercise_any,4,1,5x_hourly+scl_avg,6,0.75,2748,205,59,49,22
exercise_any,4,1,5x_hourly+scl_avg,6,0.9,0,0,0,0,0
exercise_any,4,1,5x_hourly+scl_avg,6,1.0,0,0,0,0,0
exercise_any,4,2,bpm,1,0.5,3669,516,69,61,31
exercise_any,4,2,bpm,1,0.75,3428,491,69,60,29
exercise_any,4,2,bpm,1,0.9,3280,473,69,58,29
exercise_any,4,2,bpm,1,1.0,3280,473,69,58,29
exercise_any,4,2,bpm+steps,2,0.5,3661,518,69,61,31
exercise_any,4,2,bpm+steps,2,0.75,3417,490,69,60,29
exercise_any,4,2,bpm+steps,2,0.9,3141,457,69,56,26
exercise_any,4,2,bpm+steps,2,1.0,3141,457,69,56,26
exercise_any,4,2,bpm+steps+calories,3,0.5,3764,527,69,61,31
exercise_any,4,2,bpm+steps+calories,3,0.75,3430,491,69,60,29
exercise_any,4,2,bpm+steps+calories,3,0.9,3238,467,69,57,27
exercise_any,4,2,bpm+steps+calories,3,1.0,3141,457,69,56,26
exercise_any,4,2,5x_true_hourly,5,0.5,3664,518,69,61,31
exercise_any,4,2,5x_true_hourly,5,0.75,3319,483,69,57,29
exercise_any,4,2,5x_true_hourly,5,0.9,2677,414,59,49,21
exercise_any,4,2,5x_true_hourly,5,1.0,2539,401,59,48,20
exercise_any,4,2,5x_hourly+scl_avg,6,0.5,3550,507,69,60,29
exercise_any,4,2,5x_hourly+scl_avg,6,0.75,2677,414,59,49,21
exercise_any,4,2,5x_hourly+scl_avg,6,0.9,0,0,0,0,0
exercise_any,4,2,5x_hourly+scl_avg,6,1.0,0,0,0,0,0
exercise_any,4,4,bpm,1,0.5,3589,964,69,61,30
exercise_any,4,4,bpm,1,0.75,3388,929,69,59,29
exercise_any,4,4,bpm,1,0.9,3096,864,69,55,27
exercise_any,4,4,bpm,1,1.0,3096,864,69,55,27
exercise_any,4,4,bpm+steps,2,0.5,3573,961,69,61,29
exercise_any,4,4,bpm+steps,2,0.75,3356,921,69,58,29
exercise_any,4,4,bpm+steps,2,0.9,2893,820,68,53,25
exercise_any,4,4,bpm+steps,2,1.0,2893,820,68,53,25
exercise_any,4,4,bpm+steps+calories,3,0.5,3762,998,69,61,31
exercise_any,4,4,bpm+steps+calories,3,0.75,3384,928,69,59,29
exercise_any,4,4,bpm+steps+calories,3,0.9,3066,857,68,55,28
exercise_any,4,4,bpm+steps+calories,3,1.0,2893,820,68,53,25
exercise_any,4,4,5x_true_hourly,5,0.5,3570,960,69,61,29
exercise_any,4,4,5x_true_hourly,5,0.75,3228,904,68,55,29
exercise_any,4,4,5x_true_hourly,5,0.9,2544,770,59,46,20
exercise_any,4,4,5x_true_hourly,5,1.0,2344,722,59,45,19
exercise_any,4,4,5x_hourly+scl_avg,6,0.5,3467,943,69,60,29
exercise_any,4,4,5x_hourly+scl_avg,6,0.75,2544,770,59,46,20
exercise_any,4,4,5x_hourly+scl_avg,6,0.9,0,0,0,0,0
exercise_any,4,4,5x_hourly+scl_avg,6,1.0,0,0,0,0,0
exercise_any,4,8,bpm,1,0.5,3480,1217,69,61,29
exercise_any,4,8,bpm,1,0.75,3221,1156,69,55,29
exercise_any,4,8,bpm,1,0.9,2826,1018,67,51,24
exercise_any,4,8,bpm,1,1.0,2826,1018,67,51,24
exercise_any,4,8,bpm+steps,2,0.5,3451,1213,69,59,29
exercise_any,4,8,bpm+steps,2,0.75,3182,1144,68,54,29
exercise_any,4,8,bpm+steps,2,0.9,2677,974,66,50,23
exercise_any,4,8,bpm+steps,2,1.0,2402,909,66,48,17
exercise_any,4,8,bpm+steps+calories,3,0.5,3706,1279,69,61,31
exercise_any,4,8,bpm+steps+calories,3,0.75,3284,1171,68,56,29
exercise_any,4,8,bpm+steps+calories,3,0.9,2930,1066,68,53,26
exercise_any,4,8,bpm+steps+calories,3,1.0,2402,909,66,48,17
exercise_any,4,8,5x_true_hourly,5,0.5,3491,1227,68,59,29
exercise_any,4,8,5x_true_hourly,5,0.75,3051,1117,66,53,29
exercise_any,4,8,5x_true_hourly,5,0.9,2470,967,59,45,19
exercise_any,4,8,5x_true_hourly,5,1.0,1992,807,59,41,13
exercise_any,4,8,5x_hourly+scl_avg,6,0.5,3322,1183,68,55,29
exercise_any,4,8,5x_hourly+scl_avg,6,0.75,2470,967,59,45,19
exercise_any,4,8,5x_hourly+scl_avg,6,0.9,0,0,0,0,0
exercise_any,4,8,5x_hourly+scl_avg,6,1.0,0,0,0,0,0
exercise_any,4,24,bpm,1,0.5,3474,1723,68,60,29
exercise_any,4,24,bpm,1,0.75,3011,1546,67,53,27
exercise_any,4,24,bpm,1,0.9,2600,1369,60,51,23
exercise_any,4,24,bpm,1,1.0,2210,1162,59,46,19
exercise_any,4,24,bpm+steps,2,0.5,3435,1713,68,59,29
exercise_any,4,24,bpm+steps,2,0.75,2954,1527,65,52,26
exercise_any,4,24,bpm+steps,2,0.9,2436,1298,59,50,19
exercise_any,4,24,bpm+steps,2,1.0,1472,780,56,38,12
exercise_any,4,24,bpm+steps+calories,3,0.5,3694,1807,69,62,31
exercise_any,4,24,bpm+steps+calories,3,0.75,3221,1640,68,55,29
exercise_any,4,24,bpm+steps+calories,3,0.9,2647,1385,60,51,24
exercise_any,4,24,bpm+steps+calories,3,1.0,1472,780,56,38,12
exercise_any,4,24,5x_true_hourly,5,0.5,3478,1731,68,59,29
exercise_any,4,24,5x_true_hourly,5,0.75,2896,1508,60,52,26
exercise_any,4,24,5x_true_hourly,5,0.9,2230,1205,57,46,17
exercise_any,4,24,5x_true_hourly,5,1.0,1233,690,53,33,9
exercise_any,4,24,5x_hourly+scl_avg,6,0.5,3254,1659,68,55,29
exercise_any,4,24,5x_hourly+scl_avg,6,0.75,2230,1205,57,46,17
exercise_any,4,24,5x_hourly+scl_avg,6,0.9,0,0,0,0,0
exercise_any,4,24,5x_hourly+scl_avg,6,1.0,0,0,0,0,0
exercise_any,8,1,bpm,1,0.5,3561,243,69,61,29
exercise_any,8,1,bpm,1,0.75,3417,240,69,58,28
exercise_any,8,1,bpm,1,0.9,3142,223,69,55,28
exercise_any,8,1,bpm,1,1.0,3142,223,69,55,28
exercise_any,8,1,bpm+steps,2,0.5,3555,243,69,60,29
exercise_any,8,1,bpm+steps,2,0.75,3399,241,69,58,28
exercise_any,8,1,bpm+steps,2,0.9,3056,216,69,54,27
exercise_any,8,1,bpm+steps,2,1.0,2812,194,69,52,24
exercise_any,8,1,bpm+steps+calories,3,0.5,3697,252,69,61,31
exercise_any,8,1,bpm+steps+calories,3,0.75,3471,242,69,60,29
exercise_any,8,1,bpm+steps+calories,3,0.9,3272,235,69,58,28
exercise_any,8,1,bpm+steps+calories,3,1.0,2812,194,69,52,24
exercise_any,8,1,5x_true_hourly,5,0.5,3562,244,69,60,29
exercise_any,8,1,5x_true_hourly,5,0.75,3290,236,69,55,29
exercise_any,8,1,5x_true_hourly,5,0.9,2743,211,59,49,22
exercise_any,8,1,5x_true_hourly,5,1.0,2348,174,59,46,17
exercise_any,8,1,5x_hourly+scl_avg,6,0.5,3458,241,69,59,29
exercise_any,8,1,5x_hourly+scl_avg,6,0.75,2743,211,59,49,22
exercise_any,8,1,5x_hourly+scl_avg,6,0.9,0,0,0,0,0
exercise_any,8,1,5x_hourly+scl_avg,6,1.0,0,0,0,0,0
exercise_any,8,2,bpm,1,0.5,3572,508,69,61,29
exercise_any,8,2,bpm,1,0.75,3299,483,69,57,28
exercise_any,8,2,bpm,1,0.9,3038,452,69,54,26
exercise_any,8,2,bpm,1,1.0,3038,452,69,54,26
exercise_any,8,2,bpm+steps,2,0.5,3560,509,69,60,29
exercise_any,8,2,bpm+steps,2,0.75,3290,483,69,57,29
exercise_any,8,2,bpm+steps,2,0.9,2934,438,69,54,25
exercise_any,8,2,bpm+steps,2,1.0,2698,401,69,52,24
exercise_any,8,2,bpm+steps+calories,3,0.5,3707,524,69,61,31
exercise_any,8,2,bpm+steps+calories,3,0.75,3360,488,69,59,29
exercise_any,8,2,bpm+steps+calories,3,0.9,3139,465,69,56,28
exercise_any,8,2,bpm+steps+calories,3,1.0,2698,401,69,52,24
exercise_any,8,2,5x_true_hourly,5,0.5,3571,510,69,60,29
exercise_any,8,2,5x_true_hourly,5,0.75,3178,471,69,55,29
exercise_any,8,2,5x_true_hourly,5,0.9,2677,419,59,49,21
exercise_any,8,2,5x_true_hourly,5,1.0,2259,356,58,46,16
exercise_any,8,2,5x_hourly+scl_avg,6,0.5,3423,500,69,58,29
exercise_any,8,2,5x_hourly+scl_avg,6,0.75,2677,419,59,49,21
exercise_any,8,2,5x_hourly+scl_avg,6,0.9,0,0,0,0,0
exercise_any,8,2,5x_hourly+scl_avg,6,1.0,0,0,0,0,0
exercise_any,8,4,bpm,1,0.5,3495,949,69,60,29
exercise_any,8,4,bpm,1,0.75,3262,910,69,55,29
exercise_any,8,4,bpm,1,0.9,2871,824,68,54,26
exercise_any,8,4,bpm,1,1.0,2871,824,68,54,26
exercise_any,8,4,bpm+steps,2,0.5,3474,945,69,59,29
exercise_any,8,4,bpm+steps,2,0.75,3235,908,69,54,29
exercise_any,8,4,bpm+steps,2,0.9,2702,787,67,51,25
exercise_any,8,4,bpm+steps,2,1.0,2488,710,67,51,20
exercise_any,8,4,bpm+steps+calories,3,0.5,3704,987,69,61,31
exercise_any,8,4,bpm+steps+calories,3,0.75,3315,919,69,58,29
exercise_any,8,4,bpm+steps+calories,3,0.9,2972,851,68,53,26
exercise_any,8,4,bpm+steps+calories,3,1.0,2488,710,67,51,20
exercise_any,8,4,5x_true_hourly,5,0.5,3481,946,69,59,29
exercise_any,8,4,5x_true_hourly,5,0.75,3096,888,68,54,29
exercise_any,8,4,5x_true_hourly,5,0.9,2541,776,59,48,20
exercise_any,8,4,5x_true_hourly,5,1.0,2091,634,57,45,14
exercise_any,8,4,5x_hourly+scl_avg,6,0.5,3346,928,69,56,29
exercise_any,8,4,5x_hourly+scl_avg,6,0.75,2541,776,59,48,20
exercise_any,8,4,5x_hourly+scl_avg,6,0.9,0,0,0,0,0
exercise_any,8,4,5x_hourly+scl_avg,6,1.0,0,0,0,0,0
exercise_any,8,8,bpm,1,0.5,3390,1192,69,59,29
exercise_any,8,8,bpm,1,0.75,3108,1128,68,54,29
exercise_any,8,8,bpm,1,0.9,2639,973,65,49,23
exercise_any,8,8,bpm,1,1.0,2639,973,65,49,23
exercise_any,8,8,bpm+steps,2,0.5,3357,1187,68,56,29
exercise_any,8,8,bpm+steps,2,0.75,3074,1122,67,53,29
exercise_any,8,8,bpm+steps,2,0.9,2512,934,64,49,22
exercise_any,8,8,bpm+steps,2,1.0,2070,783,63,47,14
exercise_any,8,8,bpm+steps+calories,3,0.5,3650,1262,69,61,29
exercise_any,8,8,bpm+steps+calories,3,0.75,3217,1154,68,55,29
exercise_any,8,8,bpm+steps+calories,3,0.9,2846,1053,67,51,25
exercise_any,8,8,bpm+steps+calories,3,1.0,2070,783,63,47,14
exercise_any,8,8,5x_true_hourly,5,0.5,3408,1206,68,56,29
exercise_any,8,8,5x_true_hourly,5,0.75,2948,1100,65,52,28
exercise_any,8,8,5x_true_hourly,5,0.9,2469,971,59,47,18
exercise_any,8,8,5x_true_hourly,5,1.0,1774,702,56,41,12
exercise_any,8,8,5x_hourly+scl_avg,6,0.5,3211,1159,67,53,29
exercise_any,8,8,5x_hourly+scl_avg,6,0.75,2469,971,59,47,18
exercise_any,8,8,5x_hourly+scl_avg,6,0.9,0,0,0,0,0
exercise_any,8,8,5x_hourly+scl_avg,6,1.0,0,0,0,0,0
exercise_any,8,24,bpm,1,0.5,3383,1699,68,58,29
exercise_any,8,24,bpm,1,0.75,2942,1520,67,52,27
exercise_any,8,24,bpm,1,0.9,2469,1312,60,50,19
exercise_any,8,24,bpm,1,1.0,2094,1112,59,45,14
exercise_any,8,24,bpm+steps,2,0.5,3342,1687,68,56,29
exercise_any,8,24,bpm+steps,2,0.75,2891,1509,65,52,26
exercise_any,8,24,bpm+steps,2,0.9,2336,1254,59,49,17
exercise_any,8,24,bpm+steps,2,1.0,1324,704,56,34,8
exercise_any,8,24,bpm+steps+calories,3,0.5,3635,1786,69,62,29
exercise_any,8,24,bpm+steps+calories,3,0.75,3174,1627,68,54,28
exercise_any,8,24,bpm+steps+calories,3,0.9,2601,1375,60,52,21
exercise_any,8,24,bpm+steps+calories,3,1.0,1324,704,56,34,8
exercise_any,8,24,5x_true_hourly,5,0.5,3397,1709,68,57,29
exercise_any,8,24,5x_true_hourly,5,0.75,2829,1481,60,52,26
exercise_any,8,24,5x_true_hourly,5,0.9,2230,1209,57,45,17
exercise_any,8,24,5x_true_hourly,5,1.0,1133,629,52,29,6
exercise_any,8,24,5x_hourly+scl_avg,6,0.5,3170,1635,68,54,29
exercise_any,8,24,5x_hourly+scl_avg,6,0.75,2230,1209,57,45,17
exercise_any,8,24,5x_hourly+scl_avg,6,0.9,0,0,0,0,0
exercise_any,8,24,5x_hourly+scl_avg,6,1.0,0,0,0,0,0
exercise_any,12,1,bpm,1,0.5,3521,244,69,60,29
exercise_any,12,1,bpm,1,0.75,3299,236,69,56,28
exercise_any,12,1,bpm,1,0.9,3075,227,69,52,27
exercise_any,12,1,bpm,1,1.0,2866,209,68,51,23
exercise_any,12,1,bpm+steps,2,0.5,3510,244,69,60,29
exercise_any,12,1,bpm+steps,2,0.75,3279,237,69,56,28
exercise_any,12,1,bpm+steps,2,0.9,2974,222,68,52,26
exercise_any,12,1,bpm+steps,2,1.0,2289,166,68,48,17
exercise_any,12,1,bpm+steps+calories,3,0.5,3713,256,69,61,31
exercise_any,12,1,bpm+steps+calories,3,0.75,3360,238,69,58,28
exercise_any,12,1,bpm+steps+calories,3,0.9,3054,227,68,52,27
exercise_any,12,1,bpm+steps+calories,3,1.0,2289,166,68,48,17
exercise_any,12,1,5x_true_hourly,5,0.5,3518,246,69,60,29
exercise_any,12,1,5x_true_hourly,5,0.75,3155,233,68,54,28
exercise_any,12,1,5x_true_hourly,5,0.9,2712,208,59,49,22
exercise_any,12,1,5x_true_hourly,5,1.0,1993,152,58,46,15
exercise_any,12,1,5x_hourly+scl_avg,6,0.5,3390,240,69,57,29
exercise_any,12,1,5x_hourly+scl_avg,6,0.75,2712,208,59,49,22
exercise_any,12,1,5x_hourly+scl_avg,6,0.9,0,0,0,0,0
exercise_any,12,1,5x_hourly+scl_avg,6,1.0,0,0,0,0,0
exercise_any,12,2,bpm,1,0.5,3534,509,69,60,29
exercise_any,12,2,bpm,1,0.75,3188,474,69,55,28
exercise_any,12,2,bpm,1,0.9,2975,452,67,52,27
exercise_any,12,2,bpm,1,1.0,2776,418,66,51,22
exercise_any,12,2,bpm+steps,2,0.5,3517,510,69,60,29
exercise_any,12,2,bpm+steps,2,0.75,3177,475,69,55,29
exercise_any,12,2,bpm+steps,2,0.9,2860,436,67,52,25
exercise_any,12,2,bpm+steps,2,1.0,2200,335,65,48,17
exercise_any,12,2,bpm+steps+calories,3,0.5,3723,530,69,61,31
exercise_any,12,2,bpm+steps+calories,3,0.75,3250,479,69,56,29
exercise_any,12,2,bpm+steps+calories,3,0.9,2936,447,67,52,26
exercise_any,12,2,bpm+steps+calories,3,1.0,2200,335,65,48,17
exercise_any,12,2,5x_true_hourly,5,0.5,3527,514,69,60,29
exercise_any,12,2,5x_true_hourly,5,0.75,3050,462,67,54,28
exercise_any,12,2,5x_true_hourly,5,0.9,2648,416,58,49,21
exercise_any,12,2,5x_true_hourly,5,1.0,1919,306,57,46,13
exercise_any,12,2,5x_hourly+scl_avg,6,0.5,3358,494,69,56,29
exercise_any,12,2,5x_hourly+scl_avg,6,0.75,2648,416,58,49,21
exercise_any,12,2,5x_hourly+scl_avg,6,0.9,0,0,0,0,0
exercise_any,12,2,5x_hourly+scl_avg,6,1.0,0,0,0,0,0
exercise_any,12,4,bpm,1,0.5,3458,946,69,60,29
exercise_any,12,4,bpm,1,0.75,3153,896,69,54,29
exercise_any,12,4,bpm,1,0.9,2813,824,66,52,23
exercise_any,12,4,bpm,1,1.0,2631,762,64,50,20
exercise_any,12,4,bpm+steps,2,0.5,3432,943,69,60,29
exercise_any,12,4,bpm+steps,2,0.75,3128,895,69,54,29
exercise_any,12,4,bpm+steps,2,0.9,2641,774,63,49,22
exercise_any,12,4,bpm+steps,2,1.0,2040,588,62,47,14
exercise_any,12,4,bpm+steps+calories,3,0.5,3720,998,69,61,31
exercise_any,12,4,bpm+steps+calories,3,0.75,3207,903,69,55,29
exercise_any,12,4,bpm+steps+calories,3,0.9,2786,816,64,52,23
exercise_any,12,4,bpm+steps+calories,3,1.0,2040,588,62,47,14
exercise_any,12,4,5x_true_hourly,5,0.5,3435,948,69,60,29
exercise_any,12,4,5x_true_hourly,5,0.75,2985,866,64,53,28
exercise_any,12,4,5x_true_hourly,5,0.9,2514,766,58,48,18
exercise_any,12,4,5x_true_hourly,5,1.0,1780,540,57,41,10
exercise_any,12,4,5x_hourly+scl_avg,6,0.5,3285,919,69,56,29
exercise_any,12,4,5x_hourly+scl_avg,6,0.75,2514,766,58,48,18
exercise_any,12,4,5x_hourly+scl_avg,6,0.9,0,0,0,0,0
exercise_any,12,4,5x_hourly+scl_avg,6,1.0,0,0,0,0,0
exercise_any,12,8,bpm,1,0.5,3353,1187,69,57,29
exercise_any,12,8,bpm,1,0.75,3016,1112,68,52,29
exercise_any,12,8,bpm,1,0.9,2622,980,61,49,23
exercise_any,12,8,bpm,1,1.0,2462,910,60,49,20
exercise_any,12,8,bpm+steps,2,0.5,3316,1184,68,55,29
exercise_any,12,8,bpm+steps,2,0.75,2988,1108,67,52,29
exercise_any,12,8,bpm+steps,2,0.9,2494,923,59,49,19
exercise_any,12,8,bpm+steps,2,1.0,1739,654,56,41,13
exercise_any,12,8,bpm+steps+calories,3,0.5,3664,1272,69,60,30
exercise_any,12,8,bpm+steps+calories,3,0.75,3119,1133,68,53,29
exercise_any,12,8,bpm+steps+calories,3,0.9,2706,1013,61,50,23
exercise_any,12,8,bpm+steps+calories,3,1.0,1739,654,56,41,13
exercise_any,12,8,5x_true_hourly,5,0.5,3362,1203,68,56,29
exercise_any,12,8,5x_true_hourly,5,0.75,2877,1078,61,52,25
exercise_any,12,8,5x_true_hourly,5,0.9,2444,961,58,47,18
exercise_any,12,8,5x_true_hourly,5,1.0,1516,598,53,35,9
exercise_any,12,8,5x_hourly+scl_avg,6,0.5,3160,1147,67,52,29
exercise_any,12,8,5x_hourly+scl_avg,6,0.75,2444,961,58,47,18
exercise_any,12,8,5x_hourly+scl_avg,6,0.9,0,0,0,0,0
exercise_any,12,8,5x_hourly+scl_avg,6,1.0,0,0,0,0,0
exercise_any,12,24,bpm,1,0.5,3354,1688,68,58,29
exercise_any,12,24,bpm,1,0.75,2872,1496,67,52,25
exercise_any,12,24,bpm,1,0.9,2455,1310,59,50,18
exercise_any,12,24,bpm,1,1.0,1965,1038,58,43,11
exercise_any,12,24,bpm+steps,2,0.5,3311,1678,68,56,29
exercise_any,12,24,bpm+steps,2,0.75,2833,1485,65,52,25
exercise_any,12,24,bpm+steps,2,0.9,2304,1234,59,49,17
exercise_any,12,24,bpm+steps,2,1.0,1151,618,55,29,5
exercise_any,12,24,bpm+steps+calories,3,0.5,3649,1797,69,62,30
exercise_any,12,24,bpm+steps+calories,3,0.75,3095,1595,68,53,28
exercise_any,12,24,bpm+steps+calories,3,0.9,2498,1325,59,50,19
exercise_any,12,24,bpm+steps+calories,3,1.0,1151,618,55,29,5
exercise_any,12,24,5x_true_hourly,5,0.5,3362,1701,68,58,29
exercise_any,12,24,5x_true_hourly,5,0.75,2760,1448,60,51,23
exercise_any,12,24,5x_true_hourly,5,0.9,2210,1199,56,46,17
exercise_any,12,24,5x_true_hourly,5,1.0,1006,563,51,26,5
exercise_any,12,24,5x_hourly+scl_avg,6,0.5,3128,1612,68,54,28
exercise_any,12,24,5x_hourly+scl_avg,6,0.75,2210,1199,56,46,17
exercise_any,12,24,5x_hourly+scl_avg,6,0.9,0,0,0,0,0
exercise_any,12,24,5x_hourly+scl_avg,6,1.0,0,0,0,0,0
exercise_any,24,1,bpm,1,0.5,3559,251,69,61,30
exercise_any,24,1,bpm,1,0.75,3103,229,69,53,27
exercise_any,24,1,bpm,1,0.9,2772,209,63,51,22
exercise_any,24,1,bpm,1,1.0,2364,180,60,49,19
exercise_any,24,1,bpm+steps,2,0.5,3535,251,69,61,30
exercise_any,24,1,bpm+steps,2,0.75,3045,226,68,52,27
exercise_any,24,1,bpm+steps,2,0.9,2703,205,62,51,20
exercise_any,24,1,bpm+steps,2,1.0,1546,115,55,41,11
exercise_any,24,1,bpm+steps+calories,3,0.5,3727,258,69,61,30
exercise_any,24,1,bpm+steps+calories,3,0.75,3339,242,69,56,29
exercise_any,24,1,bpm+steps+calories,3,0.9,2831,213,63,51,23
exercise_any,24,1,bpm+steps+calories,3,1.0,1546,115,55,41,11
exercise_any,24,1,5x_true_hourly,5,0.5,3552,252,69,61,30
exercise_any,24,1,5x_true_hourly,5,0.75,3009,227,62,52,25
exercise_any,24,1,5x_true_hourly,5,0.9,2514,197,58,48,19
exercise_any,24,1,5x_true_hourly,5,1.0,1272,95,52,32,6
exercise_any,24,1,5x_hourly+scl_avg,6,0.5,3329,240,69,57,29
exercise_any,24,1,5x_hourly+scl_avg,6,0.75,2514,197,58,48,19
exercise_any,24,1,5x_hourly+scl_avg,6,0.9,0,0,0,0,0
exercise_any,24,1,5x_hourly+scl_avg,6,1.0,0,0,0,0,0
exercise_any,24,2,bpm,1,0.5,3572,516,69,61,30
exercise_any,24,2,bpm,1,0.75,3009,457,67,52,26
exercise_any,24,2,bpm,1,0.9,2703,416,62,51,21
exercise_any,24,2,bpm,1,1.0,2313,350,60,49,19
exercise_any,24,2,bpm+steps,2,0.5,3541,516,69,61,30
exercise_any,24,2,bpm+steps,2,0.75,2965,453,66,52,26
exercise_any,24,2,bpm+steps,2,0.9,2629,403,62,51,20
exercise_any,24,2,bpm+steps,2,1.0,1508,229,55,41,10
exercise_any,24,2,bpm+steps+calories,3,0.5,3737,535,69,61,31
exercise_any,24,2,bpm+steps+calories,3,0.75,3243,485,69,56,29
exercise_any,24,2,bpm+steps+calories,3,0.9,2747,420,62,51,22
exercise_any,24,2,bpm+steps+calories,3,1.0,1508,229,55,41,10
exercise_any,24,2,5x_true_hourly,5,0.5,3562,518,69,61,30
exercise_any,24,2,5x_true_hourly,5,0.75,2923,453,62,52,25
exercise_any,24,2,5x_true_hourly,5,0.9,2465,386,57,48,18
exercise_any,24,2,5x_true_hourly,5,1.0,1237,189,52,32,6
exercise_any,24,2,5x_hourly+scl_avg,6,0.5,3312,497,69,57,29
exercise_any,24,2,5x_hourly+scl_avg,6,0.75,2465,386,57,48,18
exercise_any,24,2,5x_hourly+scl_avg,6,0.9,0,0,0,0,0
exercise_any,24,2,5x_hourly+scl_avg,6,1.0,0,0,0,0,0
exercise_any,24,4,bpm,1,0.5,3496,954,69,60,30
exercise_any,24,4,bpm,1,0.75,2983,863,67,52,27
exercise_any,24,4,bpm,1,0.9,2583,775,62,51,19
exercise_any,24,4,bpm,1,1.0,2213,653,60,47,17
exercise_any,24,4,bpm+steps,2,0.5,3457,951,69,60,30
exercise_any,24,4,bpm+steps,2,0.75,2932,857,66,52,27
exercise_any,24,4,bpm+steps,2,0.9,2455,739,61,49,19
exercise_any,24,4,bpm+steps,2,1.0,1433,427,55,39,8
exercise_any,24,4,bpm+steps+calories,3,0.5,3734,1002,69,61,31
exercise_any,24,4,bpm+steps+calories,3,0.75,3207,906,69,56,29
exercise_any,24,4,bpm+steps+calories,3,0.9,2633,786,61,51,19
exercise_any,24,4,bpm+steps+calories,3,1.0,1433,427,55,39,8
exercise_any,24,4,5x_true_hourly,5,0.5,3476,954,69,60,30
exercise_any,24,4,5x_true_hourly,5,0.75,2881,851,61,52,24
exercise_any,24,4,5x_true_hourly,5,0.9,2351,723,57,47,18
exercise_any,24,4,5x_true_hourly,5,1.0,1171,353,52,29,6
exercise_any,24,4,5x_hourly+scl_avg,6,0.5,3246,919,69,57,29
exercise_any,24,4,5x_hourly+scl_avg,6,0.75,2351,723,57,47,18
exercise_any,24,4,5x_hourly+scl_avg,6,0.9,0,0,0,0,0
exercise_any,24,4,5x_hourly+scl_avg,6,1.0,0,0,0,0,0
exercise_any,24,8,bpm,1,0.5,3394,1199,69,59,30
exercise_any,24,8,bpm,1,0.75,2885,1080,64,51,27
exercise_any,24,8,bpm,1,0.9,2436,921,60,48,19
exercise_any,24,8,bpm,1,1.0,2087,774,59,44,15
exercise_any,24,8,bpm+steps,2,0.5,3346,1193,69,58,30
exercise_any,24,8,bpm+steps,2,0.75,2837,1067,62,51,25
exercise_any,24,8,bpm+steps,2,0.9,2347,885,60,47,19
exercise_any,24,8,bpm+steps,2,1.0,1262,480,54,35,7
exercise_any,24,8,bpm+steps+calories,3,0.5,3679,1280,69,61,30
exercise_any,24,8,bpm+steps+calories,3,0.75,3130,1139,68,54,29
exercise_any,24,8,bpm+steps+calories,3,0.9,2577,972,60,51,19
exercise_any,24,8,bpm+steps+calories,3,1.0,1262,480,54,35,7
exercise_any,24,8,5x_true_hourly,5,0.5,3409,1215,68,58,30
exercise_any,24,8,5x_true_hourly,5,0.75,2790,1060,61,51,23
exercise_any,24,8,5x_true_hourly,5,0.9,2291,904,57,47,16
exercise_any,24,8,5x_true_hourly,5,1.0,1034,409,50,28,5
exercise_any,24,8,5x_hourly+scl_avg,6,0.5,3136,1153,67,54,29
exercise_any,24,8,5x_hourly+scl_avg,6,0.75,2291,904,57,47,16
exercise_any,24,8,5x_hourly+scl_avg,6,0.9,0,0,0,0,0
exercise_any,24,8,5x_hourly+scl_avg,6,1.0,0,0,0,0,0
exercise_any,24,24,bpm,1,0.5,3380,1687,68,59,30
exercise_any,24,24,bpm,1,0.75,2735,1419,62,50,23
exercise_any,24,24,bpm,1,0.9,2284,1200,58,48,16
exercise_any,24,24,bpm,1,1.0,1676,882,57,42,9
exercise_any,24,24,bpm+steps,2,0.5,3319,1673,68,57,30
exercise_any,24,24,bpm+steps,2,0.75,2688,1396,60,50,22
exercise_any,24,24,bpm+steps,2,0.9,2164,1144,58,47,16
exercise_any,24,24,bpm+steps,2,1.0,846,448,49,24,3
exercise_any,24,24,bpm+steps+calories,3,0.5,3663,1800,69,62,30
exercise_any,24,24,bpm+steps+calories,3,0.75,3060,1572,66,54,27
exercise_any,24,24,bpm+steps+calories,3,0.9,2385,1247,58,50,16
exercise_any,24,24,bpm+steps+calories,3,1.0,846,448,49,24,3
exercise_any,24,24,5x_true_hourly,5,0.5,3380,1699,68,59,30
exercise_any,24,24,5x_true_hourly,5,0.75,2676,1393,58,50,21
exercise_any,24,24,5x_true_hourly,5,0.9,2092,1138,56,45,14
exercise_any,24,24,5x_true_hourly,5,1.0,702,386,45,20,3
exercise_any,24,24,5x_hourly+scl_avg,6,0.5,3081,1587,65,55,28
exercise_any,24,24,5x_hourly+scl_avg,6,0.75,2092,1138,56,45,14
exercise_any,24,24,5x_hourly+scl_avg,6,0.9,0,0,0,0,0
exercise_any,24,24,5x_hourly+scl_avg,6,1.0,0,0,0,0,0
exercise_vigorous,1,1,bpm,1,0.5,955,74,59,27,3
exercise_vigorous,1,1,bpm,1,0.75,955,74,59,27,3
exercise_vigorous,1,1,bpm,1,0.9,955,74,59,27,3
exercise_vigorous,1,1,bpm,1,1.0,955,74,59,27,3
exercise_vigorous,1,1,bpm+steps,2,0.5,961,74,60,29,3
exercise_vigorous,1,1,bpm+steps,2,0.75,947,74,59,27,3
exercise_vigorous,1,1,bpm+steps,2,0.9,947,74,59,27,3
exercise_vigorous,1,1,bpm+steps,2,1.0,947,74,59,27,3
exercise_vigorous,1,1,bpm+steps+calories,3,0.5,961,74,60,29,3
exercise_vigorous,1,1,bpm+steps+calories,3,0.75,947,74,59,27,3
exercise_vigorous,1,1,bpm+steps+calories,3,0.9,947,74,59,27,3
exercise_vigorous,1,1,bpm+steps+calories,3,1.0,947,74,59,27,3
exercise_vigorous,1,1,5x_true_hourly,5,0.5,955,74,60,29,3
exercise_vigorous,1,1,5x_true_hourly,5,0.75,950,74,59,28,3
exercise_vigorous,1,1,5x_true_hourly,5,0.9,744,64,48,21,0
exercise_vigorous,1,1,5x_true_hourly,5,1.0,744,64,48,21,0
exercise_vigorous,1,1,5x_hourly+scl_avg,6,0.5,955,74,60,29,3
exercise_vigorous,1,1,5x_hourly+scl_avg,6,0.75,744,64,48,21,0
exercise_vigorous,1,1,5x_hourly+scl_avg,6,0.9,0,0,0,0,0
exercise_vigorous,1,1,5x_hourly+scl_avg,6,1.0,0,0,0,0,0
exercise_vigorous,1,2,bpm,1,0.5,962,161,59,29,4
exercise_vigorous,1,2,bpm,1,0.75,907,154,59,27,3
exercise_vigorous,1,2,bpm,1,0.9,907,154,59,27,3
exercise_vigorous,1,2,bpm,1,1.0,907,154,59,27,3
exercise_vigorous,1,2,bpm+steps,2,0.5,963,161,60,29,4
exercise_vigorous,1,2,bpm+steps,2,0.75,903,154,59,28,3
exercise_vigorous,1,2,bpm+steps,2,0.9,891,153,59,27,3
exercise_vigorous,1,2,bpm+steps,2,1.0,891,153,59,27,3
exercise_vigorous,1,2,bpm+steps+calories,3,0.5,965,161,60,29,4
exercise_vigorous,1,2,bpm+steps+calories,3,0.75,903,154,59,28,3
exercise_vigorous,1,2,bpm+steps+calories,3,0.9,891,153,59,27,3
exercise_vigorous,1,2,bpm+steps+calories,3,1.0,891,153,59,27,3
exercise_vigorous,1,2,5x_true_hourly,5,0.5,959,161,60,29,4
exercise_vigorous,1,2,5x_true_hourly,5,0.75,900,154,59,28,3
exercise_vigorous,1,2,5x_true_hourly,5,0.9,708,134,48,22,0
exercise_vigorous,1,2,5x_true_hourly,5,1.0,696,131,48,21,0
exercise_vigorous,1,2,5x_hourly+scl_avg,6,0.5,947,160,60,29,4
exercise_vigorous,1,2,5x_hourly+scl_avg,6,0.75,708,134,48,22,0
exercise_vigorous,1,2,5x_hourly+scl_avg,6,0.9,0,0,0,0,0
exercise_vigorous,1,2,5x_hourly+scl_avg,6,1.0,0,0,0,0,0
exercise_vigorous,1,4,bpm,1,0.5,933,267,59,29,3
exercise_vigorous,1,4,bpm,1,0.75,895,262,59,29,3
exercise_vigorous,1,4,bpm,1,0.9,838,254,59,26,2
exercise_vigorous,1,4,bpm,1,1.0,838,254,59,26,2
exercise_vigorous,1,4,bpm+steps,2,0.5,931,266,60,29,3
exercise_vigorous,1,4,bpm+steps,2,0.75,881,260,59,28,3
exercise_vigorous,1,4,bpm+steps,2,0.9,809,250,57,25,1
exercise_vigorous,1,4,bpm+steps,2,1.0,809,250,57,25,1
exercise_vigorous,1,4,bpm+steps+calories,3,0.5,965,276,60,29,4
exercise_vigorous,1,4,bpm+steps+calories,3,0.75,888,261,59,29,3
exercise_vigorous,1,4,bpm+steps+calories,3,0.9,831,253,58,27,1
exercise_vigorous,1,4,bpm+steps+calories,3,1.0,809,250,57,25,1
exercise_vigorous,1,4,5x_true_hourly,5,0.5,928,267,60,29,3
exercise_vigorous,1,4,5x_true_hourly,5,0.75,867,260,57,27,3
exercise_vigorous,1,4,5x_true_hourly,5,0.9,660,217,47,21,0
exercise_vigorous,1,4,5x_true_hourly,5,1.0,629,209,47,19,0
exercise_vigorous,1,4,5x_hourly+scl_avg,6,0.5,917,264,60,29,3
exercise_vigorous,1,4,5x_hourly+scl_avg,6,0.75,660,217,47,21,0
exercise_vigorous,1,4,5x_hourly+scl_avg,6,0.9,0,0,0,0,0
exercise_vigorous,1,4,5x_hourly+scl_avg,6,1.0,0,0,0,0,0
exercise_vigorous,1,8,bpm,1,0.5,895,328,60,28,2
exercise_vigorous,1,8,bpm,1,0.75,841,315,57,27,2
exercise_vigorous,1,8,bpm,1,0.9,757,293,56,24,1
exercise_vigorous,1,8,bpm,1,1.0,757,293,56,24,1
exercise_vigorous,1,8,bpm+steps,2,0.5,890,327,58,28,2
exercise_vigorous,1,8,bpm+steps,2,0.75,831,314,58,27,1
exercise_vigorous,1,8,bpm+steps,2,0.9,741,288,55,23,1
exercise_vigorous,1,8,bpm+steps,2,1.0,662,264,53,22,1
exercise_vigorous,1,8,bpm+steps+calories,3,0.5,948,344,60,29,3
exercise_vigorous,1,8,bpm+steps+calories,3,0.75,860,321,58,27,2
exercise_vigorous,1,8,bpm+steps+calories,3,0.9,792,304,56,26,1
exercise_vigorous,1,8,bpm+steps+calories,3,1.0,662,264,53,22,1
exercise_vigorous,1,8,5x_true_hourly,5,0.5,905,332,58,28,3
exercise_vigorous,1,8,5x_true_hourly,5,0.75,812,311,56,26,1
exercise_vigorous,1,8,5x_true_hourly,5,0.9,641,260,47,22,0
exercise_vigorous,1,8,5x_true_hourly,5,1.0,525,219,45,17,0
exercise_vigorous,1,8,5x_hourly+scl_avg,6,0.5,870,322,58,28,2
exercise_vigorous,1,8,5x_hourly+scl_avg,6,0.75,641,260,47,22,0
exercise_vigorous,1,8,5x_hourly+scl_avg,6,0.9,0,0,0,0,0
exercise_vigorous,1,8,5x_hourly+scl_avg,6,1.0,0,0,0,0,0
exercise_vigorous,1,24,bpm,1,0.5,900,468,60,28,2
exercise_vigorous,1,24,bpm,1,0.75,794,422,54,25,1
exercise_vigorous,1,24,bpm,1,0.9,684,376,50,24,0
exercise_vigorous,1,24,bpm,1,1.0,561,305,47,20,0
exercise_vigorous,1,24,bpm+steps,2,0.5,891,466,60,28,2
exercise_vigorous,1,24,bpm+steps,2,0.75,785,420,53,24,1
exercise_vigorous,1,24,bpm+steps,2,0.9,652,359,49,23,0
exercise_vigorous,1,24,bpm+steps,2,1.0,368,207,42,16,0
exercise_vigorous,1,24,bpm+steps+calories,3,0.5,942,484,60,30,4
exercise_vigorous,1,24,bpm+steps+calories,3,0.75,851,454,57,27,1
exercise_vigorous,1,24,bpm+steps+calories,3,0.9,702,382,52,24,0
exercise_vigorous,1,24,bpm+steps+calories,3,1.0,368,207,42,16,0
exercise_vigorous,1,24,5x_true_hourly,5,0.5,906,471,60,29,2
exercise_vigorous,1,24,5x_true_hourly,5,0.75,783,418,52,24,1
exercise_vigorous,1,24,5x_true_hourly,5,0.9,580,326,45,22,0
exercise_vigorous,1,24,5x_true_hourly,5,1.0,306,176,34,14,0
exercise_vigorous,1,24,5x_hourly+scl_avg,6,0.5,852,452,57,27,1
exercise_vigorous,1,24,5x_hourly+scl_avg,6,0.75,580,326,45,22,0
exercise_vigorous,1,24,5x_hourly+scl_avg,6,0.9,0,0,0,0,0
exercise_vigorous,1,24,5x_hourly+scl_avg,6,1.0,0,0,0,0,0
exercise_vigorous,2,1,bpm,1,0.5,963,75,60,27,4
exercise_vigorous,2,1,bpm,1,0.75,911,70,59,27,2
exercise_vigorous,2,1,bpm,1,0.9,911,70,59,27,2
exercise_vigorous,2,1,bpm,1,1.0,911,70,59,27,2
exercise_vigorous,2,1,bpm+steps,2,0.5,962,74,61,29,4
exercise_vigorous,2,1,bpm+steps,2,0.75,909,70,59,27,2
exercise_vigorous,2,1,bpm+steps,2,0.9,897,70,59,26,2
exercise_vigorous,2,1,bpm+steps,2,1.0,897,70,59,26,2
exercise_vigorous,2,1,bpm+steps+calories,3,0.5,969,75,61,29,4
exercise_vigorous,2,1,bpm+steps+calories,3,0.75,909,70,59,27,2
exercise_vigorous,2,1,bpm+steps+calories,3,0.9,897,70,59,26,2
exercise_vigorous,2,1,bpm+steps+calories,3,1.0,897,70,59,26,2
exercise_vigorous,2,1,5x_true_hourly,5,0.5,961,74,61,29,4
exercise_vigorous,2,1,5x_true_hourly,5,0.75,909,70,59,28,2
exercise_vigorous,2,1,5x_true_hourly,5,0.9,729,63,48,21,0
exercise_vigorous,2,1,5x_true_hourly,5,1.0,727,63,48,21,0
exercise_vigorous,2,1,5x_hourly+scl_avg,6,0.5,930,71,60,29,3
exercise_vigorous,2,1,5x_hourly+scl_avg,6,0.75,729,63,48,21,0
exercise_vigorous,2,1,5x_hourly+scl_avg,6,0.9,0,0,0,0,0
exercise_vigorous,2,1,5x_hourly+scl_avg,6,1.0,0,0,0,0,0
exercise_vigorous,2,2,bpm,1,0.5,970,162,60,29,4
exercise_vigorous,2,2,bpm,1,0.75,863,148,59,26,2
exercise_vigorous,2,2,bpm,1,0.9,863,148,59,26,2
exercise_vigorous,2,2,bpm,1,1.0,863,148,59,26,2
exercise_vigorous,2,2,bpm+steps,2,0.5,964,161,61,29,4
exercise_vigorous,2,2,bpm+steps,2,0.75,866,148,59,28,2
exercise_vigorous,2,2,bpm+steps,2,0.9,841,147,58,26,2
exercise_vigorous,2,2,bpm+steps,2,1.0,841,147,58,26,2
exercise_vigorous,2,2,bpm+steps+calories,3,0.5,973,162,61,29,4
exercise_vigorous,2,2,bpm+steps+calories,3,0.75,866,148,59,28,2
exercise_vigorous,2,2,bpm+steps+calories,3,0.9,841,147,58,26,2
exercise_vigorous,2,2,bpm+steps+calories,3,1.0,841,147,58,26,2
exercise_vigorous,2,2,5x_true_hourly,5,0.5,965,161,61,29,4
exercise_vigorous,2,2,5x_true_hourly,5,0.75,859,148,58,27,2
exercise_vigorous,2,2,5x_true_hourly,5,0.9,692,132,48,22,0
exercise_vigorous,2,2,5x_true_hourly,5,1.0,679,129,48,21,0
exercise_vigorous,2,2,5x_hourly+scl_avg,6,0.5,922,156,60,28,3
exercise_vigorous,2,2,5x_hourly+scl_avg,6,0.75,692,132,48,22,0
exercise_vigorous,2,2,5x_hourly+scl_avg,6,0.9,0,0,0,0,0
exercise_vigorous,2,2,5x_hourly+scl_avg,6,1.0,0,0,0,0,0
exercise_vigorous,2,4,bpm,1,0.5,941,270,60,29,3
exercise_vigorous,2,4,bpm,1,0.75,852,250,59,28,2
exercise_vigorous,2,4,bpm,1,0.9,798,242,59,25,1
exercise_vigorous,2,4,bpm,1,1.0,798,242,59,25,1
exercise_vigorous,2,4,bpm+steps,2,0.5,933,267,61,29,3
exercise_vigorous,2,4,bpm+steps,2,0.75,845,248,58,28,2
exercise_vigorous,2,4,bpm+steps,2,0.9,768,237,57,24,1
exercise_vigorous,2,4,bpm+steps,2,1.0,768,237,57,24,1
exercise_vigorous,2,4,bpm+steps+calories,3,0.5,973,279,61,29,4
exercise_vigorous,2,4,bpm+steps+calories,3,0.75,852,249,59,28,2
exercise_vigorous,2,4,bpm+steps+calories,3,0.9,787,240,57,26,1
exercise_vigorous,2,4,bpm+steps+calories,3,1.0,768,237,57,24,1
exercise_vigorous,2,4,5x_true_hourly,5,0.5,934,268,61,29,3
exercise_vigorous,2,4,5x_true_hourly,5,0.75,830,247,57,27,2
exercise_vigorous,2,4,5x_true_hourly,5,0.9,647,214,47,21,0
exercise_vigorous,2,4,5x_true_hourly,5,1.0,616,206,47,19,0
exercise_vigorous,2,4,5x_hourly+scl_avg,6,0.5,893,256,59,28,2
exercise_vigorous,2,4,5x_hourly+scl_avg,6,0.75,647,214,47,21,0
exercise_vigorous,2,4,5x_hourly+scl_avg,6,0.9,0,0,0,0,0
exercise_vigorous,2,4,5x_hourly+scl_avg,6,1.0,0,0,0,0,0
exercise_vigorous,2,8,bpm,1,0.5,902,332,61,28,2
exercise_vigorous,2,8,bpm,1,0.75,803,299,56,27,1
exercise_vigorous,2,8,bpm,1,0.9,724,279,55,23,1
exercise_vigorous,2,8,bpm,1,1.0,724,279,55,23,1
exercise_vigorous,2,8,bpm+steps,2,0.5,891,329,59,28,2
exercise_vigorous,2,8,bpm+steps,2,0.75,798,300,57,26,1
exercise_vigorous,2,8,bpm+steps,2,0.9,703,273,54,22,1
exercise_vigorous,2,8,bpm+steps,2,1.0,628,250,52,20,1
exercise_vigorous,2,8,bpm+steps+calories,3,0.5,956,348,61,29,4
exercise_vigorous,2,8,bpm+steps+calories,3,0.75,826,306,57,27,2
exercise_vigorous,2,8,bpm+steps+calories,3,0.9,749,287,55,25,1
exercise_vigorous,2,8,bpm+steps+calories,3,1.0,628,250,52,20,1
exercise_vigorous,2,8,5x_true_hourly,5,0.5,911,335,59,28,3
exercise_vigorous,2,8,5x_true_hourly,5,0.75,779,295,55,25,1
exercise_vigorous,2,8,5x_true_hourly,5,0.9,626,257,47,21,0
exercise_vigorous,2,8,5x_true_hourly,5,1.0,515,218,45,17,0
exercise_vigorous,2,8,5x_hourly+scl_avg,6,0.5,848,313,57,27,2
exercise_vigorous,2,8,5x_hourly+scl_avg,6,0.75,626,257,47,21,0
exercise_vigorous,2,8,5x_hourly+scl_avg,6,0.9,0,0,0,0,0
exercise_vigorous,2,8,5x_hourly+scl_avg,6,1.0,0,0,0,0,0
exercise_vigorous,2,24,bpm,1,0.5,907,472,61,28,2
exercise_vigorous,2,24,bpm,1,0.75,762,404,54,25,1
exercise_vigorous,2,24,bpm,1,0.9,658,359,50,23,0
exercise_vigorous,2,24,bpm,1,1.0,548,296,47,20,0
exercise_vigorous,2,24,bpm+steps,2,0.5,894,468,61,28,2
exercise_vigorous,2,24,bpm+steps,2,0.75,758,404,53,25,1
exercise_vigorous,2,24,bpm+steps,2,0.9,621,342,49,22,0
exercise_vigorous,2,24,bpm+steps,2,1.0,358,201,41,15,0
exercise_vigorous,2,24,bpm+steps+calories,3,0.5,949,488,61,30,4
exercise_vigorous,2,24,bpm+steps+calories,3,0.75,819,435,57,26,1
exercise_vigorous,2,24,bpm+steps+calories,3,0.9,668,363,52,23,0
exercise_vigorous,2,24,bpm+steps+calories,3,1.0,358,201,41,15,0
exercise_vigorous,2,24,5x_true_hourly,5,0.5,911,474,61,29,2
exercise_vigorous,2,24,5x_true_hourly,5,0.75,756,401,52,23,1
exercise_vigorous,2,24,5x_true_hourly,5,0.9,565,318,45,22,0
exercise_vigorous,2,24,5x_true_hourly,5,1.0,304,175,34,14,0
exercise_vigorous,2,24,5x_hourly+scl_avg,6,0.5,833,443,57,27,1
exercise_vigorous,2,24,5x_hourly+scl_avg,6,0.75,565,318,45,22,0
exercise_vigorous,2,24,5x_hourly+scl_avg,6,0.9,0,0,0,0,0
exercise_vigorous,2,24,5x_hourly+scl_avg,6,1.0,0,0,0,0,0
exercise_vigorous,4,1,bpm,1,0.5,926,71,60,27,3
exercise_vigorous,4,1,bpm,1,0.75,903,70,60,25,2
exercise_vigorous,4,1,bpm,1,0.9,863,66,59,25,2
exercise_vigorous,4,1,bpm,1,1.0,863,66,59,25,2
exercise_vigorous,4,1,bpm+steps,2,0.5,929,71,61,29,3
exercise_vigorous,4,1,bpm+steps,2,0.75,898,70,60,25,2
exercise_vigorous,4,1,bpm+steps,2,0.9,822,65,59,23,1
exercise_vigorous,4,1,bpm+steps,2,1.0,822,65,59,23,1
exercise_vigorous,4,1,bpm+steps+calories,3,0.5,968,74,61,29,4
exercise_vigorous,4,1,bpm+steps+calories,3,0.75,900,70,60,25,2
exercise_vigorous,4,1,bpm+steps+calories,3,0.9,859,66,59,25,2
exercise_vigorous,4,1,bpm+steps+calories,3,1.0,822,65,59,23,1
exercise_vigorous,4,1,5x_true_hourly,5,0.5,927,71,61,29,3
exercise_vigorous,4,1,5x_true_hourly,5,0.75,882,69,59,27,2
exercise_vigorous,4,1,5x_true_hourly,5,0.9,710,61,48,21,0
exercise_vigorous,4,1,5x_true_hourly,5,1.0,675,60,48,21,0
exercise_vigorous,4,1,5x_hourly+scl_avg,6,0.5,916,70,61,27,3
exercise_vigorous,4,1,5x_hourly+scl_avg,6,0.75,710,61,48,21,0
exercise_vigorous,4,1,5x_hourly+scl_avg,6,0.9,0,0,0,0,0
exercise_vigorous,4,1,5x_hourly+scl_avg,6,1.0,0,0,0,0,0
exercise_vigorous,4,2,bpm,1,0.5,933,157,60,29,3
exercise_vigorous,4,2,bpm,1,0.75,855,146,60,24,2
exercise_vigorous,4,2,bpm,1,0.9,817,141,59,24,2
exercise_vigorous,4,2,bpm,1,1.0,817,141,59,24,2
exercise_vigorous,4,2,bpm+steps,2,0.5,931,157,61,29,3
exercise_vigorous,4,2,bpm+steps,2,0.75,855,146,60,26,2
exercise_vigorous,4,2,bpm+steps,2,0.9,772,138,58,21,1
exercise_vigorous,4,2,bpm+steps,2,1.0,772,138,58,21,1
exercise_vigorous,4,2,bpm+steps+calories,3,0.5,972,162,61,29,4
exercise_vigorous,4,2,bpm+steps+calories,3,0.75,857,146,60,26,2
exercise_vigorous,4,2,bpm+steps+calories,3,0.9,805,140,58,22,2
exercise_vigorous,4,2,bpm+steps+calories,3,1.0,772,138,58,21,1
exercise_vigorous,4,2,5x_true_hourly,5,0.5,931,157,61,29,3
exercise_vigorous,4,2,5x_true_hourly,5,0.75,836,145,58,25,2
exercise_vigorous,4,2,5x_true_hourly,5,0.9,674,128,48,21,0
exercise_vigorous,4,2,5x_true_hourly,5,1.0,632,123,48,20,0
exercise_vigorous,4,2,5x_hourly+scl_avg,6,0.5,908,154,61,26,3
exercise_vigorous,4,2,5x_hourly+scl_avg,6,0.75,674,128,48,21,0
exercise_vigorous,4,2,5x_hourly+scl_avg,6,0.9,0,0,0,0,0
exercise_vigorous,4,2,5x_hourly+scl_avg,6,1.0,0,0,0,0,0
exercise_vigorous,4,4,bpm,1,0.5,904,261,60,29,3
exercise_vigorous,4,4,bpm,1,0.75,844,248,60,26,2
exercise_vigorous,4,4,bpm,1,0.9,756,230,59,23,1
exercise_vigorous,4,4,bpm,1,1.0,756,230,59,23,1
exercise_vigorous,4,4,bpm+steps,2,0.5,900,259,61,29,3
exercise_vigorous,4,4,bpm+steps,2,0.75,834,244,59,26,2
exercise_vigorous,4,4,bpm+steps,2,0.9,708,223,57,20,1
exercise_vigorous,4,4,bpm+steps,2,1.0,708,223,57,20,1
exercise_vigorous,4,4,bpm+steps+calories,3,0.5,972,280,61,29,4
exercise_vigorous,4,4,bpm+steps+calories,3,0.75,842,246,60,26,2
exercise_vigorous,4,4,bpm+steps+calories,3,0.9,753,229,57,24,1
exercise_vigorous,4,4,bpm+steps+calories,3,1.0,708,223,57,20,1
exercise_vigorous,4,4,5x_true_hourly,5,0.5,900,259,61,29,3
exercise_vigorous,4,4,5x_true_hourly,5,0.75,809,242,57,26,1
exercise_vigorous,4,4,5x_true_hourly,5,0.9,630,208,47,20,0
exercise_vigorous,4,4,5x_true_hourly,5,1.0,575,196,47,19,0
exercise_vigorous,4,4,5x_hourly+scl_avg,6,0.5,879,252,60,26,3
exercise_vigorous,4,4,5x_hourly+scl_avg,6,0.75,630,208,47,20,0
exercise_vigorous,4,4,5x_hourly+scl_avg,6,0.9,0,0,0,0,0
exercise_vigorous,4,4,5x_hourly+scl_avg,6,1.0,0,0,0,0,0
exercise_vigorous,4,8,bpm,1,0.5,869,320,61,28,2
exercise_vigorous,4,8,bpm,1,0.75,795,296,57,25,1
exercise_vigorous,4,8,bpm,1,0.9,684,262,55,21,1
exercise_vigorous,4,8,bpm,1,1.0,684,262,55,21,1
exercise_vigorous,4,8,bpm+steps,2,0.5,861,317,59,28,2
exercise_vigorous,4,8,bpm+steps,2,0.75,787,295,58,25,1
exercise_vigorous,4,8,bpm+steps,2,0.9,647,253,54,20,1
exercise_vigorous,4,8,bpm+steps,2,1.0,575,230,52,18,0
exercise_vigorous,4,8,bpm+steps+calories,3,0.5,956,350,61,29,4
exercise_vigorous,4,8,bpm+steps+calories,3,0.75,816,302,58,25,2
exercise_vigorous,4,8,bpm+steps+calories,3,0.9,716,272,55,24,1
exercise_vigorous,4,8,bpm+steps+calories,3,1.0,575,230,52,18,0
exercise_vigorous,4,8,5x_true_hourly,5,0.5,880,322,59,28,3
exercise_vigorous,4,8,5x_true_hourly,5,0.75,758,290,55,25,1
exercise_vigorous,4,8,5x_true_hourly,5,0.9,607,246,47,20,0
exercise_vigorous,4,8,5x_true_hourly,5,1.0,482,204,45,16,0
exercise_vigorous,4,8,5x_hourly+scl_avg,6,0.5,836,309,58,26,2
exercise_vigorous,4,8,5x_hourly+scl_avg,6,0.75,607,246,47,20,0
exercise_vigorous,4,8,5x_hourly+scl_avg,6,0.9,0,0,0,0,0
exercise_vigorous,4,8,5x_hourly+scl_avg,6,1.0,0,0,0,0,0
exercise_vigorous,4,24,bpm,1,0.5,873,455,60,27,2
exercise_vigorous,4,24,bpm,1,0.75,759,403,55,25,1
exercise_vigorous,4,24,bpm,1,0.9,631,343,50,22,0
exercise_vigorous,4,24,bpm,1,1.0,528,284,46,19,0
exercise_vigorous,4,24,bpm+steps,2,0.5,863,452,60,26,2
exercise_vigorous,4,24,bpm+steps,2,0.75,752,401,54,25,1
exercise_vigorous,4,24,bpm+steps,2,0.9,575,319,48,22,0
exercise_vigorous,4,24,bpm+steps,2,1.0,341,191,39,15,0
exercise_vigorous,4,24,bpm+steps+calories,3,0.5,949,489,61,30,4
exercise_vigorous,4,24,bpm+steps+calories,3,0.75,811,430,58,25,1
exercise_vigorous,4,24,bpm+steps+calories,3,0.9,648,349,52,23,0
exercise_vigorous,4,24,bpm+steps+calories,3,1.0,341,191,39,15,0
exercise_vigorous,4,24,5x_true_hourly,5,0.5,879,457,60,27,2
exercise_vigorous,4,24,5x_true_hourly,5,0.75,742,396,52,24,1
exercise_vigorous,4,24,5x_true_hourly,5,0.9,550,306,45,21,0
exercise_vigorous,4,24,5x_true_hourly,5,1.0,295,170,34,14,0
exercise_vigorous,4,24,5x_hourly+scl_avg,6,0.5,825,439,58,27,1
exercise_vigorous,4,24,5x_hourly+scl_avg,6,0.75,550,306,45,21,0
exercise_vigorous,4,24,5x_hourly+scl_avg,6,0.9,0,0,0,0,0
exercise_vigorous,4,24,5x_hourly+scl_avg,6,1.0,0,0,0,0,0
exercise_vigorous,8,1,bpm,1,0.5,909,69,60,25,3
exercise_vigorous,8,1,bpm,1,0.75,874,69,60,24,2
exercise_vigorous,8,1,bpm,1,0.9,785,62,57,23,1
exercise_vigorous,8,1,bpm,1,1.0,785,62,57,23,1
exercise_vigorous,8,1,bpm+steps,2,0.5,912,69,61,27,3
exercise_vigorous,8,1,bpm+steps,2,0.75,868,69,60,24,2
exercise_vigorous,8,1,bpm+steps,2,0.9,754,62,57,22,1
exercise_vigorous,8,1,bpm+steps,2,1.0,680,57,56,22,1
exercise_vigorous,8,1,bpm+steps+calories,3,0.5,944,72,61,29,4
exercise_vigorous,8,1,bpm+steps+calories,3,0.75,883,69,60,25,2
exercise_vigorous,8,1,bpm+steps+calories,3,0.9,828,68,60,24,1
exercise_vigorous,8,1,bpm+steps+calories,3,1.0,680,57,56,22,1
exercise_vigorous,8,1,5x_true_hourly,5,0.5,918,69,61,27,4
exercise_vigorous,8,1,5x_true_hourly,5,0.75,831,67,57,25,1
exercise_vigorous,8,1,5x_true_hourly,5,0.9,705,63,48,21,0
exercise_vigorous,8,1,5x_true_hourly,5,1.0,583,54,46,21,0
exercise_vigorous,8,1,5x_hourly+scl_avg,6,0.5,892,69,61,26,2
exercise_vigorous,8,1,5x_hourly+scl_avg,6,0.75,705,63,48,21,0
exercise_vigorous,8,1,5x_hourly+scl_avg,6,0.9,0,0,0,0,0
exercise_vigorous,8,1,5x_hourly+scl_avg,6,1.0,0,0,0,0,0
exercise_vigorous,8,2,bpm,1,0.5,915,156,60,27,3
exercise_vigorous,8,2,bpm,1,0.75,829,146,60,23,2
exercise_vigorous,8,2,bpm,1,0.9,747,135,57,23,1
exercise_vigorous,8,2,bpm,1,1.0,747,135,57,23,1
exercise_vigorous,8,2,bpm+steps,2,0.5,914,156,61,27,3
exercise_vigorous,8,2,bpm+steps,2,0.75,829,146,60,25,2
exercise_vigorous,8,2,bpm+steps,2,0.9,709,133,56,21,1
exercise_vigorous,8,2,bpm+steps,2,1.0,639,125,55,21,0
exercise_vigorous,8,2,bpm+steps+calories,3,0.5,948,160,61,29,4
exercise_vigorous,8,2,bpm+steps+calories,3,0.75,843,147,60,26,2
exercise_vigorous,8,2,bpm+steps+calories,3,0.9,779,141,59,22,1
exercise_vigorous,8,2,bpm+steps+calories,3,1.0,639,125,55,21,0
exercise_vigorous,8,2,5x_true_hourly,5,0.5,922,156,61,27,4
exercise_vigorous,8,2,5x_true_hourly,5,0.75,790,142,56,24,1
exercise_vigorous,8,2,5x_true_hourly,5,0.9,673,130,48,22,0
exercise_vigorous,8,2,5x_true_hourly,5,1.0,547,114,46,20,0
exercise_vigorous,8,2,5x_hourly+scl_avg,6,0.5,886,155,61,25,2
exercise_vigorous,8,2,5x_hourly+scl_avg,6,0.75,673,130,48,22,0
exercise_vigorous,8,2,5x_hourly+scl_avg,6,0.9,0,0,0,0,0
exercise_vigorous,8,2,5x_hourly+scl_avg,6,1.0,0,0,0,0,0
exercise_vigorous,8,4,bpm,1,0.5,885,257,60,27,3
exercise_vigorous,8,4,bpm,1,0.75,818,245,60,25,1
exercise_vigorous,8,4,bpm,1,0.9,690,213,54,22,1
exercise_vigorous,8,4,bpm,1,1.0,690,213,54,22,1
exercise_vigorous,8,4,bpm+steps,2,0.5,883,256,61,27,3
exercise_vigorous,8,4,bpm+steps,2,0.75,808,243,59,25,1
exercise_vigorous,8,4,bpm+steps,2,0.9,646,206,53,20,0
exercise_vigorous,8,4,bpm+steps,2,1.0,586,192,52,20,0
exercise_vigorous,8,4,bpm+steps+calories,3,0.5,948,273,61,29,4
exercise_vigorous,8,4,bpm+steps+calories,3,0.75,827,244,60,26,1
exercise_vigorous,8,4,bpm+steps+calories,3,0.9,729,226,57,24,1
exercise_vigorous,8,4,bpm+steps+calories,3,1.0,586,192,52,20,0
exercise_vigorous,8,4,5x_true_hourly,5,0.5,892,257,61,27,3
exercise_vigorous,8,4,5x_true_hourly,5,0.75,765,235,54,25,1
exercise_vigorous,8,4,5x_true_hourly,5,0.9,629,210,47,21,0
exercise_vigorous,8,4,5x_true_hourly,5,1.0,500,175,44,19,0
exercise_vigorous,8,4,5x_hourly+scl_avg,6,0.5,856,251,60,25,2
exercise_vigorous,8,4,5x_hourly+scl_avg,6,0.75,629,210,47,21,0
exercise_vigorous,8,4,5x_hourly+scl_avg,6,0.9,0,0,0,0,0
exercise_vigorous,8,4,5x_hourly+scl_avg,6,1.0,0,0,0,0,0
exercise_vigorous,8,8,bpm,1,0.5,850,314,61,26,2
exercise_vigorous,8,8,bpm,1,0.75,769,291,57,25,1
exercise_vigorous,8,8,bpm,1,0.9,629,242,51,21,0
exercise_vigorous,8,8,bpm,1,1.0,629,242,51,21,0
exercise_vigorous,8,8,bpm+steps,2,0.5,844,313,59,26,2
exercise_vigorous,8,8,bpm+steps,2,0.75,762,291,58,25,1
exercise_vigorous,8,8,bpm+steps,2,0.9,594,234,49,21,0
exercise_vigorous,8,8,bpm+steps,2,1.0,475,195,46,17,0
exercise_vigorous,8,8,bpm+steps+calories,3,0.5,932,339,61,29,4
exercise_vigorous,8,8,bpm+steps+calories,3,0.75,802,299,58,25,1
exercise_vigorous,8,8,bpm+steps+calories,3,0.9,694,268,55,25,0
exercise_vigorous,8,8,bpm+steps+calories,3,1.0,475,195,46,17,0
exercise_vigorous,8,8,5x_true_hourly,5,0.5,872,320,59,26,3
exercise_vigorous,8,8,5x_true_hourly,5,0.75,722,281,51,25,0
exercise_vigorous,8,8,5x_true_hourly,5,0.9,608,251,47,21,0
exercise_vigorous,8,8,5x_true_hourly,5,1.0,418,180,43,15,0
exercise_vigorous,8,8,5x_hourly+scl_avg,6,0.5,813,305,58,25,1
exercise_vigorous,8,8,5x_hourly+scl_avg,6,0.75,608,251,47,21,0
exercise_vigorous,8,8,5x_hourly+scl_avg,6,0.9,0,0,0,0,0
exercise_vigorous,8,8,5x_hourly+scl_avg,6,1.0,0,0,0,0,0
exercise_vigorous,8,24,bpm,1,0.5,854,450,60,26,2
exercise_vigorous,8,24,bpm,1,0.75,743,399,55,24,0
exercise_vigorous,8,24,bpm,1,0.9,592,322,48,22,0
exercise_vigorous,8,24,bpm,1,1.0,493,265,45,19,0
exercise_vigorous,8,24,bpm+steps,2,0.5,846,449,60,26,1
exercise_vigorous,8,24,bpm+steps,2,0.75,736,398,54,24,0
exercise_vigorous,8,24,bpm+steps,2,0.9,548,305,46,21,0
exercise_vigorous,8,24,bpm+steps,2,1.0,292,168,37,12,0
exercise_vigorous,8,24,bpm+steps+calories,3,0.5,923,476,61,30,4
exercise_vigorous,8,24,bpm+steps+calories,3,0.75,800,430,58,25,1
exercise_vigorous,8,24,bpm+steps+calories,3,0.9,634,348,52,24,0
exercise_vigorous,8,24,bpm+steps+calories,3,1.0,292,168,37,12,0
exercise_vigorous,8,24,5x_true_hourly,5,0.5,871,456,60,27,3
exercise_vigorous,8,24,5x_true_hourly,5,0.75,719,386,50,24,0
exercise_vigorous,8,24,5x_true_hourly,5,0.9,550,310,45,22,0
exercise_vigorous,8,24,5x_true_hourly,5,1.0,259,153,33,12,0
exercise_vigorous,8,24,5x_hourly+scl_avg,6,0.5,807,438,58,26,1
exercise_vigorous,8,24,5x_hourly+scl_avg,6,0.75,550,310,45,22,0
exercise_vigorous,8,24,5x_hourly+scl_avg,6,0.9,0,0,0,0,0
exercise_vigorous,8,24,5x_hourly+scl_avg,6,1.0,0,0,0,0,0
exercise_vigorous,12,1,bpm,1,0.5,901,70,60,24,3
exercise_vigorous,12,1,bpm,1,0.75,839,67,59,23,2
exercise_vigorous,12,1,bpm,1,0.9,767,64,56,23,1
exercise_vigorous,12,1,bpm,1,1.0,716,57,52,23,0
exercise_vigorous,12,1,bpm+steps,2,0.5,901,70,61,26,3
exercise_vigorous,12,1,bpm+steps,2,0.75,832,67,59,23,2
exercise_vigorous,12,1,bpm+steps,2,0.9,742,62,56,23,1
exercise_vigorous,12,1,bpm+steps,2,1.0,546,50,51,21,0
exercise_vigorous,12,1,bpm+steps+calories,3,0.5,953,74,61,29,4
exercise_vigorous,12,1,bpm+steps+calories,3,0.75,855,67,59,24,2
exercise_vigorous,12,1,bpm+steps+calories,3,0.9,763,64,56,23,1
exercise_vigorous,12,1,bpm+steps+calories,3,1.0,546,50,51,21,0
exercise_vigorous,12,1,5x_true_hourly,5,0.5,903,71,61,26,3
exercise_vigorous,12,1,5x_true_hourly,5,0.75,804,66,56,24,1
exercise_vigorous,12,1,5x_true_hourly,5,0.9,685,62,47,21,0
exercise_vigorous,12,1,5x_true_hourly,5,1.0,487,48,44,19,0
exercise_vigorous,12,1,5x_hourly+scl_avg,6,0.5,871,68,60,26,3
exercise_vigorous,12,1,5x_hourly+scl_avg,6,0.75,685,62,47,21,0
exercise_vigorous,12,1,5x_hourly+scl_avg,6,0.9,0,0,0,0,0
exercise_vigorous,12,1,5x_hourly+scl_avg,6,1.0,0,0,0,0,0
exercise_vigorous,12,2,bpm,1,0.5,908,157,60,26,3
exercise_vigorous,12,2,bpm,1,0.75,795,142,59,23,1
exercise_vigorous,12,2,bpm,1,0.9,729,134,56,22,0
exercise_vigorous,12,2,bpm,1,1.0,679,126,51,22,0
exercise_vigorous,12,2,bpm+steps,2,0.5,904,157,61,26,3
exercise_vigorous,12,2,bpm+steps,2,0.75,794,142,59,25,1
exercise_vigorous,12,2,bpm+steps,2,0.9,697,129,55,22,0
exercise_vigorous,12,2,bpm+steps,2,1.0,511,111,49,20,0
exercise_vigorous,12,2,bpm+steps+calories,3,0.5,957,164,61,29,4
exercise_vigorous,12,2,bpm+steps+calories,3,0.75,814,144,59,25,2
exercise_vigorous,12,2,bpm+steps+calories,3,0.9,718,133,55,22,0
exercise_vigorous,12,2,bpm+steps+calories,3,1.0,511,111,49,20,0
exercise_vigorous,12,2,5x_true_hourly,5,0.5,907,159,61,26,3
exercise_vigorous,12,2,5x_true_hourly,5,0.75,762,138,55,24,0
exercise_vigorous,12,2,5x_true_hourly,5,0.9,656,129,47,22,0
exercise_vigorous,12,2,5x_true_hourly,5,1.0,456,102,44,18,0
exercise_vigorous,12,2,5x_hourly+scl_avg,6,0.5,866,152,60,25,3
exercise_vigorous,12,2,5x_hourly+scl_avg,6,0.75,656,129,47,22,0
exercise_vigorous,12,2,5x_hourly+scl_avg,6,0.9,0,0,0,0,0
exercise_vigorous,12,2,5x_hourly+scl_avg,6,1.0,0,0,0,0,0
exercise_vigorous,12,4,bpm,1,0.5,881,256,60,26,2
exercise_vigorous,12,4,bpm,1,0.75,783,237,58,25,1
exercise_vigorous,12,4,bpm,1,0.9,672,213,53,21,0
exercise_vigorous,12,4,bpm,1,1.0,629,195,50,21,0
exercise_vigorous,12,4,bpm+steps,2,0.5,875,254,61,26,2
exercise_vigorous,12,4,bpm+steps,2,0.75,775,234,57,25,1
exercise_vigorous,12,4,bpm+steps,2,0.9,634,200,52,20,0
exercise_vigorous,12,4,bpm+steps,2,1.0,469,163,48,18,0
exercise_vigorous,12,4,bpm+steps+calories,3,0.5,957,279,61,29,4
exercise_vigorous,12,4,bpm+steps+calories,3,0.75,797,239,58,25,1
exercise_vigorous,12,4,bpm+steps+calories,3,0.9,671,211,52,23,0
exercise_vigorous,12,4,bpm+steps+calories,3,1.0,469,163,48,18,0
exercise_vigorous,12,4,5x_true_hourly,5,0.5,878,257,61,26,2
exercise_vigorous,12,4,5x_true_hourly,5,0.75,739,228,52,24,0
exercise_vigorous,12,4,5x_true_hourly,5,0.9,614,204,46,21,0
exercise_vigorous,12,4,5x_true_hourly,5,1.0,415,151,43,16,0
exercise_vigorous,12,4,5x_hourly+scl_avg,6,0.5,838,246,58,25,2
exercise_vigorous,12,4,5x_hourly+scl_avg,6,0.75,614,204,46,21,0
exercise_vigorous,12,4,5x_hourly+scl_avg,6,0.9,0,0,0,0,0
exercise_vigorous,12,4,5x_hourly+scl_avg,6,1.0,0,0,0,0,0
exercise_vigorous,12,8,bpm,1,0.5,846,314,61,25,2
exercise_vigorous,12,8,bpm,1,0.75,741,282,54,25,0
exercise_vigorous,12,8,bpm,1,0.9,622,243,50,21,0
exercise_vigorous,12,8,bpm,1,1.0,585,225,48,21,0
exercise_vigorous,12,8,bpm+steps,2,0.5,836,311,59,25,1
exercise_vigorous,12,8,bpm+steps,2,0.75,735,282,55,25,0
exercise_vigorous,12,8,bpm+steps,2,0.9,594,228,49,21,0
exercise_vigorous,12,8,bpm+steps,2,1.0,393,168,45,16,0
exercise_vigorous,12,8,bpm+steps+calories,3,0.5,941,346,61,29,4
exercise_vigorous,12,8,bpm+steps+calories,3,0.75,775,293,56,25,1
exercise_vigorous,12,8,bpm+steps+calories,3,0.9,650,250,50,25,0
exercise_vigorous,12,8,bpm+steps+calories,3,1.0,393,168,45,16,0
exercise_vigorous,12,8,5x_true_hourly,5,0.5,858,319,59,25,2
exercise_vigorous,12,8,5x_true_hourly,5,0.75,707,274,51,24,0
exercise_vigorous,12,8,5x_true_hourly,5,0.9,595,244,45,21,0
exercise_vigorous,12,8,5x_true_hourly,5,1.0,350,155,42,15,0
exercise_vigorous,12,8,5x_hourly+scl_avg,6,0.5,800,299,56,25,1
exercise_vigorous,12,8,5x_hourly+scl_avg,6,0.75,595,244,45,21,0
exercise_vigorous,12,8,5x_hourly+scl_avg,6,0.9,0,0,0,0,0
exercise_vigorous,12,8,5x_hourly+scl_avg,6,1.0,0,0,0,0,0
exercise_vigorous,12,24,bpm,1,0.5,849,448,60,25,2
exercise_vigorous,12,24,bpm,1,0.75,724,390,52,23,0
exercise_vigorous,12,24,bpm,1,0.9,584,319,47,23,0
exercise_vigorous,12,24,bpm,1,1.0,460,242,42,18,0
exercise_vigorous,12,24,bpm+steps,2,0.5,837,445,60,25,1
exercise_vigorous,12,24,bpm+steps,2,0.75,719,388,51,23,0
exercise_vigorous,12,24,bpm+steps,2,0.9,543,298,46,22,0
exercise_vigorous,12,24,bpm+steps,2,1.0,255,149,37,11,0
exercise_vigorous,12,24,bpm+steps+calories,3,0.5,931,482,60,30,4
exercise_vigorous,12,24,bpm+steps+calories,3,0.75,781,422,56,25,0
exercise_vigorous,12,24,bpm+steps+calories,3,0.9,598,324,49,23,0
exercise_vigorous,12,24,bpm+steps+calories,3,1.0,255,149,37,11,0
exercise_vigorous,12,24,5x_true_hourly,5,0.5,856,453,60,26,2
exercise_vigorous,12,24,5x_true_hourly,5,0.75,703,377,50,23,0
exercise_vigorous,12,24,5x_true_hourly,5,0.9,540,303,44,22,0
exercise_vigorous,12,24,5x_true_hourly,5,1.0,225,135,32,10,0
exercise_vigorous,12,24,5x_hourly+scl_avg,6,0.5,797,429,56,26,1
exercise_vigorous,12,24,5x_hourly+scl_avg,6,0.75,540,303,44,22,0
exercise_vigorous,12,24,5x_hourly+scl_avg,6,0.9,0,0,0,0,0
exercise_vigorous,12,24,5x_hourly+scl_avg,6,1.0,0,0,0,0,0
exercise_vigorous,24,1,bpm,1,0.5,904,73,58,26,4
exercise_vigorous,24,1,bpm,1,0.75,787,67,54,22,1
exercise_vigorous,24,1,bpm,1,0.9,690,58,50,22,0
exercise_vigorous,24,1,bpm,1,1.0,577,49,47,21,0
exercise_vigorous,24,1,bpm+steps,2,0.5,897,73,58,27,4
exercise_vigorous,24,1,bpm+steps,2,0.75,774,64,52,22,1
exercise_vigorous,24,1,bpm+steps,2,0.9,668,57,50,22,0
exercise_vigorous,24,1,bpm+steps,2,1.0,345,32,42,15,0
exercise_vigorous,24,1,bpm+steps+calories,3,0.5,968,76,61,31,4
exercise_vigorous,24,1,bpm+steps+calories,3,0.75,850,72,56,25,3
exercise_vigorous,24,1,bpm+steps+calories,3,0.9,707,59,51,22,0
exercise_vigorous,24,1,bpm+steps+calories,3,1.0,345,32,42,15,0
exercise_vigorous,24,1,5x_true_hourly,5,0.5,913,74,58,28,4
exercise_vigorous,24,1,5x_true_hourly,5,0.75,771,65,51,25,1
exercise_vigorous,24,1,5x_true_hourly,5,0.9,627,57,46,21,0
exercise_vigorous,24,1,5x_true_hourly,5,1.0,288,26,37,12,0
exercise_vigorous,24,1,5x_hourly+scl_avg,6,0.5,857,70,57,26,4
exercise_vigorous,24,1,5x_hourly+scl_avg,6,0.75,627,57,46,21,0
exercise_vigorous,24,1,5x_hourly+scl_avg,6,0.9,0,0,0,0,0
exercise_vigorous,24,1,5x_hourly+scl_avg,6,1.0,0,0,0,0,0
exercise_vigorous,24,2,bpm,1,0.5,911,159,58,28,4
exercise_vigorous,24,2,bpm,1,0.75,748,139,54,22,1
exercise_vigorous,24,2,bpm,1,0.9,658,123,50,22,0
exercise_vigorous,24,2,bpm,1,1.0,554,107,46,20,0
exercise_vigorous,24,2,bpm+steps,2,0.5,899,159,58,27,4
exercise_vigorous,24,2,bpm+steps,2,0.75,740,136,52,24,1
exercise_vigorous,24,2,bpm+steps,2,0.9,633,120,49,21,0
exercise_vigorous,24,2,bpm+steps,2,1.0,331,75,41,15,0
exercise_vigorous,24,2,bpm+steps+calories,3,0.5,972,167,61,31,4
exercise_vigorous,24,2,bpm+steps+calories,3,0.75,814,150,56,27,2
exercise_vigorous,24,2,bpm+steps+calories,3,0.9,668,124,50,22,0
exercise_vigorous,24,2,bpm+steps+calories,3,1.0,331,75,41,15,0
exercise_vigorous,24,2,5x_true_hourly,5,0.5,917,161,58,28,4
exercise_vigorous,24,2,5x_true_hourly,5,0.75,731,138,50,24,0
exercise_vigorous,24,2,5x_true_hourly,5,0.9,603,116,46,22,0
exercise_vigorous,24,2,5x_true_hourly,5,1.0,276,60,36,12,0
exercise_vigorous,24,2,5x_hourly+scl_avg,6,0.5,853,155,57,26,4
exercise_vigorous,24,2,5x_hourly+scl_avg,6,0.75,603,116,46,22,0
exercise_vigorous,24,2,5x_hourly+scl_avg,6,0.9,0,0,0,0,0
exercise_vigorous,24,2,5x_hourly+scl_avg,6,1.0,0,0,0,0,0
exercise_vigorous,24,4,bpm,1,0.5,883,259,58,28,3
exercise_vigorous,24,4,bpm,1,0.75,740,232,54,24,1
exercise_vigorous,24,4,bpm,1,0.9,617,201,49,21,0
exercise_vigorous,24,4,bpm,1,1.0,520,169,46,19,0
exercise_vigorous,24,4,bpm+steps,2,0.5,869,258,58,27,2
exercise_vigorous,24,4,bpm+steps,2,0.75,724,227,51,24,1
exercise_vigorous,24,4,bpm+steps,2,0.9,584,190,48,19,0
exercise_vigorous,24,4,bpm+steps,2,1.0,312,116,41,14,0
exercise_vigorous,24,4,bpm+steps+calories,3,0.5,972,284,61,31,4
exercise_vigorous,24,4,bpm+steps+calories,3,0.75,803,245,56,27,2
exercise_vigorous,24,4,bpm+steps+calories,3,0.9,633,204,49,23,0
exercise_vigorous,24,4,bpm+steps+calories,3,1.0,312,116,41,14,0
exercise_vigorous,24,4,5x_true_hourly,5,0.5,888,262,58,28,3
exercise_vigorous,24,4,5x_true_hourly,5,0.75,717,227,49,25,0
exercise_vigorous,24,4,5x_true_hourly,5,0.9,569,188,45,20,0
exercise_vigorous,24,4,5x_true_hourly,5,1.0,257,93,36,11,0
exercise_vigorous,24,4,5x_hourly+scl_avg,6,0.5,827,251,56,26,2
exercise_vigorous,24,4,5x_hourly+scl_avg,6,0.75,569,188,45,20,0
exercise_vigorous,24,4,5x_hourly+scl_avg,6,0.9,0,0,0,0,0
exercise_vigorous,24,4,5x_hourly+scl_avg,6,1.0,0,0,0,0,0
exercise_vigorous,24,8,bpm,1,0.5,851,314,58,27,1
exercise_vigorous,24,8,bpm,1,0.75,710,278,52,24,0
exercise_vigorous,24,8,bpm,1,0.9,582,233,47,21,0
exercise_vigorous,24,8,bpm,1,1.0,488,195,45,19,0
exercise_vigorous,24,8,bpm+steps,2,0.5,835,312,56,27,1
exercise_vigorous,24,8,bpm+steps,2,0.75,696,274,51,24,0
exercise_vigorous,24,8,bpm+steps,2,0.9,560,220,46,21,0
exercise_vigorous,24,8,bpm+steps,2,1.0,274,121,38,12,0
exercise_vigorous,24,8,bpm+steps+calories,3,0.5,957,355,61,30,4
exercise_vigorous,24,8,bpm+steps+calories,3,0.75,783,299,55,27,1
exercise_vigorous,24,8,bpm+steps+calories,3,0.9,619,242,48,24,0
exercise_vigorous,24,8,bpm+steps+calories,3,1.0,274,121,38,12,0
exercise_vigorous,24,8,5x_true_hourly,5,0.5,872,323,56,27,2
exercise_vigorous,24,8,5x_true_hourly,5,0.75,690,274,49,25,0
exercise_vigorous,24,8,5x_true_hourly,5,0.9,556,226,45,20,0
exercise_vigorous,24,8,5x_true_hourly,5,1.0,222,98,34,11,0
exercise_vigorous,24,8,5x_hourly+scl_avg,6,0.5,795,305,54,26,1
exercise_vigorous,24,8,5x_hourly+scl_avg,6,0.75,556,226,45,20,0
exercise_vigorous,24,8,5x_hourly+scl_avg,6,0.9,0,0,0,0,0
exercise_vigorous,24,8,5x_hourly+scl_avg,6,1.0,0,0,0,0,0
exercise_vigorous,24,24,bpm,1,0.5,850,440,56,28,1
exercise_vigorous,24,24,bpm,1,0.75,692,370,48,23,0
exercise_vigorous,24,24,bpm,1,0.9,544,292,44,23,0
exercise_vigorous,24,24,bpm,1,1.0,383,202,39,15,0
exercise_vigorous,24,24,bpm+steps,2,0.5,831,436,55,27,1
exercise_vigorous,24,24,bpm+steps,2,0.75,683,362,48,23,0
exercise_vigorous,24,24,bpm+steps,2,0.9,507,271,43,20,0
exercise_vigorous,24,24,bpm+steps,2,1.0,183,106,29,7,0
exercise_vigorous,24,24,bpm+steps+calories,3,0.5,946,489,60,30,4
exercise_vigorous,24,24,bpm+steps+calories,3,0.75,774,414,54,26,1
exercise_vigorous,24,24,bpm+steps+calories,3,0.9,574,307,47,23,0
exercise_vigorous,24,24,bpm+steps+calories,3,1.0,183,106,29,7,0
exercise_vigorous,24,24,5x_true_hourly,5,0.5,865,450,55,28,2
exercise_vigorous,24,24,5x_true_hourly,5,0.75,685,362,47,23,0
exercise_vigorous,24,24,5x_true_hourly,5,0.9,508,286,44,21,0
exercise_vigorous,24,24,5x_true_hourly,5,1.0,145,83,25,5,0
exercise_vigorous,24,24,5x_hourly+scl_avg,6,0.5,780,419,54,27,0
exercise_vigorous,24,24,5x_hourly+scl_avg,6,0.75,508,286,44,21,0
exercise_vigorous,24,24,5x_hourly+scl_avg,6,0.9,0,0,0,0,0
exercise_vigorous,24,24,5x_hourly+scl_avg,6,1.0,0,0,0,0,0
walk_only,1,1,bpm,1,0.5,2764,179,67,57,20
walk_only,1,1,bpm,1,0.75,2764,179,67,57,20
walk_only,1,1,bpm,1,0.9,2764,179,67,57,20
walk_only,1,1,bpm,1,1.0,2764,179,67,57,20
walk_only,1,1,bpm+steps,2,0.5,2770,180,67,57,20
walk_only,1,1,bpm+steps,2,0.75,2750,178,67,57,20
walk_only,1,1,bpm+steps,2,0.9,2750,178,67,57,20
walk_only,1,1,bpm+steps,2,1.0,2750,178,67,57,20
walk_only,1,1,bpm+steps+calories,3,0.5,2770,180,67,57,20
walk_only,1,1,bpm+steps+calories,3,0.75,2750,178,67,57,20
walk_only,1,1,bpm+steps+calories,3,0.9,2750,178,67,57,20
walk_only,1,1,bpm+steps+calories,3,1.0,2750,178,67,57,20
walk_only,1,1,5x_true_hourly,5,0.5,2765,180,67,57,20
walk_only,1,1,5x_true_hourly,5,0.75,2753,178,67,57,20
walk_only,1,1,5x_true_hourly,5,0.9,2113,153,56,48,15
walk_only,1,1,5x_true_hourly,5,1.0,2113,153,56,48,15
walk_only,1,1,5x_hourly+scl_avg,6,0.5,2765,180,67,57,20
walk_only,1,1,5x_hourly+scl_avg,6,0.75,2113,153,56,48,15
walk_only,1,1,5x_hourly+scl_avg,6,0.9,0,0,0,0,0
walk_only,1,1,5x_hourly+scl_avg,6,1.0,0,0,0,0,0
walk_only,1,2,bpm,1,0.5,2770,366,67,57,20
walk_only,1,2,bpm,1,0.75,2679,357,67,55,20
walk_only,1,2,bpm,1,0.9,2679,357,67,55,20
walk_only,1,2,bpm,1,1.0,2679,357,67,55,20
walk_only,1,2,bpm+steps,2,0.5,2774,368,67,57,20
walk_only,1,2,bpm+steps,2,0.75,2669,356,67,55,20
walk_only,1,2,bpm+steps,2,0.9,2645,353,66,54,20
walk_only,1,2,bpm+steps,2,1.0,2645,353,66,54,20
walk_only,1,2,bpm+steps+calories,3,0.5,2776,368,67,57,20
walk_only,1,2,bpm+steps+calories,3,0.75,2669,356,67,55,20
walk_only,1,2,bpm+steps+calories,3,0.9,2645,353,66,54,20
walk_only,1,2,bpm+steps+calories,3,1.0,2645,353,66,54,20
walk_only,1,2,5x_true_hourly,5,0.5,2771,368,67,57,20
walk_only,1,2,5x_true_hourly,5,0.75,2661,355,66,54,20
walk_only,1,2,5x_true_hourly,5,0.9,2070,301,56,48,15
walk_only,1,2,5x_true_hourly,5,1.0,2045,299,56,48,15
walk_only,1,2,5x_hourly+scl_avg,6,0.5,2729,365,67,56,20
walk_only,1,2,5x_hourly+scl_avg,6,0.75,2070,301,56,48,15
walk_only,1,2,5x_hourly+scl_avg,6,0.9,0,0,0,0,0
walk_only,1,2,5x_hourly+scl_avg,6,1.0,0,0,0,0,0
walk_only,1,4,bpm,1,0.5,2717,707,67,57,20
walk_only,1,4,bpm,1,0.75,2643,694,67,55,20
walk_only,1,4,bpm,1,0.9,2537,673,66,53,19
walk_only,1,4,bpm,1,1.0,2537,673,66,53,19
walk_only,1,4,bpm+steps,2,0.5,2712,707,67,56,20
walk_only,1,4,bpm+steps,2,0.75,2624,694,66,54,19
walk_only,1,4,bpm+steps,2,0.9,2433,657,65,50,19
walk_only,1,4,bpm+steps,2,1.0,2433,657,65,50,19
walk_only,1,4,bpm+steps+calories,3,0.5,2774,716,67,57,20
walk_only,1,4,bpm+steps+calories,3,0.75,2632,694,67,55,19
walk_only,1,4,bpm+steps+calories,3,0.9,2508,670,65,51,19
walk_only,1,4,bpm+steps+calories,3,1.0,2433,657,65,50,19
walk_only,1,4,5x_true_hourly,5,0.5,2705,706,67,56,20
walk_only,1,4,5x_true_hourly,5,0.75,2575,688,65,51,19
walk_only,1,4,5x_true_hourly,5,0.9,1980,584,56,45,12
walk_only,1,4,5x_true_hourly,5,1.0,1896,565,56,43,12
walk_only,1,4,5x_hourly+scl_avg,6,0.5,2672,705,66,55,19
walk_only,1,4,5x_hourly+scl_avg,6,0.75,1980,584,56,45,12
walk_only,1,4,5x_hourly+scl_avg,6,0.9,0,0,0,0,0
walk_only,1,4,5x_hourly+scl_avg,6,1.0,0,0,0,0,0
walk_only,1,8,bpm,1,0.5,2639,902,67,54,20
walk_only,1,8,bpm,1,0.75,2524,877,67,50,20
walk_only,1,8,bpm,1,0.9,2318,801,65,47,18
walk_only,1,8,bpm,1,1.0,2318,801,65,47,18
walk_only,1,8,bpm+steps,2,0.5,2624,902,67,51,20
walk_only,1,8,bpm+steps,2,0.75,2494,870,65,49,19
walk_only,1,8,bpm+steps,2,0.9,2252,789,65,45,17
walk_only,1,8,bpm+steps,2,1.0,2034,743,64,45,15
walk_only,1,8,bpm+steps+calories,3,0.5,2733,924,67,56,20
walk_only,1,8,bpm+steps+calories,3,0.75,2557,883,66,50,20
walk_only,1,8,bpm+steps+calories,3,0.9,2397,842,65,48,19
walk_only,1,8,bpm+steps+calories,3,1.0,2034,743,64,45,15
walk_only,1,8,5x_true_hourly,5,0.5,2640,911,66,51,20
walk_only,1,8,5x_true_hourly,5,0.75,2434,858,65,49,19
walk_only,1,8,5x_true_hourly,5,0.9,1924,743,56,43,12
walk_only,1,8,5x_true_hourly,5,1.0,1618,643,55,42,10
walk_only,1,8,5x_hourly+scl_avg,6,0.5,2565,891,65,50,20
walk_only,1,8,5x_hourly+scl_avg,6,0.75,1924,743,56,43,12
walk_only,1,8,5x_hourly+scl_avg,6,0.9,0,0,0,0,0
walk_only,1,8,5x_hourly+scl_avg,6,1.0,0,0,0,0,0
walk_only,1,24,bpm,1,0.5,2631,1279,66,54,19
walk_only,1,24,bpm,1,0.75,2330,1166,65,48,17
walk_only,1,24,bpm,1,0.9,2104,1082,58,46,15
walk_only,1,24,bpm,1,1.0,1801,928,57,45,13
walk_only,1,24,bpm+steps,2,0.5,2609,1272,66,54,19
walk_only,1,24,bpm+steps,2,0.75,2281,1152,63,47,17
walk_only,1,24,bpm+steps,2,0.9,2032,1053,57,45,15
walk_only,1,24,bpm+steps,2,1.0,1230,634,52,36,8
walk_only,1,24,bpm+steps+calories,3,0.5,2732,1318,67,57,20
walk_only,1,24,bpm+steps+calories,3,0.75,2486,1227,66,50,19
walk_only,1,24,bpm+steps+calories,3,0.9,2140,1095,58,46,15
walk_only,1,24,bpm+steps+calories,3,1.0,1230,634,52,36,8
walk_only,1,24,5x_true_hourly,5,0.5,2632,1284,66,54,19
walk_only,1,24,5x_true_hourly,5,0.75,2265,1149,58,47,16
walk_only,1,24,5x_true_hourly,5,0.9,1737,931,53,43,11
walk_only,1,24,5x_true_hourly,5,1.0,1000,552,48,30,6
walk_only,1,24,5x_hourly+scl_avg,6,0.5,2492,1238,66,49,19
walk_only,1,24,5x_hourly+scl_avg,6,0.75,1737,931,53,43,11
walk_only,1,24,5x_hourly+scl_avg,6,0.9,0,0,0,0,0
walk_only,1,24,5x_hourly+scl_avg,6,1.0,0,0,0,0,0
walk_only,2,1,bpm,1,0.5,2781,182,67,57,20
walk_only,2,1,bpm,1,0.75,2682,177,66,55,19
walk_only,2,1,bpm,1,0.9,2682,177,66,55,19
walk_only,2,1,bpm,1,1.0,2682,177,66,55,19
walk_only,2,1,bpm+steps,2,0.5,2779,183,67,57,20
walk_only,2,1,bpm+steps,2,0.75,2679,177,66,55,19
walk_only,2,1,bpm+steps,2,0.9,2652,173,66,55,19
walk_only,2,1,bpm+steps,2,1.0,2652,173,66,55,19
walk_only,2,1,bpm+steps+calories,3,0.5,2786,183,67,57,20
walk_only,2,1,bpm+steps+calories,3,0.75,2679,177,66,55,19
walk_only,2,1,bpm+steps+calories,3,0.9,2652,173,66,55,19
walk_only,2,1,bpm+steps+calories,3,1.0,2652,173,66,55,19
walk_only,2,1,5x_true_hourly,5,0.5,2778,183,67,57,20
walk_only,2,1,5x_true_hourly,5,0.75,2673,176,66,55,19
walk_only,2,1,5x_true_hourly,5,0.9,2083,149,56,48,15
walk_only,2,1,5x_true_hourly,5,1.0,2070,149,56,46,15
walk_only,2,1,5x_hourly+scl_avg,6,0.5,2723,181,66,55,19
walk_only,2,1,5x_hourly+scl_avg,6,0.75,2083,149,56,48,15
walk_only,2,1,5x_hourly+scl_avg,6,0.9,0,0,0,0,0
walk_only,2,1,5x_hourly+scl_avg,6,1.0,0,0,0,0,0
walk_only,2,2,bpm,1,0.5,2787,370,67,57,20
walk_only,2,2,bpm,1,0.75,2604,351,66,54,19
walk_only,2,2,bpm,1,0.9,2604,351,66,54,19
walk_only,2,2,bpm,1,1.0,2604,351,66,54,19
walk_only,2,2,bpm+steps,2,0.5,2783,372,67,57,20
walk_only,2,2,bpm+steps,2,0.75,2604,351,66,54,19
walk_only,2,2,bpm+steps,2,0.9,2556,344,66,53,19
walk_only,2,2,bpm+steps,2,1.0,2556,344,66,53,19
walk_only,2,2,bpm+steps+calories,3,0.5,2792,372,67,57,20
walk_only,2,2,bpm+steps+calories,3,0.75,2604,351,66,54,19
walk_only,2,2,bpm+steps+calories,3,0.9,2556,344,66,53,19
walk_only,2,2,bpm+steps+calories,3,1.0,2556,344,66,53,19
walk_only,2,2,5x_true_hourly,5,0.5,2784,372,67,57,20
walk_only,2,2,5x_true_hourly,5,0.75,2588,349,66,53,19
walk_only,2,2,5x_true_hourly,5,0.9,2042,296,56,48,13
walk_only,2,2,5x_true_hourly,5,1.0,2005,294,56,46,13
walk_only,2,2,5x_hourly+scl_avg,6,0.5,2692,364,66,54,19
walk_only,2,2,5x_hourly+scl_avg,6,0.75,2042,296,56,48,13
walk_only,2,2,5x_hourly+scl_avg,6,0.9,0,0,0,0,0
walk_only,2,2,5x_hourly+scl_avg,6,1.0,0,0,0,0,0
walk_only,2,4,bpm,1,0.5,2733,711,67,57,20
walk_only,2,4,bpm,1,0.75,2574,683,66,54,19
walk_only,2,4,bpm,1,0.9,2471,662,66,51,19
walk_only,2,4,bpm,1,1.0,2471,662,66,51,19
walk_only,2,4,bpm+steps,2,0.5,2722,711,67,56,20
walk_only,2,4,bpm+steps,2,0.75,2566,684,66,53,19
walk_only,2,4,bpm+steps,2,0.9,2356,637,65,48,19
walk_only,2,4,bpm+steps,2,1.0,2356,637,65,48,19
walk_only,2,4,bpm+steps+calories,3,0.5,2790,720,67,57,20
walk_only,2,4,bpm+steps+calories,3,0.75,2573,684,66,54,19
walk_only,2,4,bpm+steps+calories,3,0.9,2429,649,65,50,19
walk_only,2,4,bpm+steps+calories,3,1.0,2356,637,65,48,19
walk_only,2,4,5x_true_hourly,5,0.5,2718,710,67,56,20
walk_only,2,4,5x_true_hourly,5,0.75,2511,676,65,49,19
walk_only,2,4,5x_true_hourly,5,0.9,1954,570,56,44,12
walk_only,2,4,5x_true_hourly,5,1.0,1860,552,56,42,12
walk_only,2,4,5x_hourly+scl_avg,6,0.5,2640,701,66,53,19
walk_only,2,4,5x_hourly+scl_avg,6,0.75,1954,570,56,44,12
walk_only,2,4,5x_hourly+scl_avg,6,0.9,0,0,0,0,0
walk_only,2,4,5x_hourly+scl_avg,6,1.0,0,0,0,0,0
walk_only,2,8,bpm,1,0.5,2654,907,67,54,20
walk_only,2,8,bpm,1,0.75,2458,864,66,49,19
walk_only,2,8,bpm,1,0.9,2261,791,65,47,17
walk_only,2,8,bpm,1,1.0,2261,791,65,47,17
walk_only,2,8,bpm+steps,2,0.5,2633,907,67,51,20
walk_only,2,8,bpm+steps,2,0.75,2440,860,65,49,19
walk_only,2,8,bpm+steps,2,0.9,2184,771,64,45,17
walk_only,2,8,bpm+steps,2,1.0,1968,726,64,44,15
walk_only,2,8,bpm+steps+calories,3,0.5,2748,929,67,56,20
walk_only,2,8,bpm+steps+calories,3,0.75,2499,872,65,49,19
walk_only,2,8,bpm+steps+calories,3,0.9,2323,821,65,48,19
walk_only,2,8,bpm+steps+calories,3,1.0,1968,726,64,44,15
walk_only,2,8,5x_true_hourly,5,0.5,2652,916,66,51,20
walk_only,2,8,5x_true_hourly,5,0.75,2377,848,65,49,18
walk_only,2,8,5x_true_hourly,5,0.9,1900,729,56,42,12
walk_only,2,8,5x_true_hourly,5,1.0,1588,632,55,42,10
walk_only,2,8,5x_hourly+scl_avg,6,0.5,2533,886,65,49,19
walk_only,2,8,5x_hourly+scl_avg,6,0.75,1900,729,56,42,12
walk_only,2,8,5x_hourly+scl_avg,6,0.9,0,0,0,0,0
walk_only,2,8,5x_hourly+scl_avg,6,1.0,0,0,0,0,0
walk_only,2,24,bpm,1,0.5,2646,1285,66,54,20
walk_only,2,24,bpm,1,0.75,2282,1153,63,48,17
walk_only,2,24,bpm,1,0.9,2064,1070,57,46,15
walk_only,2,24,bpm,1,1.0,1765,917,57,44,12
walk_only,2,24,bpm+steps,2,0.5,2618,1277,66,54,19
walk_only,2,24,bpm+steps,2,0.75,2241,1143,61,47,17
walk_only,2,24,bpm+steps,2,0.9,1982,1035,57,45,14
walk_only,2,24,bpm+steps,2,1.0,1202,624,52,34,8
walk_only,2,24,bpm+steps+calories,3,0.5,2746,1324,67,57,20
walk_only,2,24,bpm+steps+calories,3,0.75,2440,1218,65,49,19
walk_only,2,24,bpm+steps+calories,3,0.9,2087,1075,57,46,15
walk_only,2,24,bpm+steps+calories,3,1.0,1202,624,52,34,8
walk_only,2,24,5x_true_hourly,5,0.5,2644,1290,66,54,19
walk_only,2,24,5x_true_hourly,5,0.75,2222,1137,57,47,16
walk_only,2,24,5x_true_hourly,5,0.9,1720,918,53,43,11
walk_only,2,24,5x_true_hourly,5,1.0,985,546,48,29,6
walk_only,2,24,5x_hourly+scl_avg,6,0.5,2470,1237,65,49,19
walk_only,2,24,5x_hourly+scl_avg,6,0.75,1720,918,53,43,11
walk_only,2,24,5x_hourly+scl_avg,6,0.9,0,0,0,0,0
walk_only,2,24,5x_hourly+scl_avg,6,1.0,0,0,0,0,0
walk_only,4,1,bpm,1,0.5,2738,181,67,56,20
walk_only,4,1,bpm,1,0.75,2658,178,67,54,19
walk_only,4,1,bpm,1,0.9,2548,169,66,53,19
walk_only,4,1,bpm,1,1.0,2548,169,66,53,19
walk_only,4,1,bpm+steps,2,0.5,2735,182,67,56,20
walk_only,4,1,bpm+steps,2,0.75,2644,178,67,53,19
walk_only,4,1,bpm+steps,2,0.9,2469,161,66,53,18
walk_only,4,1,bpm+steps,2,1.0,2469,161,66,53,18
walk_only,4,1,bpm+steps+calories,3,0.5,2790,183,67,57,20
walk_only,4,1,bpm+steps+calories,3,0.75,2655,178,67,54,19
walk_only,4,1,bpm+steps+calories,3,0.9,2534,166,66,53,19
walk_only,4,1,bpm+steps+calories,3,1.0,2469,161,66,53,18
walk_only,4,1,5x_true_hourly,5,0.5,2736,182,67,56,20
walk_only,4,1,5x_true_hourly,5,0.75,2574,175,66,53,19
walk_only,4,1,5x_true_hourly,5,0.9,2053,146,56,47,14
walk_only,4,1,5x_true_hourly,5,1.0,1980,142,56,46,13
walk_only,4,1,5x_hourly+scl_avg,6,0.5,2682,179,67,53,19
walk_only,4,1,5x_hourly+scl_avg,6,0.75,2053,146,56,47,14
walk_only,4,1,5x_hourly+scl_avg,6,0.9,0,0,0,0,0
walk_only,4,1,5x_hourly+scl_avg,6,1.0,0,0,0,0,0
walk_only,4,2,bpm,1,0.5,2744,366,67,56,20
walk_only,4,2,bpm,1,0.75,2581,352,67,52,19
walk_only,4,2,bpm,1,0.9,2475,341,66,51,19
walk_only,4,2,bpm,1,1.0,2475,341,66,51,19
walk_only,4,2,bpm+steps,2,0.5,2739,368,67,56,20
walk_only,4,2,bpm+steps,2,0.75,2571,352,67,52,19
walk_only,4,2,bpm+steps,2,0.9,2380,327,66,50,18
walk_only,4,2,bpm+steps,2,1.0,2380,327,66,50,18
walk_only,4,2,bpm+steps+calories,3,0.5,2796,372,67,57,20
walk_only,4,2,bpm+steps+calories,3,0.75,2581,352,67,52,19
walk_only,4,2,bpm+steps+calories,3,0.9,2444,336,66,50,19
walk_only,4,2,bpm+steps+calories,3,1.0,2380,327,66,50,18
walk_only,4,2,5x_true_hourly,5,0.5,2742,368,67,56,20
walk_only,4,2,5x_true_hourly,5,0.75,2493,346,66,50,19
walk_only,4,2,5x_true_hourly,5,0.9,2016,294,56,47,13
walk_only,4,2,5x_true_hourly,5,1.0,1920,285,56,46,12
walk_only,4,2,5x_hourly+scl_avg,6,0.5,2651,360,67,52,19
walk_only,4,2,5x_hourly+scl_avg,6,0.75,2016,294,56,47,13
walk_only,4,2,5x_hourly+scl_avg,6,0.9,0,0,0,0,0
walk_only,4,2,5x_hourly+scl_avg,6,1.0,0,0,0,0,0
walk_only,4,4,bpm,1,0.5,2692,704,67,55,20
walk_only,4,4,bpm,1,0.75,2551,682,67,52,19
walk_only,4,4,bpm,1,0.9,2351,639,66,50,18
walk_only,4,4,bpm,1,1.0,2351,639,66,50,18
walk_only,4,4,bpm+steps,2,0.5,2681,703,67,54,20
walk_only,4,4,bpm+steps,2,0.75,2530,679,66,52,19
walk_only,4,4,bpm+steps,2,0.9,2196,601,65,47,16
walk_only,4,4,bpm+steps,2,1.0,2196,601,65,47,16
walk_only,4,4,bpm+steps+calories,3,0.5,2794,720,67,57,20
walk_only,4,4,bpm+steps+calories,3,0.75,2549,683,67,52,19
walk_only,4,4,bpm+steps+calories,3,0.9,2324,633,65,49,18
walk_only,4,4,bpm+steps+calories,3,1.0,2196,601,65,47,16
walk_only,4,4,5x_true_hourly,5,0.5,2678,702,67,54,20
walk_only,4,4,5x_true_hourly,5,0.75,2428,665,65,49,18
walk_only,4,4,5x_true_hourly,5,0.9,1928,567,56,44,13
walk_only,4,4,5x_true_hourly,5,1.0,1782,530,56,42,12
walk_only,4,4,5x_hourly+scl_avg,6,0.5,2596,692,66,52,19
walk_only,4,4,5x_hourly+scl_avg,6,0.75,1928,567,56,44,13
walk_only,4,4,5x_hourly+scl_avg,6,0.9,0,0,0,0,0
walk_only,4,4,5x_hourly+scl_avg,6,1.0,0,0,0,0,0
walk_only,4,8,bpm,1,0.5,2618,899,67,53,20
walk_only,4,8,bpm,1,0.75,2436,863,67,49,18
walk_only,4,8,bpm,1,0.9,2153,762,64,46,17
walk_only,4,8,bpm,1,1.0,2153,762,64,46,17
walk_only,4,8,bpm+steps,2,0.5,2598,898,67,50,20
walk_only,4,8,bpm+steps,2,0.75,2406,853,65,49,18
walk_only,4,8,bpm+steps,2,0.9,2039,725,62,45,14
walk_only,4,8,bpm+steps,2,1.0,1830,681,62,43,12
walk_only,4,8,bpm+steps+calories,3,0.5,2753,929,67,56,20
walk_only,4,8,bpm+steps+calories,3,0.75,2477,871,66,49,19
walk_only,4,8,bpm+steps+calories,3,0.9,2226,800,65,46,18
walk_only,4,8,bpm+steps+calories,3,1.0,1830,681,62,43,12
walk_only,4,8,5x_true_hourly,5,0.5,2617,906,66,50,20
walk_only,4,8,5x_true_hourly,5,0.75,2304,832,63,49,18
walk_only,4,8,5x_true_hourly,5,0.9,1876,727,56,42,12
walk_only,4,8,5x_true_hourly,5,1.0,1519,605,55,41,9
walk_only,4,8,5x_hourly+scl_avg,6,0.5,2495,876,65,49,19
walk_only,4,8,5x_hourly+scl_avg,6,0.75,1876,727,56,42,12
walk_only,4,8,5x_hourly+scl_avg,6,0.9,0,0,0,0,0
walk_only,4,8,5x_hourly+scl_avg,6,1.0,0,0,0,0,0
walk_only,4,24,bpm,1,0.5,2611,1275,66,53,19
walk_only,4,24,bpm,1,0.75,2267,1152,63,49,17
walk_only,4,24,bpm,1,0.9,1985,1040,56,46,14
walk_only,4,24,bpm,1,1.0,1696,890,56,43,9
walk_only,4,24,bpm+steps,2,0.5,2583,1268,66,53,19
walk_only,4,24,bpm+steps,2,0.75,2219,1137,61,48,16
walk_only,4,24,bpm+steps,2,0.9,1875,991,56,45,12
walk_only,4,24,bpm+steps,2,1.0,1141,596,52,31,7
walk_only,4,24,bpm+steps+calories,3,0.5,2751,1324,67,57,20
walk_only,4,24,bpm+steps+calories,3,0.75,2423,1217,65,49,19
walk_only,4,24,bpm+steps+calories,3,0.9,2017,1050,56,46,15
walk_only,4,24,bpm+steps+calories,3,1.0,1141,596,52,31,7
walk_only,4,24,5x_true_hourly,5,0.5,2610,1282,66,52,19
walk_only,4,24,5x_true_hourly,5,0.75,2169,1122,56,48,15
walk_only,4,24,5x_true_hourly,5,0.9,1698,912,53,43,9
walk_only,4,24,5x_true_hourly,5,1.0,949,526,48,27,6
walk_only,4,24,5x_hourly+scl_avg,6,0.5,2440,1227,66,49,19
walk_only,4,24,5x_hourly+scl_avg,6,0.75,1698,912,53,43,9
walk_only,4,24,5x_hourly+scl_avg,6,0.9,0,0,0,0,0
walk_only,4,24,5x_hourly+scl_avg,6,1.0,0,0,0,0,0
walk_only,8,1,bpm,1,0.5,2661,176,67,54,19
walk_only,8,1,bpm,1,0.75,2554,173,67,51,19
walk_only,8,1,bpm,1,0.9,2372,163,66,50,18
walk_only,8,1,bpm,1,1.0,2372,163,66,50,18
walk_only,8,1,bpm+steps,2,0.5,2652,176,67,53,19
walk_only,8,1,bpm+steps,2,0.75,2543,174,67,51,19
walk_only,8,1,bpm+steps,2,0.9,2317,156,66,49,17
walk_only,8,1,bpm+steps,2,1.0,2141,139,66,48,15
walk_only,8,1,bpm+steps+calories,3,0.5,2762,182,67,56,20
walk_only,8,1,bpm+steps+calories,3,0.75,2597,175,67,52,19
walk_only,8,1,bpm+steps+calories,3,0.9,2457,169,67,51,19
walk_only,8,1,bpm+steps+calories,3,1.0,2141,139,66,48,15
walk_only,8,1,5x_true_hourly,5,0.5,2653,177,67,53,19
walk_only,8,1,5x_true_hourly,5,0.75,2473,171,66,49,19
walk_only,8,1,5x_true_hourly,5,0.9,2051,150,56,47,13
walk_only,8,1,5x_true_hourly,5,1.0,1774,122,56,44,11
walk_only,8,1,5x_hourly+scl_avg,6,0.5,2577,174,67,51,19
walk_only,8,1,5x_hourly+scl_avg,6,0.75,2051,150,56,47,13
walk_only,8,1,5x_hourly+scl_avg,6,0.9,0,0,0,0,0
walk_only,8,1,5x_hourly+scl_avg,6,1.0,0,0,0,0,0
walk_only,8,2,bpm,1,0.5,2666,359,67,54,19
walk_only,8,2,bpm,1,0.75,2479,344,67,51,19
walk_only,8,2,bpm,1,0.9,2304,326,66,49,17
walk_only,8,2,bpm,1,1.0,2304,326,66,49,17
walk_only,8,2,bpm+steps,2,0.5,2655,360,67,53,19
walk_only,8,2,bpm+steps,2,0.75,2471,345,67,51,19
walk_only,8,2,bpm+steps,2,0.9,2237,314,66,49,17
walk_only,8,2,bpm+steps,2,1.0,2065,282,66,48,15
walk_only,8,2,bpm+steps+calories,3,0.5,2768,371,67,56,20
walk_only,8,2,bpm+steps+calories,3,0.75,2524,348,67,51,19
walk_only,8,2,bpm+steps+calories,3,0.9,2370,332,66,49,18
walk_only,8,2,bpm+steps+calories,3,1.0,2065,282,66,48,15
walk_only,8,2,5x_true_hourly,5,0.5,2658,361,67,53,19
walk_only,8,2,5x_true_hourly,5,0.75,2400,337,66,49,18
walk_only,8,2,5x_true_hourly,5,0.9,2015,296,56,47,13
walk_only,8,2,5x_true_hourly,5,1.0,1718,247,55,44,11
walk_only,8,2,5x_hourly+scl_avg,6,0.5,2547,352,67,51,19
walk_only,8,2,5x_hourly+scl_avg,6,0.75,2015,296,56,47,13
walk_only,8,2,5x_hourly+scl_avg,6,0.9,0,0,0,0,0
walk_only,8,2,5x_hourly+scl_avg,6,1.0,0,0,0,0,0
walk_only,8,4,bpm,1,0.5,2618,693,67,52,19
walk_only,8,4,bpm,1,0.75,2452,668,67,51,19
walk_only,8,4,bpm,1,0.9,2194,617,66,49,17
walk_only,8,4,bpm,1,1.0,2194,617,66,49,17
walk_only,8,4,bpm+steps,2,0.5,2599,690,67,52,19
walk_only,8,4,bpm+steps,2,0.75,2436,669,66,50,19
walk_only,8,4,bpm+steps,2,0.9,2070,587,65,47,14
walk_only,8,4,bpm+steps,2,1.0,1910,520,65,47,12
walk_only,8,4,bpm+steps+calories,3,0.5,2765,716,67,56,20
walk_only,8,4,bpm+steps+calories,3,0.75,2494,676,67,50,19
walk_only,8,4,bpm+steps+calories,3,0.9,2254,630,65,48,17
walk_only,8,4,bpm+steps+calories,3,1.0,1910,520,65,47,12
walk_only,8,4,5x_true_hourly,5,0.5,2597,690,67,51,19
walk_only,8,4,5x_true_hourly,5,0.75,2342,657,65,49,18
walk_only,8,4,5x_true_hourly,5,0.9,1925,570,56,46,12
walk_only,8,4,5x_true_hourly,5,1.0,1599,460,55,42,10
walk_only,8,4,5x_hourly+scl_avg,6,0.5,2499,680,66,50,19
walk_only,8,4,5x_hourly+scl_avg,6,0.75,1925,570,56,46,12
walk_only,8,4,5x_hourly+scl_avg,6,0.9,0,0,0,0,0
walk_only,8,4,5x_hourly+scl_avg,6,1.0,0,0,0,0,0
walk_only,8,8,bpm,1,0.5,2548,880,67,51,19
walk_only,8,8,bpm,1,0.75,2349,842,66,49,18
walk_only,8,8,bpm,1,0.9,2023,738,63,45,14
walk_only,8,8,bpm,1,1.0,2023,738,63,45,14
walk_only,8,8,bpm+steps,2,0.5,2521,876,66,49,19
walk_only,8,8,bpm+steps,2,0.75,2323,837,64,49,18
walk_only,8,8,bpm+steps,2,0.9,1930,706,61,44,12
walk_only,8,8,bpm+steps,2,1.0,1596,589,60,42,10
walk_only,8,8,bpm+steps+calories,3,0.5,2726,924,67,55,20
walk_only,8,8,bpm+steps+calories,3,0.75,2423,857,66,49,19
walk_only,8,8,bpm+steps+calories,3,0.9,2164,791,64,45,16
walk_only,8,8,bpm+steps+calories,3,1.0,1596,589,60,42,10
walk_only,8,8,5x_true_hourly,5,0.5,2542,887,66,49,19
walk_only,8,8,5x_true_hourly,5,0.75,2239,825,62,48,17
walk_only,8,8,5x_true_hourly,5,0.9,1873,725,56,44,12
walk_only,8,8,5x_true_hourly,5,1.0,1361,522,53,38,8
walk_only,8,8,5x_hourly+scl_avg,6,0.5,2407,858,64,49,18
walk_only,8,8,5x_hourly+scl_avg,6,0.75,1873,725,56,44,12
walk_only,8,8,5x_hourly+scl_avg,6,0.9,0,0,0,0,0
walk_only,8,8,5x_hourly+scl_avg,6,1.0,0,0,0,0,0
walk_only,8,24,bpm,1,0.5,2540,1256,66,51,19
walk_only,8,24,bpm,1,0.75,2213,1131,63,48,16
walk_only,8,24,bpm,1,0.9,1893,1004,56,46,12
walk_only,8,24,bpm,1,1.0,1615,859,56,42,8
walk_only,8,24,bpm+steps,2,0.5,2507,1245,66,51,19
walk_only,8,24,bpm+steps,2,0.75,2170,1122,61,48,14
walk_only,8,24,bpm+steps,2,0.9,1803,962,56,45,11
walk_only,8,24,bpm+steps,2,1.0,1040,542,52,30,4
walk_only,8,24,bpm+steps+calories,3,0.5,2722,1317,67,56,20
walk_only,8,24,bpm+steps+calories,3,0.75,2386,1204,65,49,18
walk_only,8,24,bpm+steps+calories,3,0.9,1983,1039,57,47,13
walk_only,8,24,bpm+steps+calories,3,1.0,1040,542,52,30,4
walk_only,8,24,5x_true_hourly,5,0.5,2537,1261,66,51,19
walk_only,8,24,5x_true_hourly,5,0.75,2125,1105,56,48,14
walk_only,8,24,5x_true_hourly,5,0.9,1696,910,53,42,8
walk_only,8,24,5x_true_hourly,5,1.0,882,480,47,23,4
walk_only,8,24,5x_hourly+scl_avg,6,0.5,2374,1206,66,49,19
walk_only,8,24,5x_hourly+scl_avg,6,0.75,1696,910,53,42,8
walk_only,8,24,5x_hourly+scl_avg,6,0.9,0,0,0,0,0
walk_only,8,24,5x_hourly+scl_avg,6,1.0,0,0,0,0,0
walk_only,12,1,bpm,1,0.5,2630,176,67,52,19
walk_only,12,1,bpm,1,0.75,2471,171,67,50,19
walk_only,12,1,bpm,1,0.9,2319,165,67,48,18
walk_only,12,1,bpm,1,1.0,2163,154,65,47,16
walk_only,12,1,bpm+steps,2,0.5,2618,176,67,52,19
walk_only,12,1,bpm+steps,2,0.75,2458,172,67,50,19
walk_only,12,1,bpm+steps,2,0.9,2245,162,66,47,17
walk_only,12,1,bpm+steps,2,1.0,1759,119,65,44,11
walk_only,12,1,bpm+steps+calories,3,0.5,2767,184,67,57,20
walk_only,12,1,bpm+steps+calories,3,0.75,2516,173,67,50,19
walk_only,12,1,bpm+steps+calories,3,0.9,2303,165,66,48,18
walk_only,12,1,bpm+steps+calories,3,1.0,1759,119,65,44,11
walk_only,12,1,5x_true_hourly,5,0.5,2623,177,67,52,19
walk_only,12,1,5x_true_hourly,5,0.75,2362,169,66,48,18
walk_only,12,1,5x_true_hourly,5,0.9,2039,148,56,47,12
walk_only,12,1,5x_true_hourly,5,1.0,1522,106,56,41,9
walk_only,12,1,5x_hourly+scl_avg,6,0.5,2530,174,67,50,19
walk_only,12,1,5x_hourly+scl_avg,6,0.75,2039,148,56,47,12
walk_only,12,1,5x_hourly+scl_avg,6,0.9,0,0,0,0,0
walk_only,12,1,5x_hourly+scl_avg,6,1.0,0,0,0,0,0
walk_only,12,2,bpm,1,0.5,2636,359,67,52,19
walk_only,12,2,bpm,1,0.75,2402,339,67,49,18
walk_only,12,2,bpm,1,0.9,2255,324,65,48,18
walk_only,12,2,bpm,1,1.0,2108,300,64,47,15
walk_only,12,2,bpm+steps,2,0.5,2622,360,67,52,19
walk_only,12,2,bpm+steps,2,0.75,2392,340,67,49,18
walk_only,12,2,bpm+steps,2,0.9,2173,313,63,47,16
walk_only,12,2,bpm+steps,2,1.0,1702,230,63,44,11
walk_only,12,2,bpm+steps+calories,3,0.5,2773,373,67,57,20
walk_only,12,2,bpm+steps+calories,3,0.75,2445,342,67,49,19
walk_only,12,2,bpm+steps+calories,3,0.9,2227,321,64,48,18
walk_only,12,2,bpm+steps+calories,3,1.0,1702,230,63,44,11
walk_only,12,2,5x_true_hourly,5,0.5,2628,362,67,52,19
walk_only,12,2,5x_true_hourly,5,0.75,2297,330,64,48,18
walk_only,12,2,5x_true_hourly,5,0.9,2002,294,55,47,12
walk_only,12,2,5x_true_hourly,5,1.0,1476,209,55,40,9
walk_only,12,2,5x_hourly+scl_avg,6,0.5,2502,349,67,49,19
walk_only,12,2,5x_hourly+scl_avg,6,0.75,2002,294,55,47,12
walk_only,12,2,5x_hourly+scl_avg,6,0.9,0,0,0,0,0
walk_only,12,2,5x_hourly+scl_avg,6,1.0,0,0,0,0,0
walk_only,12,4,bpm,1,0.5,2586,692,67,51,19
walk_only,12,4,bpm,1,0.75,2378,661,67,49,19
walk_only,12,4,bpm,1,0.9,2150,614,63,48,16
walk_only,12,4,bpm,1,1.0,2013,572,62,46,15
walk_only,12,4,bpm+steps,2,0.5,2565,691,67,51,19
walk_only,12,4,bpm+steps,2,0.75,2361,663,66,49,19
walk_only,12,4,bpm+steps,2,0.9,2017,577,60,46,13
walk_only,12,4,bpm+steps,2,1.0,1584,427,60,42,10
walk_only,12,4,bpm+steps+calories,3,0.5,2770,721,67,57,20
walk_only,12,4,bpm+steps+calories,3,0.75,2418,666,67,49,19
walk_only,12,4,bpm+steps+calories,3,0.9,2125,609,61,47,16
walk_only,12,4,bpm+steps+calories,3,1.0,1584,427,60,42,10
walk_only,12,4,5x_true_hourly,5,0.5,2564,693,67,50,19
walk_only,12,4,5x_true_hourly,5,0.75,2254,640,61,48,17
walk_only,12,4,5x_true_hourly,5,0.9,1912,566,55,46,12
walk_only,12,4,5x_true_hourly,5,1.0,1378,390,55,37,8
walk_only,12,4,5x_hourly+scl_avg,6,0.5,2456,675,66,49,19
walk_only,12,4,5x_hourly+scl_avg,6,0.75,1912,566,55,46,12
walk_only,12,4,5x_hourly+scl_avg,6,0.9,0,0,0,0,0
walk_only,12,4,5x_hourly+scl_avg,6,1.0,0,0,0,0,0
walk_only,12,8,bpm,1,0.5,2516,876,67,50,19
walk_only,12,8,bpm,1,0.75,2285,834,66,48,18
walk_only,12,8,bpm,1,0.9,2009,741,58,45,13
walk_only,12,8,bpm,1,1.0,1888,691,58,45,13
walk_only,12,8,bpm+steps,2,0.5,2488,876,66,49,19
walk_only,12,8,bpm+steps,2,0.75,2263,830,63,48,18
walk_only,12,8,bpm+steps,2,0.9,1908,698,56,44,13
walk_only,12,8,bpm+steps,2,1.0,1352,487,53,37,8
walk_only,12,8,bpm+steps+calories,3,0.5,2729,927,67,55,20
walk_only,12,8,bpm+steps+calories,3,0.75,2353,843,66,48,18
walk_only,12,8,bpm+steps+calories,3,0.9,2067,768,58,45,14
walk_only,12,8,bpm+steps+calories,3,1.0,1352,487,53,37,8
walk_only,12,8,5x_true_hourly,5,0.5,2509,886,66,49,19
walk_only,12,8,5x_true_hourly,5,0.75,2180,808,58,48,15
walk_only,12,8,5x_true_hourly,5,0.9,1860,722,55,44,12
walk_only,12,8,5x_true_hourly,5,1.0,1173,443,50,33,5
walk_only,12,8,5x_hourly+scl_avg,6,0.5,2369,851,64,48,18
walk_only,12,8,5x_hourly+scl_avg,6,0.75,1860,722,55,44,12
walk_only,12,8,5x_hourly+scl_avg,6,0.9,0,0,0,0,0
walk_only,12,8,5x_hourly+scl_avg,6,1.0,0,0,0,0,0
walk_only,12,24,bpm,1,0.5,2515,1247,66,51,19
walk_only,12,24,bpm,1,0.75,2161,1114,62,48,14
walk_only,12,24,bpm,1,0.9,1883,1001,56,46,11
walk_only,12,24,bpm,1,1.0,1518,806,55,40,7
walk_only,12,24,bpm+steps,2,0.5,2483,1240,66,51,19
walk_only,12,24,bpm+steps,2,0.75,2128,1106,61,48,14
walk_only,12,24,bpm+steps,2,0.9,1773,946,55,45,10
walk_only,12,24,bpm+steps,2,1.0,904,475,50,24,4
walk_only,12,24,bpm+steps+calories,3,0.5,2726,1321,67,56,20
walk_only,12,24,bpm+steps+calories,3,0.75,2326,1180,65,49,17
walk_only,12,24,bpm+steps+calories,3,0.9,1914,1011,56,46,13
walk_only,12,24,bpm+steps+calories,3,1.0,904,475,50,24,4
walk_only,12,24,5x_true_hourly,5,0.5,2514,1256,66,51,19
walk_only,12,24,5x_true_hourly,5,0.75,2069,1078,55,47,13
walk_only,12,24,5x_true_hourly,5,0.9,1685,906,53,42,8
walk_only,12,24,5x_true_hourly,5,1.0,788,432,46,20,4
walk_only,12,24,5x_hourly+scl_avg,6,0.5,2341,1190,66,49,17
walk_only,12,24,5x_hourly+scl_avg,6,0.75,1685,906,53,42,8
walk_only,12,24,5x_hourly+scl_avg,6,0.9,0,0,0,0,0
walk_only,12,24,5x_hourly+scl_avg,6,1.0,0,0,0,0,0
walk_only,24,1,bpm,1,0.5,2666,181,66,56,19
walk_only,24,1,bpm,1,0.75,2328,165,66,48,17
walk_only,24,1,bpm,1,0.9,2093,154,60,47,14
walk_only,24,1,bpm,1,1.0,1798,134,58,45,10
walk_only,24,1,bpm+steps,2,0.5,2649,181,66,56,19
walk_only,24,1,bpm+steps,2,0.75,2283,165,65,48,17
walk_only,24,1,bpm+steps,2,0.9,2047,151,59,47,13
walk_only,24,1,bpm+steps,2,1.0,1213,85,53,35,4
walk_only,24,1,bpm+steps+calories,3,0.5,2767,185,66,57,20
walk_only,24,1,bpm+steps+calories,3,0.75,2499,173,66,51,19
walk_only,24,1,bpm+steps+calories,3,0.9,2133,157,60,47,15
walk_only,24,1,bpm+steps+calories,3,1.0,1213,85,53,35,4
walk_only,24,1,5x_true_hourly,5,0.5,2650,181,66,56,19
walk_only,24,1,5x_true_hourly,5,0.75,2249,165,59,48,17
walk_only,24,1,5x_true_hourly,5,0.9,1898,142,55,45,12
walk_only,24,1,5x_true_hourly,5,1.0,995,70,50,28,4
walk_only,24,1,5x_hourly+scl_avg,6,0.5,2484,173,66,52,19
walk_only,24,1,5x_hourly+scl_avg,6,0.75,1898,142,55,45,12
walk_only,24,1,5x_hourly+scl_avg,6,0.9,0,0,0,0,0
walk_only,24,1,5x_hourly+scl_avg,6,1.0,0,0,0,0,0
walk_only,24,2,bpm,1,0.5,2672,365,66,56,19
walk_only,24,2,bpm,1,0.75,2272,325,64,48,17
walk_only,24,2,bpm,1,0.9,2055,300,59,47,13
walk_only,24,2,bpm,1,1.0,1769,252,58,45,10
walk_only,24,2,bpm+steps,2,0.5,2653,365,66,56,19
walk_only,24,2,bpm+steps,2,0.75,2236,324,63,48,17
walk_only,24,2,bpm+steps,2,0.9,2006,291,59,47,13
walk_only,24,2,bpm+steps,2,1.0,1188,158,53,34,4
walk_only,24,2,bpm+steps+calories,3,0.5,2773,376,66,57,20
walk_only,24,2,bpm+steps+calories,3,0.75,2438,343,66,51,19
walk_only,24,2,bpm+steps+calories,3,0.9,2086,303,59,47,14
walk_only,24,2,bpm+steps+calories,3,1.0,1188,158,53,34,4
walk_only,24,2,5x_true_hourly,5,0.5,2656,365,66,56,19
walk_only,24,2,5x_true_hourly,5,0.75,2202,322,59,48,16
walk_only,24,2,5x_true_hourly,5,0.9,1872,277,54,45,12
walk_only,24,2,5x_true_hourly,5,1.0,972,132,50,27,4
walk_only,24,2,5x_hourly+scl_avg,6,0.5,2470,350,66,52,19
walk_only,24,2,5x_hourly+scl_avg,6,0.75,1872,277,54,45,12
walk_only,24,2,5x_hourly+scl_avg,6,0.9,0,0,0,0,0
walk_only,24,2,5x_hourly+scl_avg,6,1.0,0,0,0,0,0
walk_only,24,4,bpm,1,0.5,2623,698,66,54,19
walk_only,24,4,bpm,1,0.75,2252,633,64,48,17
walk_only,24,4,bpm,1,0.9,1975,578,59,47,13
walk_only,24,4,bpm,1,1.0,1704,490,58,43,9
walk_only,24,4,bpm+steps,2,0.5,2598,696,66,54,19
walk_only,24,4,bpm+steps,2,0.75,2217,632,63,48,17
walk_only,24,4,bpm+steps,2,0.9,1881,554,58,45,13
walk_only,24,4,bpm+steps,2,1.0,1132,314,53,32,4
walk_only,24,4,bpm+steps+calories,3,0.5,2770,722,66,57,20
walk_only,24,4,bpm+steps+calories,3,0.75,2412,664,66,50,19
walk_only,24,4,bpm+steps+calories,3,0.9,2007,585,58,47,13
walk_only,24,4,bpm+steps+calories,3,1.0,1132,314,53,32,4
walk_only,24,4,5x_true_hourly,5,0.5,2598,695,66,54,19
walk_only,24,4,5x_true_hourly,5,0.75,2172,627,58,48,14
walk_only,24,4,5x_true_hourly,5,0.9,1794,539,54,43,11
walk_only,24,4,5x_true_hourly,5,1.0,924,261,49,24,4
walk_only,24,4,5x_hourly+scl_avg,6,0.5,2429,671,66,51,19
walk_only,24,4,5x_hourly+scl_avg,6,0.75,1794,539,54,43,11
walk_only,24,4,5x_hourly+scl_avg,6,0.9,0,0,0,0,0
walk_only,24,4,5x_hourly+scl_avg,6,1.0,0,0,0,0,0
walk_only,24,8,bpm,1,0.5,2553,889,66,53,19
walk_only,24,8,bpm,1,0.75,2186,806,61,47,16
walk_only,24,8,bpm,1,0.9,1863,693,57,44,13
walk_only,24,8,bpm,1,1.0,1610,586,57,41,9
walk_only,24,8,bpm+steps,2,0.5,2521,885,66,50,19
walk_only,24,8,bpm+steps,2,0.75,2152,797,59,47,14
walk_only,24,8,bpm+steps,2,0.9,1795,670,57,43,13
walk_only,24,8,bpm+steps,2,1.0,996,362,51,29,4
walk_only,24,8,bpm+steps+calories,3,0.5,2729,928,66,56,20
walk_only,24,8,bpm+steps+calories,3,0.75,2357,844,65,49,19
walk_only,24,8,bpm+steps+calories,3,0.9,1966,734,57,45,13
walk_only,24,8,bpm+steps+calories,3,1.0,996,362,51,29,4
walk_only,24,8,5x_true_hourly,5,0.5,2545,895,65,50,19
walk_only,24,8,5x_true_hourly,5,0.75,2110,791,58,47,13
walk_only,24,8,5x_true_hourly,5,0.9,1746,683,54,41,11
walk_only,24,8,5x_true_hourly,5,1.0,819,312,46,21,4
walk_only,24,8,5x_hourly+scl_avg,6,0.5,2353,852,64,50,19
walk_only,24,8,5x_hourly+scl_avg,6,0.75,1746,683,54,41,11
walk_only,24,8,5x_hourly+scl_avg,6,0.9,0,0,0,0,0
walk_only,24,8,5x_hourly+scl_avg,6,1.0,0,0,0,0,0
walk_only,24,24,bpm,1,0.5,2542,1255,65,52,19
walk_only,24,24,bpm,1,0.75,2058,1058,58,46,13
walk_only,24,24,bpm,1,0.9,1752,917,55,44,12
walk_only,24,24,bpm,1,1.0,1305,689,54,36,6
walk_only,24,24,bpm+steps,2,0.5,2500,1245,65,52,19
walk_only,24,24,bpm+steps,2,0.75,2021,1044,56,46,13
walk_only,24,24,bpm+steps,2,0.9,1669,882,55,42,11
walk_only,24,24,bpm+steps,2,1.0,671,348,44,16,3
walk_only,24,24,bpm+steps+calories,3,0.5,2726,1319,66,57,20
walk_only,24,24,bpm+steps+calories,3,0.75,2300,1166,61,49,18
walk_only,24,24,bpm+steps+calories,3,0.9,1824,949,55,45,12
walk_only,24,24,bpm+steps+calories,3,1.0,671,348,44,16,3
walk_only,24,24,5x_true_hourly,5,0.5,2527,1258,65,52,19
walk_only,24,24,5x_true_hourly,5,0.75,2004,1040,55,46,13
walk_only,24,24,5x_true_hourly,5,0.9,1598,861,53,40,9
walk_only,24,24,5x_true_hourly,5,1.0,565,307,41,15,2
walk_only,24,24,5x_hourly+scl_avg,6,0.5,2314,1176,62,49,18
walk_only,24,24,5x_hourly+scl_avg,6,0.75,1598,861,53,40,9
walk_only,24,24,5x_hourly+scl_avg,6,0.9,0,0,0,0,0
walk_only,24,24,5x_hourly+scl_avg,6,1.0,0,0,0,0,0
mindfulness,1,1,bpm,1,0.5,120,6,26,2,0
mindfulness,1,1,bpm,1,0.75,120,6,26,2,0
mindfulness,1,1,bpm,1,0.9,120,6,26,2,0
mindfulness,1,1,bpm,1,1.0,120,6,26,2,0
mindfulness,1,1,bpm+steps,2,0.5,120,6,26,2,0
mindfulness,1,1,bpm+steps,2,0.75,108,6,26,2,0
mindfulness,1,1,bpm+steps,2,0.9,108,6,26,2,0
mindfulness,1,1,bpm+steps,2,1.0,108,6,26,2,0
mindfulness,1,1,bpm+steps+calories,3,0.5,120,6,26,2,0
mindfulness,1,1,bpm+steps+calories,3,0.75,108,6,26,2,0
mindfulness,1,1,bpm+steps+calories,3,0.9,108,6,26,2,0
mindfulness,1,1,bpm+steps+calories,3,1.0,108,6,26,2,0
mindfulness,1,1,5x_true_hourly,5,0.5,117,6,26,2,0
mindfulness,1,1,5x_true_hourly,5,0.75,108,6,26,2,0
mindfulness,1,1,5x_true_hourly,5,0.9,72,6,17,1,0
mindfulness,1,1,5x_true_hourly,5,1.0,72,6,17,1,0
mindfulness,1,1,5x_hourly+scl_avg,6,0.5,117,6,26,2,0
mindfulness,1,1,5x_hourly+scl_avg,6,0.75,72,6,17,1,0
mindfulness,1,1,5x_hourly+scl_avg,6,0.9,0,0,0,0,0
mindfulness,1,1,5x_hourly+scl_avg,6,1.0,0,0,0,0,0
mindfulness,1,2,bpm,1,0.5,121,8,26,2,0
mindfulness,1,2,bpm,1,0.75,118,7,26,2,0
mindfulness,1,2,bpm,1,0.9,118,7,26,2,0
mindfulness,1,2,bpm,1,1.0,118,7,26,2,0
mindfulness,1,2,bpm+steps,2,0.5,121,8,26,2,0
mindfulness,1,2,bpm+steps,2,0.75,111,7,26,2,0
mindfulness,1,2,bpm+steps,2,0.9,97,6,26,2,0
mindfulness,1,2,bpm+steps,2,1.0,97,6,26,2,0
mindfulness,1,2,bpm+steps+calories,3,0.5,121,8,26,2,0
mindfulness,1,2,bpm+steps+calories,3,0.75,111,7,26,2,0
mindfulness,1,2,bpm+steps+calories,3,0.9,97,6,26,2,0
mindfulness,1,2,bpm+steps+calories,3,1.0,97,6,26,2,0
mindfulness,1,2,5x_true_hourly,5,0.5,119,8,26,2,0
mindfulness,1,2,5x_true_hourly,5,0.75,109,7,26,2,0
mindfulness,1,2,5x_true_hourly,5,0.9,63,5,17,1,0
mindfulness,1,2,5x_true_hourly,5,1.0,62,5,17,1,0
mindfulness,1,2,5x_hourly+scl_avg,6,0.5,119,8,26,2,0
mindfulness,1,2,5x_hourly+scl_avg,6,0.75,70,5,17,1,0
mindfulness,1,2,5x_hourly+scl_avg,6,0.9,0,0,0,0,0
mindfulness,1,2,5x_hourly+scl_avg,6,1.0,0,0,0,0,0
mindfulness,1,4,bpm,1,0.5,120,14,26,2,0
mindfulness,1,4,bpm,1,0.75,119,13,26,2,0
mindfulness,1,4,bpm,1,0.9,118,12,26,2,0
mindfulness,1,4,bpm,1,1.0,118,12,26,2,0
mindfulness,1,4,bpm+steps,2,0.5,120,14,26,2,0
mindfulness,1,4,bpm+steps,2,0.75,107,13,26,2,0
mindfulness,1,4,bpm+steps,2,0.9,88,11,26,1,0
mindfulness,1,4,bpm+steps,2,1.0,88,11,26,1,0
mindfulness,1,4,bpm+steps+calories,3,0.5,121,14,26,2,0
mindfulness,1,4,bpm+steps+calories,3,0.75,113,13,26,2,0
mindfulness,1,4,bpm+steps+calories,3,0.9,101,12,26,2,0
mindfulness,1,4,bpm+steps+calories,3,1.0,88,11,26,1,0
mindfulness,1,4,5x_true_hourly,5,0.5,119,14,26,2,0
mindfulness,1,4,5x_true_hourly,5,0.75,105,13,26,2,0
mindfulness,1,4,5x_true_hourly,5,0.9,64,11,17,1,0
mindfulness,1,4,5x_true_hourly,5,1.0,53,10,17,1,0
mindfulness,1,4,5x_hourly+scl_avg,6,0.5,118,14,26,2,0
mindfulness,1,4,5x_hourly+scl_avg,6,0.75,64,11,17,1,0
mindfulness,1,4,5x_hourly+scl_avg,6,0.9,0,0,0,0,0
mindfulness,1,4,5x_hourly+scl_avg,6,1.0,0,0,0,0,0
mindfulness,1,8,bpm,1,0.5,120,19,26,2,0
mindfulness,1,8,bpm,1,0.75,119,19,26,2,0
mindfulness,1,8,bpm,1,0.9,115,17,25,2,0
mindfulness,1,8,bpm,1,1.0,115,17,25,2,0
mindfulness,1,8,bpm+steps,2,0.5,120,19,26,2,0
mindfulness,1,8,bpm+steps,2,0.75,108,18,26,2,0
mindfulness,1,8,bpm+steps,2,0.9,89,15,25,2,0
mindfulness,1,8,bpm+steps,2,1.0,73,13,24,0,0
mindfulness,1,8,bpm+steps+calories,3,0.5,121,20,26,2,0
mindfulness,1,8,bpm+steps+calories,3,0.75,117,19,26,2,0
mindfulness,1,8,bpm+steps+calories,3,0.9,95,17,26,2,0
mindfulness,1,8,bpm+steps+calories,3,1.0,73,13,24,0,0
mindfulness,1,8,5x_true_hourly,5,0.5,119,20,26,2,0
mindfulness,1,8,5x_true_hourly,5,0.75,115,19,26,2,0
mindfulness,1,8,5x_true_hourly,5,0.9,59,16,16,1,0
mindfulness,1,8,5x_true_hourly,5,1.0,43,12,14,0,0
mindfulness,1,8,5x_hourly+scl_avg,6,0.5,117,19,26,2,0
mindfulness,1,8,5x_hourly+scl_avg,6,0.75,59,16,16,1,0
mindfulness,1,8,5x_hourly+scl_avg,6,0.9,0,0,0,0,0
mindfulness,1,8,5x_hourly+scl_avg,6,1.0,0,0,0,0,0
mindfulness,1,24,bpm,1,0.5,120,58,26,2,0
mindfulness,1,24,bpm,1,0.75,116,58,25,2,0
mindfulness,1,24,bpm,1,0.9,109,54,25,1,0
mindfulness,1,24,bpm,1,1.0,85,38,22,1,0
mindfulness,1,24,bpm+steps,2,0.5,118,58,26,2,0
mindfulness,1,24,bpm+steps,2,0.75,115,58,25,2,0
mindfulness,1,24,bpm+steps,2,0.9,88,42,25,1,0
mindfulness,1,24,bpm+steps,2,1.0,35,13,15,0,0
mindfulness,1,24,bpm+steps+calories,3,0.5,120,58,26,2,0
mindfulness,1,24,bpm+steps+calories,3,0.75,118,58,26,2,0
mindfulness,1,24,bpm+steps+calories,3,0.9,108,53,25,1,0
mindfulness,1,24,bpm+steps+calories,3,1.0,35,13,15,0,0
mindfulness,1,24,5x_true_hourly,5,0.5,118,58,26,2,0
mindfulness,1,24,5x_true_hourly,5,0.75,114,58,25,2,0
mindfulness,1,24,5x_true_hourly,5,0.9,66,43,16,1,0
mindfulness,1,24,5x_true_hourly,5,1.0,16,10,7,0,0
mindfulness,1,24,5x_hourly+scl_avg,6,0.5,118,58,26,2,0
mindfulness,1,24,5x_hourly+scl_avg,6,0.75,66,43,16,1,0
mindfulness,1,24,5x_hourly+scl_avg,6,0.9,0,0,0,0,0
mindfulness,1,24,5x_hourly+scl_avg,6,1.0,0,0,0,0,0
mindfulness,2,1,bpm,1,0.5,122,6,26,2,0
mindfulness,2,1,bpm,1,0.75,114,6,24,2,0
mindfulness,2,1,bpm,1,0.9,114,6,24,2,0
mindfulness,2,1,bpm,1,1.0,114,6,24,2,0
mindfulness,2,1,bpm+steps,2,0.5,122,6,26,2,0
mindfulness,2,1,bpm+steps,2,0.75,102,6,24,2,0
mindfulness,2,1,bpm+steps,2,0.9,99,6,24,2,0
mindfulness,2,1,bpm+steps,2,1.0,99,6,24,2,0
mindfulness,2,1,bpm+steps+calories,3,0.5,122,6,26,2,0
mindfulness,2,1,bpm+steps+calories,3,0.75,102,6,24,2,0
mindfulness,2,1,bpm+steps+calories,3,0.9,99,6,24,2,0
mindfulness,2,1,bpm+steps+calories,3,1.0,99,6,24,2,0
mindfulness,2,1,5x_true_hourly,5,0.5,119,6,26,2,0
mindfulness,2,1,5x_true_hourly,5,0.75,102,6,24,2,0
mindfulness,2,1,5x_true_hourly,5,0.9,70,6,17,1,0
mindfulness,2,1,5x_true_hourly,5,1.0,68,6,17,1,0
mindfulness,2,1,5x_hourly+scl_avg,6,0.5,113,6,25,2,0
mindfulness,2,1,5x_hourly+scl_avg,6,0.75,70,6,17,1,0
mindfulness,2,1,5x_hourly+scl_avg,6,0.9,0,0,0,0,0
mindfulness,2,1,5x_hourly+scl_avg,6,1.0,0,0,0,0,0
mindfulness,2,2,bpm,1,0.5,123,8,26,2,0
mindfulness,2,2,bpm,1,0.75,112,7,24,2,0
mindfulness,2,2,bpm,1,0.9,112,7,24,2,0
mindfulness,2,2,bpm,1,1.0,112,7,24,2,0
mindfulness,2,2,bpm+steps,2,0.5,123,8,26,2,0
mindfulness,2,2,bpm+steps,2,0.75,105,7,24,2,0
mindfulness,2,2,bpm+steps,2,0.9,88,6,23,2,0
mindfulness,2,2,bpm+steps,2,1.0,88,6,23,2,0
mindfulness,2,2,bpm+steps+calories,3,0.5,123,8,26,2,0
mindfulness,2,2,bpm+steps+calories,3,0.75,105,7,24,2,0
mindfulness,2,2,bpm+steps+calories,3,0.9,88,6,23,2,0
mindfulness,2,2,bpm+steps+calories,3,1.0,88,6,23,2,0
mindfulness,2,2,5x_true_hourly,5,0.5,121,8,26,2,0
mindfulness,2,2,5x_true_hourly,5,0.75,103,7,24,2,0
mindfulness,2,2,5x_true_hourly,5,0.9,60,5,16,1,0
mindfulness,2,2,5x_true_hourly,5,1.0,58,5,16,1,0
mindfulness,2,2,5x_hourly+scl_avg,6,0.5,115,8,25,2,0
mindfulness,2,2,5x_hourly+scl_avg,6,0.75,68,5,16,1,0
mindfulness,2,2,5x_hourly+scl_avg,6,0.9,0,0,0,0,0
mindfulness,2,2,5x_hourly+scl_avg,6,1.0,0,0,0,0,0
mindfulness,2,4,bpm,1,0.5,122,14,26,2,0
mindfulness,2,4,bpm,1,0.75,113,13,24,2,0
mindfulness,2,4,bpm,1,0.9,112,12,24,2,0
mindfulness,2,4,bpm,1,1.0,112,12,24,2,0
mindfulness,2,4,bpm+steps,2,0.5,122,14,26,2,0
mindfulness,2,4,bpm+steps,2,0.75,101,13,24,2,0
mindfulness,2,4,bpm+steps,2,0.9,81,11,23,1,0
mindfulness,2,4,bpm+steps,2,1.0,81,11,23,1,0
mindfulness,2,4,bpm+steps+calories,3,0.5,123,14,26,2,0
mindfulness,2,4,bpm+steps+calories,3,0.75,107,13,24,2,0
mindfulness,2,4,bpm+steps+calories,3,0.9,92,12,23,2,0
mindfulness,2,4,bpm+steps+calories,3,1.0,81,11,23,1,0
mindfulness,2,4,5x_true_hourly,5,0.5,121,14,26,2,0
mindfulness,2,4,5x_true_hourly,5,0.75,99,13,24,2,0
mindfulness,2,4,5x_true_hourly,5,0.9,61,11,16,1,0
mindfulness,2,4,5x_true_hourly,5,1.0,51,10,16,0,0
mindfulness,2,4,5x_hourly+scl_avg,6,0.5,114,14,25,2,0
mindfulness,2,4,5x_hourly+scl_avg,6,0.75,61,11,16,1,0
mindfulness,2,4,5x_hourly+scl_avg,6,0.9,0,0,0,0,0
mindfulness,2,4,5x_hourly+scl_avg,6,1.0,0,0,0,0,0
mindfulness,2,8,bpm,1,0.5,122,19,26,2,0
mindfulness,2,8,bpm,1,0.75,113,19,24,2,0
mindfulness,2,8,bpm,1,0.9,109,17,23,2,0
mindfulness,2,8,bpm,1,1.0,109,17,23,2,0
mindfulness,2,8,bpm+steps,2,0.5,122,19,26,2,0
mindfulness,2,8,bpm+steps,2,0.75,102,18,24,2,0
mindfulness,2,8,bpm+steps,2,0.9,81,15,22,2,0
mindfulness,2,8,bpm+steps,2,1.0,67,13,21,0,0
mindfulness,2,8,bpm+steps+calories,3,0.5,123,20,26,2,0
mindfulness,2,8,bpm+steps+calories,3,0.75,111,19,24,2,0
mindfulness,2,8,bpm+steps+calories,3,0.9,87,17,23,2,0
mindfulness,2,8,bpm+steps+calories,3,1.0,67,13,21,0,0
mindfulness,2,8,5x_true_hourly,5,0.5,121,20,26,2,0
mindfulness,2,8,5x_true_hourly,5,0.75,109,19,24,2,0
mindfulness,2,8,5x_true_hourly,5,0.9,56,16,15,1,0
mindfulness,2,8,5x_true_hourly,5,1.0,41,12,13,0,0
mindfulness,2,8,5x_hourly+scl_avg,6,0.5,113,19,25,2,0
mindfulness,2,8,5x_hourly+scl_avg,6,0.75,56,16,15,1,0
mindfulness,2,8,5x_hourly+scl_avg,6,0.9,0,0,0,0,0
mindfulness,2,8,5x_hourly+scl_avg,6,1.0,0,0,0,0,0
mindfulness,2,24,bpm,1,0.5,122,60,26,2,0
mindfulness,2,24,bpm,1,0.75,111,57,24,2,0
mindfulness,2,24,bpm,1,0.9,104,53,24,1,0
mindfulness,2,24,bpm,1,1.0,83,37,22,1,0
mindfulness,2,24,bpm+steps,2,0.5,120,60,26,2,0
mindfulness,2,24,bpm+steps,2,0.75,110,57,24,2,0
mindfulness,2,24,bpm+steps,2,0.9,81,39,23,1,0
mindfulness,2,24,bpm+steps,2,1.0,34,13,15,0,0
mindfulness,2,24,bpm+steps+calories,3,0.5,122,60,26,2,0
mindfulness,2,24,bpm+steps+calories,3,0.75,112,57,24,2,0
mindfulness,2,24,bpm+steps+calories,3,0.9,100,50,23,1,0
mindfulness,2,24,bpm+steps+calories,3,1.0,34,13,15,0,0
mindfulness,2,24,5x_true_hourly,5,0.5,120,60,26,2,0
mindfulness,2,24,5x_true_hourly,5,0.75,110,57,24,2,0
mindfulness,2,24,5x_true_hourly,5,0.9,64,42,15,1,0
mindfulness,2,24,5x_true_hourly,5,1.0,16,10,7,0,0
mindfulness,2,24,5x_hourly+scl_avg,6,0.5,114,59,25,2,0
mindfulness,2,24,5x_hourly+scl_avg,6,0.75,64,42,15,1,0
mindfulness,2,24,5x_hourly+scl_avg,6,0.9,0,0,0,0,0
mindfulness,2,24,5x_hourly+scl_avg,6,1.0,0,0,0,0,0
mindfulness,4,1,bpm,1,0.5,117,6,25,2,0
mindfulness,4,1,bpm,1,0.75,113,6,24,2,0
mindfulness,4,1,bpm,1,0.9,107,6,23,2,0
mindfulness,4,1,bpm,1,1.0,107,6,23,2,0
mindfulness,4,1,bpm+steps,2,0.5,116,6,25,2,0
mindfulness,4,1,bpm+steps,2,0.75,101,6,24,2,0
mindfulness,4,1,bpm+steps,2,0.9,89,6,23,2,0
mindfulness,4,1,bpm+steps,2,1.0,89,6,23,2,0
mindfulness,4,1,bpm+steps+calories,3,0.5,122,6,26,2,0
mindfulness,4,1,bpm+steps+calories,3,0.75,101,6,24,2,0
mindfulness,4,1,bpm+steps+calories,3,0.9,93,6,23,2,0
mindfulness,4,1,bpm+steps+calories,3,1.0,89,6,23,2,0
mindfulness,4,1,5x_true_hourly,5,0.5,114,6,25,2,0
mindfulness,4,1,5x_true_hourly,5,0.75,100,6,24,2,0
mindfulness,4,1,5x_true_hourly,5,0.9,67,6,17,1,0
mindfulness,4,1,5x_true_hourly,5,1.0,59,6,17,1,0
mindfulness,4,1,5x_hourly+scl_avg,6,0.5,112,6,24,2,0
mindfulness,4,1,5x_hourly+scl_avg,6,0.75,67,6,17,1,0
mindfulness,4,1,5x_hourly+scl_avg,6,0.9,0,0,0,0,0
mindfulness,4,1,5x_hourly+scl_avg,6,1.0,0,0,0,0,0
mindfulness,4,2,bpm,1,0.5,118,8,25,2,0
mindfulness,4,2,bpm,1,0.75,111,7,24,2,0
mindfulness,4,2,bpm,1,0.9,105,7,23,2,0
mindfulness,4,2,bpm,1,1.0,105,7,23,2,0
mindfulness,4,2,bpm+steps,2,0.5,117,8,25,2,0
mindfulness,4,2,bpm+steps,2,0.75,104,7,24,2,0
mindfulness,4,2,bpm+steps,2,0.9,79,6,22,2,0
mindfulness,4,2,bpm+steps,2,1.0,79,6,22,2,0
mindfulness,4,2,bpm+steps+calories,3,0.5,123,8,26,2,0
mindfulness,4,2,bpm+steps+calories,3,0.75,104,7,24,2,0
mindfulness,4,2,bpm+steps+calories,3,0.9,83,6,23,2,0
mindfulness,4,2,bpm+steps+calories,3,1.0,79,6,22,2,0
mindfulness,4,2,5x_true_hourly,5,0.5,116,8,25,2,0
mindfulness,4,2,5x_true_hourly,5,0.75,101,7,24,2,0
mindfulness,4,2,5x_true_hourly,5,0.9,58,5,17,1,0
mindfulness,4,2,5x_true_hourly,5,1.0,50,5,16,0,0
mindfulness,4,2,5x_hourly+scl_avg,6,0.5,114,8,24,2,0
mindfulness,4,2,5x_hourly+scl_avg,6,0.75,65,5,17,1,0
mindfulness,4,2,5x_hourly+scl_avg,6,0.9,0,0,0,0,0
mindfulness,4,2,5x_hourly+scl_avg,6,1.0,0,0,0,0,0
mindfulness,4,4,bpm,1,0.5,117,14,25,2,0
mindfulness,4,4,bpm,1,0.75,112,13,24,2,0
mindfulness,4,4,bpm,1,0.9,105,12,23,2,0
mindfulness,4,4,bpm,1,1.0,105,12,23,2,0
mindfulness,4,4,bpm+steps,2,0.5,116,14,25,2,0
mindfulness,4,4,bpm+steps,2,0.75,100,13,24,2,0
mindfulness,4,4,bpm+steps,2,0.9,74,9,22,1,0
mindfulness,4,4,bpm+steps,2,1.0,74,9,22,1,0
mindfulness,4,4,bpm+steps+calories,3,0.5,123,14,26,2,0
mindfulness,4,4,bpm+steps+calories,3,0.75,106,13,24,2,0
mindfulness,4,4,bpm+steps+calories,3,0.9,87,11,23,2,0
mindfulness,4,4,bpm+steps+calories,3,1.0,74,9,22,1,0
mindfulness,4,4,5x_true_hourly,5,0.5,116,14,25,2,0
mindfulness,4,4,5x_true_hourly,5,0.75,97,13,24,2,0
mindfulness,4,4,5x_true_hourly,5,0.9,59,10,17,1,0
mindfulness,4,4,5x_true_hourly,5,1.0,44,8,16,0,0
mindfulness,4,4,5x_hourly+scl_avg,6,0.5,113,14,24,2,0
mindfulness,4,4,5x_hourly+scl_avg,6,0.75,59,10,17,1,0
mindfulness,4,4,5x_hourly+scl_avg,6,0.9,0,0,0,0,0
mindfulness,4,4,5x_hourly+scl_avg,6,1.0,0,0,0,0,0
mindfulness,4,8,bpm,1,0.5,117,19,25,2,0
mindfulness,4,8,bpm,1,0.75,112,19,24,2,0
mindfulness,4,8,bpm,1,0.9,102,17,22,2,0
mindfulness,4,8,bpm,1,1.0,102,17,22,2,0
mindfulness,4,8,bpm+steps,2,0.5,116,19,25,2,0
mindfulness,4,8,bpm+steps,2,0.75,101,18,24,2,0
mindfulness,4,8,bpm+steps,2,0.9,73,13,21,1,0
mindfulness,4,8,bpm+steps,2,1.0,60,11,20,0,0
mindfulness,4,8,bpm+steps+calories,3,0.5,123,20,26,2,0
mindfulness,4,8,bpm+steps+calories,3,0.75,110,19,24,2,0
mindfulness,4,8,bpm+steps+calories,3,0.9,82,16,23,2,0
mindfulness,4,8,bpm+steps+calories,3,1.0,60,11,20,0,0
mindfulness,4,8,5x_true_hourly,5,0.5,116,20,25,2,0
mindfulness,4,8,5x_true_hourly,5,0.75,107,19,24,2,0
mindfulness,4,8,5x_true_hourly,5,0.9,54,15,16,0,0
mindfulness,4,8,5x_true_hourly,5,1.0,37,10,13,0,0
mindfulness,4,8,5x_hourly+scl_avg,6,0.5,112,19,24,2,0
mindfulness,4,8,5x_hourly+scl_avg,6,0.75,54,15,16,0,0
mindfulness,4,8,5x_hourly+scl_avg,6,0.9,0,0,0,0,0
mindfulness,4,8,5x_hourly+scl_avg,6,1.0,0,0,0,0,0
mindfulness,4,24,bpm,1,0.5,117,60,25,2,0
mindfulness,4,24,bpm,1,0.75,110,59,24,2,0
mindfulness,4,24,bpm,1,0.9,98,51,23,1,0
mindfulness,4,24,bpm,1,1.0,77,35,21,1,0
mindfulness,4,24,bpm+steps,2,0.5,115,60,25,2,0
mindfulness,4,24,bpm+steps,2,0.75,109,59,24,2,0
mindfulness,4,24,bpm+steps,2,0.9,74,36,22,1,0
mindfulness,4,24,bpm+steps,2,1.0,32,13,14,0,0
mindfulness,4,24,bpm+steps+calories,3,0.5,122,60,26,2,0
mindfulness,4,24,bpm+steps+calories,3,0.75,111,59,24,2,0
mindfulness,4,24,bpm+steps+calories,3,0.9,95,49,23,1,0
mindfulness,4,24,bpm+steps+calories,3,1.0,32,13,14,0,0
mindfulness,4,24,5x_true_hourly,5,0.5,115,60,25,2,0
mindfulness,4,24,5x_true_hourly,5,0.75,108,58,24,2,0
mindfulness,4,24,5x_true_hourly,5,0.9,62,41,16,1,0
mindfulness,4,24,5x_true_hourly,5,1.0,15,10,7,0,0
mindfulness,4,24,5x_hourly+scl_avg,6,0.5,113,60,24,2,0
mindfulness,4,24,5x_hourly+scl_avg,6,0.75,62,41,16,1,0
mindfulness,4,24,5x_hourly+scl_avg,6,0.9,0,0,0,0,0
mindfulness,4,24,5x_hourly+scl_avg,6,1.0,0,0,0,0,0
mindfulness,8,1,bpm,1,0.5,116,6,25,2,0
mindfulness,8,1,bpm,1,0.75,111,6,24,2,0
mindfulness,8,1,bpm,1,0.9,101,6,23,2,0
mindfulness,8,1,bpm,1,1.0,101,6,23,2,0
mindfulness,8,1,bpm+steps,2,0.5,115,6,25,2,0
mindfulness,8,1,bpm+steps,2,0.75,101,6,24,2,0
mindfulness,8,1,bpm+steps,2,0.9,88,6,23,2,0
mindfulness,8,1,bpm+steps,2,1.0,80,5,22,2,0
mindfulness,8,1,bpm+steps+calories,3,0.5,118,6,26,2,0
mindfulness,8,1,bpm+steps+calories,3,0.75,103,6,24,2,0
mindfulness,8,1,bpm+steps+calories,3,0.9,93,6,24,2,0
mindfulness,8,1,bpm+steps+calories,3,1.0,80,5,22,2,0
mindfulness,8,1,5x_true_hourly,5,0.5,114,6,25,2,0
mindfulness,8,1,5x_true_hourly,5,0.75,100,6,24,2,0
mindfulness,8,1,5x_true_hourly,5,0.9,67,6,18,1,0
mindfulness,8,1,5x_true_hourly,5,1.0,51,5,16,1,0
mindfulness,8,1,5x_hourly+scl_avg,6,0.5,114,6,25,2,0
mindfulness,8,1,5x_hourly+scl_avg,6,0.75,67,6,18,1,0
mindfulness,8,1,5x_hourly+scl_avg,6,0.9,0,0,0,0,0
mindfulness,8,1,5x_hourly+scl_avg,6,1.0,0,0,0,0,0
mindfulness,8,2,bpm,1,0.5,117,8,25,2,0
mindfulness,8,2,bpm,1,0.75,109,7,24,2,0
mindfulness,8,2,bpm,1,0.9,100,7,23,2,0
mindfulness,8,2,bpm,1,1.0,100,7,23,2,0
mindfulness,8,2,bpm+steps,2,0.5,116,8,25,2,0
mindfulness,8,2,bpm+steps,2,0.75,104,7,24,2,0
mindfulness,8,2,bpm+steps,2,0.9,80,6,23,2,0
mindfulness,8,2,bpm+steps,2,1.0,72,5,22,2,0
mindfulness,8,2,bpm+steps+calories,3,0.5,119,8,26,2,0
mindfulness,8,2,bpm+steps+calories,3,0.75,106,7,24,2,0
mindfulness,8,2,bpm+steps+calories,3,0.9,84,6,24,2,0
mindfulness,8,2,bpm+steps+calories,3,1.0,72,5,22,2,0
mindfulness,8,2,5x_true_hourly,5,0.5,116,8,25,2,0
mindfulness,8,2,5x_true_hourly,5,0.75,101,7,24,2,0
mindfulness,8,2,5x_true_hourly,5,0.9,59,5,18,1,0
mindfulness,8,2,5x_true_hourly,5,1.0,44,4,16,0,0
mindfulness,8,2,5x_hourly+scl_avg,6,0.5,116,8,25,2,0
mindfulness,8,2,5x_hourly+scl_avg,6,0.75,66,5,18,1,0
mindfulness,8,2,5x_hourly+scl_avg,6,0.9,0,0,0,0,0
mindfulness,8,2,5x_hourly+scl_avg,6,1.0,0,0,0,0,0
mindfulness,8,4,bpm,1,0.5,116,14,25,2,0
mindfulness,8,4,bpm,1,0.75,110,13,24,2,0
mindfulness,8,4,bpm,1,0.9,100,12,23,2,0
mindfulness,8,4,bpm,1,1.0,100,12,23,2,0
mindfulness,8,4,bpm+steps,2,0.5,115,14,25,2,0
mindfulness,8,4,bpm+steps,2,0.75,100,13,24,2,0
mindfulness,8,4,bpm+steps,2,0.9,74,10,23,1,0
mindfulness,8,4,bpm+steps,2,1.0,67,8,22,0,0
mindfulness,8,4,bpm+steps+calories,3,0.5,119,14,26,2,0
mindfulness,8,4,bpm+steps+calories,3,0.75,108,13,24,2,0
mindfulness,8,4,bpm+steps+calories,3,0.9,88,11,24,2,0
mindfulness,8,4,bpm+steps+calories,3,1.0,67,8,22,0,0
mindfulness,8,4,5x_true_hourly,5,0.5,116,14,25,2,0
mindfulness,8,4,5x_true_hourly,5,0.75,97,13,24,2,0
mindfulness,8,4,5x_true_hourly,5,0.9,60,10,18,1,0
mindfulness,8,4,5x_true_hourly,5,1.0,39,7,16,0,0
mindfulness,8,4,5x_hourly+scl_avg,6,0.5,115,14,25,2,0
mindfulness,8,4,5x_hourly+scl_avg,6,0.75,60,10,18,1,0
mindfulness,8,4,5x_hourly+scl_avg,6,0.9,0,0,0,0,0
mindfulness,8,4,5x_hourly+scl_avg,6,1.0,0,0,0,0,0
mindfulness,8,8,bpm,1,0.5,116,20,25,2,0
mindfulness,8,8,bpm,1,0.75,110,19,24,2,0
mindfulness,8,8,bpm,1,0.9,97,17,22,2,0
mindfulness,8,8,bpm,1,1.0,97,17,22,2,0
mindfulness,8,8,bpm+steps,2,0.5,115,20,25,2,0
mindfulness,8,8,bpm+steps,2,0.75,101,18,24,2,0
mindfulness,8,8,bpm+steps,2,0.9,74,14,22,1,0
mindfulness,8,8,bpm+steps,2,1.0,53,9,20,0,0
mindfulness,8,8,bpm+steps+calories,3,0.5,119,21,26,2,0
mindfulness,8,8,bpm+steps+calories,3,0.75,112,19,24,2,0
mindfulness,8,8,bpm+steps+calories,3,0.9,83,16,24,2,0
mindfulness,8,8,bpm+steps+calories,3,1.0,53,9,20,0,0
mindfulness,8,8,5x_true_hourly,5,0.5,116,21,25,2,0
mindfulness,8,8,5x_true_hourly,5,0.75,107,19,24,2,0
mindfulness,8,8,5x_true_hourly,5,0.9,55,15,17,0,0
mindfulness,8,8,5x_true_hourly,5,1.0,32,8,13,0,0
mindfulness,8,8,5x_hourly+scl_avg,6,0.5,114,20,25,2,0
mindfulness,8,8,5x_hourly+scl_avg,6,0.75,55,15,17,0,0
mindfulness,8,8,5x_hourly+scl_avg,6,0.9,0,0,0,0,0
mindfulness,8,8,5x_hourly+scl_avg,6,1.0,0,0,0,0,0
mindfulness,8,24,bpm,1,0.5,116,62,25,2,0
mindfulness,8,24,bpm,1,0.75,110,60,24,2,0
mindfulness,8,24,bpm,1,0.9,94,49,23,1,0
mindfulness,8,24,bpm,1,1.0,74,34,21,1,0
mindfulness,8,24,bpm+steps,2,0.5,115,62,25,2,0
mindfulness,8,24,bpm+steps,2,0.75,109,60,24,2,0
mindfulness,8,24,bpm+steps,2,0.9,74,38,23,1,0
mindfulness,8,24,bpm+steps,2,1.0,30,13,14,0,0
mindfulness,8,24,bpm+steps+calories,3,0.5,118,62,26,2,0
mindfulness,8,24,bpm+steps+calories,3,0.75,113,60,24,2,0
mindfulness,8,24,bpm+steps+calories,3,0.9,94,50,24,1,0
mindfulness,8,24,bpm+steps+calories,3,1.0,30,13,14,0,0
mindfulness,8,24,5x_true_hourly,5,0.5,115,62,25,2,0
mindfulness,8,24,5x_true_hourly,5,0.75,108,60,24,2,0
mindfulness,8,24,5x_true_hourly,5,0.9,62,42,17,1,0
mindfulness,8,24,5x_true_hourly,5,1.0,15,10,7,0,0
mindfulness,8,24,5x_hourly+scl_avg,6,0.5,115,62,25,2,0
mindfulness,8,24,5x_hourly+scl_avg,6,0.75,62,42,17,1,0
mindfulness,8,24,5x_hourly+scl_avg,6,0.9,0,0,0,0,0
mindfulness,8,24,5x_hourly+scl_avg,6,1.0,0,0,0,0,0
mindfulness,12,1,bpm,1,0.5,114,6,25,2,0
mindfulness,12,1,bpm,1,0.75,109,6,24,2,0
mindfulness,12,1,bpm,1,0.9,103,6,24,2,0
mindfulness,12,1,bpm,1,1.0,97,6,23,2,0
mindfulness,12,1,bpm+steps,2,0.5,114,6,25,2,0
mindfulness,12,1,bpm+steps,2,0.75,99,6,24,2,0
mindfulness,12,1,bpm+steps,2,0.9,90,6,24,2,0
mindfulness,12,1,bpm+steps,2,1.0,72,5,20,2,0
mindfulness,12,1,bpm+steps+calories,3,0.5,117,6,26,2,0
mindfulness,12,1,bpm+steps+calories,3,0.75,103,6,25,2,0
mindfulness,12,1,bpm+steps+calories,3,0.9,93,6,24,2,0
mindfulness,12,1,bpm+steps+calories,3,1.0,72,5,20,2,0
mindfulness,12,1,5x_true_hourly,5,0.5,113,6,25,2,0
mindfulness,12,1,5x_true_hourly,5,0.75,98,6,24,2,0
mindfulness,12,1,5x_true_hourly,5,0.9,69,6,18,1,0
mindfulness,12,1,5x_true_hourly,5,1.0,44,5,15,0,0
mindfulness,12,1,5x_hourly+scl_avg,6,0.5,112,6,25,2,0
mindfulness,12,1,5x_hourly+scl_avg,6,0.75,69,6,18,1,0
mindfulness,12,1,5x_hourly+scl_avg,6,0.9,0,0,0,0,0
mindfulness,12,1,5x_hourly+scl_avg,6,1.0,0,0,0,0,0
mindfulness,12,2,bpm,1,0.5,115,8,25,2,0
mindfulness,12,2,bpm,1,0.75,107,7,24,2,0
mindfulness,12,2,bpm,1,0.9,101,7,24,2,0
mindfulness,12,2,bpm,1,1.0,96,7,23,2,0
mindfulness,12,2,bpm+steps,2,0.5,115,8,25,2,0
mindfulness,12,2,bpm+steps,2,0.75,102,7,24,2,0
mindfulness,12,2,bpm+steps,2,0.9,81,6,24,2,0
mindfulness,12,2,bpm+steps,2,1.0,64,5,20,2,0
mindfulness,12,2,bpm+steps+calories,3,0.5,118,8,26,2,0
mindfulness,12,2,bpm+steps+calories,3,0.75,106,7,25,2,0
mindfulness,12,2,bpm+steps+calories,3,0.9,84,6,24,2,0
mindfulness,12,2,bpm+steps+calories,3,1.0,64,5,20,2,0
mindfulness,12,2,5x_true_hourly,5,0.5,115,8,25,2,0
mindfulness,12,2,5x_true_hourly,5,0.75,99,7,24,2,0
mindfulness,12,2,5x_true_hourly,5,0.9,61,5,18,1,0
mindfulness,12,2,5x_true_hourly,5,1.0,37,4,15,0,0
mindfulness,12,2,5x_hourly+scl_avg,6,0.5,114,8,25,2,0
mindfulness,12,2,5x_hourly+scl_avg,6,0.75,68,5,18,1,0
mindfulness,12,2,5x_hourly+scl_avg,6,0.9,0,0,0,0,0
mindfulness,12,2,5x_hourly+scl_avg,6,1.0,0,0,0,0,0
mindfulness,12,4,bpm,1,0.5,114,14,25,2,0
mindfulness,12,4,bpm,1,0.75,108,13,24,2,0
mindfulness,12,4,bpm,1,0.9,101,12,24,2,0
mindfulness,12,4,bpm,1,1.0,96,12,23,2,0
mindfulness,12,4,bpm+steps,2,0.5,114,14,25,2,0
mindfulness,12,4,bpm+steps,2,0.75,98,13,24,2,0
mindfulness,12,4,bpm+steps,2,0.9,73,10,24,1,0
mindfulness,12,4,bpm+steps,2,1.0,59,7,20,0,0
mindfulness,12,4,bpm+steps+calories,3,0.5,118,14,26,2,0
mindfulness,12,4,bpm+steps+calories,3,0.75,108,13,25,2,0
mindfulness,12,4,bpm+steps+calories,3,0.9,88,12,24,2,0
mindfulness,12,4,bpm+steps+calories,3,1.0,59,7,20,0,0
mindfulness,12,4,5x_true_hourly,5,0.5,115,14,25,2,0
mindfulness,12,4,5x_true_hourly,5,0.75,95,13,24,2,0
mindfulness,12,4,5x_true_hourly,5,0.9,62,11,18,1,0
mindfulness,12,4,5x_true_hourly,5,1.0,32,5,15,0,0
mindfulness,12,4,5x_hourly+scl_avg,6,0.5,113,14,25,2,0
mindfulness,12,4,5x_hourly+scl_avg,6,0.75,62,11,18,1,0
mindfulness,12,4,5x_hourly+scl_avg,6,0.9,0,0,0,0,0
mindfulness,12,4,5x_hourly+scl_avg,6,1.0,0,0,0,0,0
mindfulness,12,8,bpm,1,0.5,114,20,25,2,0
mindfulness,12,8,bpm,1,0.75,108,19,24,2,0
mindfulness,12,8,bpm,1,0.9,98,17,22,2,0
mindfulness,12,8,bpm,1,1.0,93,16,21,2,0
mindfulness,12,8,bpm+steps,2,0.5,114,20,25,2,0
mindfulness,12,8,bpm+steps,2,0.75,99,18,24,2,0
mindfulness,12,8,bpm+steps,2,0.9,74,14,22,2,0
mindfulness,12,8,bpm+steps,2,1.0,48,8,18,0,0
mindfulness,12,8,bpm+steps+calories,3,0.5,118,22,26,2,0
mindfulness,12,8,bpm+steps+calories,3,0.75,112,20,25,2,0
mindfulness,12,8,bpm+steps+calories,3,0.9,82,17,23,2,0
mindfulness,12,8,bpm+steps+calories,3,1.0,48,8,18,0,0
mindfulness,12,8,5x_true_hourly,5,0.5,115,21,25,2,0
mindfulness,12,8,5x_true_hourly,5,0.75,105,20,25,2,0
mindfulness,12,8,5x_true_hourly,5,0.9,57,16,17,1,0
mindfulness,12,8,5x_true_hourly,5,1.0,27,6,13,0,0
mindfulness,12,8,5x_hourly+scl_avg,6,0.5,112,20,25,2,0
mindfulness,12,8,5x_hourly+scl_avg,6,0.75,57,16,17,1,0
mindfulness,12,8,5x_hourly+scl_avg,6,0.9,0,0,0,0,0
mindfulness,12,8,5x_hourly+scl_avg,6,1.0,0,0,0,0,0
mindfulness,12,24,bpm,1,0.5,114,62,25,2,0
mindfulness,12,24,bpm,1,0.75,108,60,23,2,0
mindfulness,12,24,bpm,1,0.9,95,52,23,1,0
mindfulness,12,24,bpm,1,1.0,70,32,20,1,0
mindfulness,12,24,bpm+steps,2,0.5,114,62,25,2,0
mindfulness,12,24,bpm+steps,2,0.75,107,60,23,2,0
mindfulness,12,24,bpm+steps,2,0.9,74,40,23,1,0
mindfulness,12,24,bpm+steps,2,1.0,28,12,12,0,0
mindfulness,12,24,bpm+steps+calories,3,0.5,117,63,26,2,0
mindfulness,12,24,bpm+steps+calories,3,0.75,113,62,25,2,0
mindfulness,12,24,bpm+steps+calories,3,0.9,94,51,23,1,0
mindfulness,12,24,bpm+steps+calories,3,1.0,28,12,12,0,0
mindfulness,12,24,5x_true_hourly,5,0.5,114,62,25,2,0
mindfulness,12,24,5x_true_hourly,5,0.75,105,59,23,2,0
mindfulness,12,24,5x_true_hourly,5,0.9,64,43,17,1,0
mindfulness,12,24,5x_true_hourly,5,1.0,13,9,6,0,0
mindfulness,12,24,5x_hourly+scl_avg,6,0.5,113,62,25,2,0
mindfulness,12,24,5x_hourly+scl_avg,6,0.75,64,43,17,1,0
mindfulness,12,24,5x_hourly+scl_avg,6,0.9,0,0,0,0,0
mindfulness,12,24,5x_hourly+scl_avg,6,1.0,0,0,0,0,0
mindfulness,24,1,bpm,1,0.5,113,6,27,2,0
mindfulness,24,1,bpm,1,0.75,102,6,23,2,0
mindfulness,24,1,bpm,1,0.9,98,6,22,2,0
mindfulness,24,1,bpm,1,1.0,81,5,21,2,0
mindfulness,24,1,bpm+steps,2,0.5,113,6,27,2,0
mindfulness,24,1,bpm+steps,2,0.75,91,6,22,2,0
mindfulness,24,1,bpm+steps,2,0.9,77,5,22,2,0
mindfulness,24,1,bpm+steps,2,1.0,36,2,14,0,0
mindfulness,24,1,bpm+steps+calories,3,0.5,117,6,27,2,0
mindfulness,24,1,bpm+steps+calories,3,0.75,97,6,25,2,0
mindfulness,24,1,bpm+steps+calories,3,0.9,89,6,22,2,0
mindfulness,24,1,bpm+steps+calories,3,1.0,36,2,14,0,0
mindfulness,24,1,5x_true_hourly,5,0.5,112,6,27,2,0
mindfulness,24,1,5x_true_hourly,5,0.75,91,6,22,2,0
mindfulness,24,1,5x_true_hourly,5,0.9,68,5,17,1,0
mindfulness,24,1,5x_true_hourly,5,1.0,24,2,10,0,0
mindfulness,24,1,5x_hourly+scl_avg,6,0.5,105,6,25,2,0
mindfulness,24,1,5x_hourly+scl_avg,6,0.75,69,6,17,1,0
mindfulness,24,1,5x_hourly+scl_avg,6,0.9,0,0,0,0,0
mindfulness,24,1,5x_hourly+scl_avg,6,1.0,0,0,0,0,0
mindfulness,24,2,bpm,1,0.5,114,8,27,2,0
mindfulness,24,2,bpm,1,0.75,100,7,23,2,0
mindfulness,24,2,bpm,1,0.9,96,7,22,2,0
mindfulness,24,2,bpm,1,1.0,81,6,21,2,0
mindfulness,24,2,bpm+steps,2,0.5,114,8,27,2,0
mindfulness,24,2,bpm+steps,2,0.75,94,7,22,2,0
mindfulness,24,2,bpm+steps,2,0.9,71,5,22,2,0
mindfulness,24,2,bpm+steps,2,1.0,35,2,14,0,0
mindfulness,24,2,bpm+steps+calories,3,0.5,118,8,27,2,0
mindfulness,24,2,bpm+steps+calories,3,0.75,100,7,25,2,0
mindfulness,24,2,bpm+steps+calories,3,0.9,78,6,22,2,0
mindfulness,24,2,bpm+steps+calories,3,1.0,35,2,14,0,0
mindfulness,24,2,5x_true_hourly,5,0.5,114,8,27,2,0
mindfulness,24,2,5x_true_hourly,5,0.75,93,7,22,2,0
mindfulness,24,2,5x_true_hourly,5,0.9,58,4,17,1,0
mindfulness,24,2,5x_true_hourly,5,1.0,22,1,10,0,0
mindfulness,24,2,5x_hourly+scl_avg,6,0.5,107,8,25,2,0
mindfulness,24,2,5x_hourly+scl_avg,6,0.75,67,5,17,1,0
mindfulness,24,2,5x_hourly+scl_avg,6,0.9,0,0,0,0,0
mindfulness,24,2,5x_hourly+scl_avg,6,1.0,0,0,0,0,0
mindfulness,24,4,bpm,1,0.5,113,14,27,2,0
mindfulness,24,4,bpm,1,0.75,101,13,23,2,0
mindfulness,24,4,bpm,1,0.9,96,12,22,2,0
mindfulness,24,4,bpm,1,1.0,81,10,21,2,0
mindfulness,24,4,bpm+steps,2,0.5,113,14,27,2,0
mindfulness,24,4,bpm+steps,2,0.75,90,13,22,2,0
mindfulness,24,4,bpm+steps,2,0.9,65,9,22,1,0
mindfulness,24,4,bpm+steps,2,1.0,34,3,14,0,0
mindfulness,24,4,bpm+steps+calories,3,0.5,118,14,27,2,0
mindfulness,24,4,bpm+steps+calories,3,0.75,102,13,25,2,0
mindfulness,24,4,bpm+steps+calories,3,0.9,81,12,22,2,0
mindfulness,24,4,bpm+steps+calories,3,1.0,34,3,14,0,0
mindfulness,24,4,5x_true_hourly,5,0.5,114,14,27,2,0
mindfulness,24,4,5x_true_hourly,5,0.75,89,13,22,2,0
mindfulness,24,4,5x_true_hourly,5,0.9,59,9,17,1,0
mindfulness,24,4,5x_true_hourly,5,1.0,20,1,10,0,0
mindfulness,24,4,5x_hourly+scl_avg,6,0.5,106,14,25,2,0
mindfulness,24,4,5x_hourly+scl_avg,6,0.75,60,10,17,1,0
mindfulness,24,4,5x_hourly+scl_avg,6,0.9,0,0,0,0,0
mindfulness,24,4,5x_hourly+scl_avg,6,1.0,0,0,0,0,0
mindfulness,24,8,bpm,1,0.5,113,21,27,2,0
mindfulness,24,8,bpm,1,0.75,102,19,23,2,0
mindfulness,24,8,bpm,1,0.9,95,17,21,2,0
mindfulness,24,8,bpm,1,1.0,80,14,20,2,0
mindfulness,24,8,bpm+steps,2,0.5,113,21,27,2,0
mindfulness,24,8,bpm+steps,2,0.75,92,18,22,2,0
mindfulness,24,8,bpm+steps,2,0.9,68,14,21,1,0
mindfulness,24,8,bpm+steps,2,1.0,32,6,14,0,0
mindfulness,24,8,bpm+steps+calories,3,0.5,118,22,27,2,0
mindfulness,24,8,bpm+steps+calories,3,0.75,106,20,24,2,0
mindfulness,24,8,bpm+steps+calories,3,0.9,78,17,22,2,0
mindfulness,24,8,bpm+steps+calories,3,1.0,32,6,14,0,0
mindfulness,24,8,5x_true_hourly,5,0.5,114,22,27,2,0
mindfulness,24,8,5x_true_hourly,5,0.75,99,19,22,2,0
mindfulness,24,8,5x_true_hourly,5,0.9,55,14,17,0,0
mindfulness,24,8,5x_true_hourly,5,1.0,19,4,9,0,0
mindfulness,24,8,5x_hourly+scl_avg,6,0.5,106,21,25,2,0
mindfulness,24,8,5x_hourly+scl_avg,6,0.75,56,15,17,1,0
mindfulness,24,8,5x_hourly+scl_avg,6,0.9,0,0,0,0,0
mindfulness,24,8,5x_hourly+scl_avg,6,1.0,0,0,0,0,0
mindfulness,24,24,bpm,1,0.5,113,62,27,2,0
mindfulness,24,24,bpm,1,0.75,102,59,22,2,0
mindfulness,24,24,bpm,1,0.9,92,54,22,1,0
mindfulness,24,24,bpm,1,1.0,58,29,19,1,0
mindfulness,24,24,bpm+steps,2,0.5,113,62,27,2,0
mindfulness,24,24,bpm+steps,2,0.75,101,58,22,2,0
mindfulness,24,24,bpm+steps,2,0.9,65,38,22,0,0
mindfulness,24,24,bpm+steps,2,1.0,20,11,9,0,0
mindfulness,24,24,bpm+steps+calories,3,0.5,117,63,27,2,0
mindfulness,24,24,bpm+steps+calories,3,0.75,107,61,24,2,0
mindfulness,24,24,bpm+steps+calories,3,0.9,91,52,22,1,0
mindfulness,24,24,bpm+steps+calories,3,1.0,20,11,9,0,0
mindfulness,24,24,5x_true_hourly,5,0.5,113,62,27,2,0
mindfulness,24,24,5x_true_hourly,5,0.75,101,59,22,2,0
mindfulness,24,24,5x_true_hourly,5,0.9,63,42,17,1,0
mindfulness,24,24,5x_true_hourly,5,1.0,10,7,5,0,0
mindfulness,24,24,5x_hourly+scl_avg,6,0.5,107,61,25,2,0
mindfulness,24,24,5x_hourly+scl_avg,6,0.75,64,43,17,1,0
mindfulness,24,24,5x_hourly+scl_avg,6,0.9,0,0,0,0,0
mindfulness,24,24,5x_hourly+scl_avg,6,1.0,0,0,0,0,0
